0,0,0,0,0,0,0,650105931,56
0,0,0,0,0,0,0,650106443,56
0,0,0,0,0,0,0,650106953,56
0,0,0,0,0,0,0,650107463,56
0,0,0,0,0,0,0,650107974,56
0,0,0,0,0,0,0,650108484,56
0,0,0,0,0,0,0,650108995,56
0,0,0,0,0,0,0,650109507,56
0,0,0,0,0,0,0,650110017,56
0,0,0,0,0,0,0,650110528,56
0,0,0,0,0,0,0,650111038,56
0,0,0,0,0,0,0,650111548,56
0,0,0,0,0,0,0,650112059,56
0,0,0,0,0,0,0,650112569,56
0,0,0,0,0,0,0,650113081,56
0,0,0,0,0,0,0,650113591,56
0,0,0,0,0,0,0,650114102,56
0,0,0,0,0,0,0,650114612,56
0,0,0,0,0,0,0,650115122,56
0,0,0,0,0,0,0,650115633,56
0,0,0,0,0,0,0,650116143,56
0,0,0,0,0,0,0,650116653,56
0,0,0,0,0,0,0,650117164,56
0,0,0,0,0,0,0,650117674,56
0,0,0,0,0,0,0,650118185,56
0,0,0,0,0,0,0,650118695,56
0,0,0,0,0,0,0,650119205,56
0,0,0,0,0,0,0,650119716,56
0,0,0,0,0,0,0,650120226,56
0,0,0,0,0,0,0,650120736,56
0,0,0,0,0,0,0,650121247,56
0,0,0,0,0,0,0,650121757,56
0,0,0,0,0,0,0,650122268,56
0,0,0,0,0,0,0,650122778,56
0,0,0,0,0,0,0,650123288,56
0,0,0,0,0,0,0,650123799,56
0,0,0,0,0,0,0,650124309,56
0,0,0,0,0,0,0,650124819,56
0,0,0,0,0,0,0,650125330,56
0,0,0,0,0,0,0,650125844,56
0,0,0,0,0,0,0,650126354,56
0,0,0,0,0,0,0,650126865,56
0,0,0,0,0,0,0,650127375,56
0,0,0,0,0,0,0,650127885,56
0,0,0,0,0,0,0,650128396,56
0,0,0,0,0,0,0,650128910,56
0,0,0,0,0,0,0,650129420,56
0,0,0,0,0,0,0,650129933,56
0,0,0,0,0,0,0,650130445,56
0,0,0,0,0,0,0,650130956,56
0,0,0,0,0,0,0,650131466,56
0,0,0,0,0,0,0,650131976,56
0,0,0,0,0,0,0,650132487,56
0,0,0,0,0,0,0,650132997,56
0,0,0,0,0,0,0,650133510,56
0,0,0,0,0,0,0,650134020,56
0,0,0,0,0,0,0,650134530,56
0,0,0,0,0,0,0,650135040,56
0,0,0,0,0,0,0,650135551,56
0,0,0,0,0,0,0,650136063,56
0,0,0,0,0,0,0,650136573,56
0,0,0,0,0,0,0,650137085,56
0,0,0,0,0,0,0,650137596,56
0,0,0,0,0,0,0,650138106,56
0,0,0,0,0,0,0,650138616,56
0,0,0,0,0,0,0,650139127,56
0,0,0,0,0,0,0,650139637,56
0,0,0,0,0,0,0,650140148,56
0,0,0,0,0,0,0,650140658,56
0,0,0,0,0,0,0,650141168,56
0,0,0,0,0,0,0,650141679,56
0,0,0,0,0,0,0,650142189,56
0,0,0,0,0,0,0,650142699,56
0,0,0,0,0,0,0,650143210,56
0,0,0,0,0,0,0,650143720,56
0,0,0,0,0,0,0,650144230,56
0,0,0,0,0,0,0,650144741,56
0,0,0,0,0,0,0,650145251,56
0,0,0,0,0,0,0,650145761,56
0,0,0,0,0,0,0,650146272,56
0,0,0,0,0,0,0,650146782,56
0,0,0,0,0,0,0,650147296,56
0,0,0,0,0,0,0,650147807,56
0,0,0,0,0,0,0,650148317,56
0,0,0,0,0,0,0,650148827,56
0,0,0,0,0,0,0,650149338,56
0,0,0,0,0,0,0,650149852,56
0,0,0,0,0,0,0,650150362,56
0,0,0,0,0,0,0,650150873,56
0,0,0,0,0,0,0,650151383,56
0,0,0,0,0,0,0,650151893,56
0,0,0,0,0,0,0,650152404,56
0,0,0,0,0,0,0,650152918,56
0,0,0,0,0,0,0,650153428,56
0,0,0,0,0,0,0,650153941,56
0,0,0,0,0,0,0,650154451,56
0,0,0,0,0,0,0,650154962,56
0,0,0,0,0,0,0,650155472,56
0,0,0,0,0,0,0,650155982,56
0,0,0,0,0,0,0,650156493,56
0,0,0,0,0,0,0,650157005,56
0,0,0,0,0,0,0,650157516,56
0,0,0,0,0,0,0,650158026,56
0,0,0,0,0,0,0,650158536,56
0,0,0,0,0,0,0,650159046,56
0,0,0,0,0,0,0,650159557,56
0,0,0,0,0,0,0,650160069,56
0,0,0,0,0,0,0,650160579,56
0,0,0,0,0,0,0,650161091,56
0,0,0,0,0,0,0,650161601,56
0,0,0,0,0,0,0,650162111,56
0,0,0,0,0,0,0,650162622,56
0,0,0,0,0,0,0,650163132,56
0,0,0,0,0,0,0,650163642,56
0,0,0,0,0,0,0,650164153,56
0,0,0,0,0,0,0,650164663,56
0,0,0,0,0,0,0,650165173,56
0,0,0,0,0,0,0,650165684,56
0,0,0,0,0,0,0,650166194,56
0,0,0,0,0,0,0,650166704,56
0,0,0,0,0,0,0,650167215,56
0,0,0,0,0,0,0,650167725,56
0,0,0,0,0,0,0,650168235,56
0,0,0,0,0,0,0,650168746,56
0,0,0,0,0,0,0,650169256,56
0,0,0,0,0,0,0,650169766,56
0,0,0,0,0,0,0,650170277,56
0,0,0,0,0,0,0,650170787,56
0,0,0,0,0,0,0,650171301,56
0,0,0,0,0,0,0,650171812,56
0,0,0,0,0,0,0,650172322,56
0,0,0,0,0,0,0,650172832,56
0,0,0,0,0,0,0,650173343,56
0,0,0,0,0,0,0,650173853,56
0,0,0,0,0,0,0,650174367,56
0,0,0,0,0,0,0,650174878,56
0,0,0,0,0,0,0,650175388,56
0,0,0,0,0,0,0,650175898,56
0,0,0,0,0,0,0,650176409,56
0,0,0,0,0,0,0,650176923,56
0,0,0,0,0,0,0,650177433,56
0,0,0,0,0,0,0,650177947,56
0,0,0,0,0,0,0,650178457,56
0,0,0,0,0,0,0,650178968,56
0,0,0,0,0,0,0,650179478,56
0,0,0,0,0,0,0,650179989,56
0,0,0,0,0,0,0,650180501,56
0,0,0,0,0,0,0,650181011,56
0,0,0,0,0,0,0,650181522,56
0,0,0,0,0,0,0,650182032,56
0,0,0,0,0,0,0,650182542,56
0,0,0,0,0,0,0,650183053,56
0,0,0,0,0,0,0,650183563,56
0,0,0,0,0,0,0,650184075,56
0,0,0,0,0,0,0,650184586,56
0,0,0,0,0,0,0,650185096,56
0,0,0,0,0,0,0,650185606,56
0,0,0,0,0,0,0,650186117,56
0,0,0,0,0,0,0,650186627,56
0,0,0,0,0,0,0,650187137,56
0,0,0,0,0,0,0,650187648,56
0,0,0,0,0,0,0,650188158,56
0,0,0,0,0,0,0,650188668,56
0,0,0,0,0,0,0,650189179,56
0,0,0,0,0,0,0,650189689,56
0,0,0,0,0,0,0,650190199,56
0,0,0,0,0,0,0,650190710,56
0,0,0,0,0,0,0,650191220,56
0,0,0,0,0,0,0,650191730,56
0,0,0,0,0,0,0,650192241,56
0,0,0,0,0,0,0,650192751,56
0,0,0,0,0,0,0,650193261,56
0,0,0,0,0,0,0,650193772,56
0,0,0,0,0,0,0,650194282,56
0,0,0,0,0,0,0,650194792,56
0,0,0,0,0,0,0,650195307,56
0,0,0,0,0,0,0,650195817,56
0,0,0,0,0,0,0,650196328,56
0,0,0,0,0,0,0,650196838,56
0,0,0,0,0,0,0,650197348,56
0,0,0,0,0,0,0,650197859,56
0,0,0,0,0,0,0,650198373,56
0,0,0,0,0,0,0,650198883,56
0,0,0,0,0,0,0,650199394,56
0,0,0,0,0,0,0,650199904,56
0,0,0,0,0,0,0,650200414,56
0,0,0,0,0,0,0,650200929,56
0,0,0,0,0,0,0,650201441,56
0,0,0,0,0,0,0,650201955,56
0,0,0,0,0,0,0,650202465,56
0,0,0,0,0,0,0,650202975,56
0,0,0,0,0,0,0,650203486,56
0,0,0,0,0,0,0,650203996,56
0,0,0,0,0,0,0,650204509,56
0,0,0,0,0,0,0,650205019,56
0,0,0,0,0,0,0,650205529,56
0,0,0,0,0,0,0,650206040,56
0,0,0,0,0,0,0,650206550,56
0,0,0,0,0,0,0,650207062,56
0,0,0,0,0,0,0,650207572,56
0,0,0,0,0,0,0,650208085,56
0,0,0,0,0,0,0,650208595,56
0,0,0,0,0,0,0,650209105,56
0,0,0,0,0,0,0,650209616,56
0,0,0,0,0,0,0,650210126,56
0,0,0,0,0,0,0,650210636,56
0,0,0,0,0,0,0,650211147,56
0,0,0,0,0,0,0,650211657,56
0,0,0,0,0,0,0,650212167,56
0,0,0,0,0,0,0,650212678,56
0,0,0,0,0,0,0,650213188,56
0,0,0,0,0,0,0,650213698,56
0,0,0,0,0,0,0,650214209,56
0,0,0,0,0,0,0,650214719,56
0,0,0,0,0,0,0,650215229,56
0,0,0,0,0,0,0,650215740,56
0,0,0,0,0,0,0,650216250,56
0,0,0,0,0,0,0,650216760,56
0,0,0,0,0,0,0,650217271,56
0,0,0,0,0,0,0,650217781,56
0,0,0,0,0,0,0,650218291,56
0,0,0,0,0,0,0,650218802,56
0,0,0,0,0,0,0,650219316,56
0,0,0,0,0,0,0,650219826,56
0,0,0,0,0,0,0,650220337,56
0,0,0,0,0,0,0,650220847,56
0,0,0,0,0,0,0,650221357,56
0,0,0,0,0,0,0,650221868,56
0,0,0,0,0,0,0,650222382,56
0,0,0,0,0,0,0,650222892,56
0,0,0,0,0,0,0,650223403,56
0,0,0,0,0,0,0,650223913,56
0,0,0,0,0,0,0,650224423,56
0,0,0,0,0,0,0,650224937,56
0,0,0,0,0,0,0,650225449,56
0,0,0,0,0,0,0,650225963,56
0,0,0,0,0,0,0,650226473,56
0,0,0,0,0,0,0,650226983,56
0,0,0,0,0,0,0,650227494,56
0,0,0,0,0,0,0,650228006,56
0,0,0,0,0,0,0,650228516,56
0,0,0,0,0,0,0,650229027,56
0,0,0,0,0,0,0,650229537,56
0,0,0,0,0,0,0,650230047,56
0,0,0,0,0,0,0,650230558,56
0,0,0,0,0,0,0,650231070,56
0,0,0,0,0,0,0,650231580,56
0,0,0,0,0,0,0,650232091,56
0,0,0,0,0,0,0,650232601,56
0,0,0,0,0,0,0,650233111,56
0,0,0,0,0,0,0,650233622,56
0,0,0,0,0,0,0,650234132,56
0,0,0,0,0,0,0,650234643,56
0,0,0,0,0,0,0,650235153,56
0,0,0,0,0,0,0,650235663,56
0,0,0,0,0,0,0,650236174,56
0,0,0,0,0,0,0,650236684,56
0,0,0,0,0,0,0,650237194,56
0,0,0,0,0,0,0,650237705,56
0,0,0,0,0,0,0,650238215,56
0,0,0,0,0,0,0,650238725,56
0,0,0,0,0,0,0,650239236,56
0,0,0,0,0,0,0,650239746,56
0,0,0,0,0,0,0,650240257,56
0,0,0,0,0,0,0,650240767,56
0,0,0,0,0,0,0,650241277,56
0,0,0,0,0,0,0,650241788,56
0,0,0,0,0,0,0,650242298,56
0,0,0,0,0,0,0,650242808,56
0,0,0,0,0,0,0,650243323,56
0,0,0,0,0,0,0,650243833,56
0,0,0,0,0,0,0,650244343,56
0,0,0,0,0,0,0,650244854,56
0,0,0,0,0,0,0,650245364,56
0,0,0,0,0,0,0,650245875,56
0,0,0,0,0,0,0,650246389,56
0,0,0,0,0,0,0,650246899,56
0,0,0,0,0,0,0,650247410,56
0,0,0,0,0,0,0,650247920,56
0,0,0,0,0,0,0,650248430,56
0,0,0,0,0,0,0,650248944,56
0,0,0,0,0,0,0,650249455,56
0,0,0,0,0,0,0,650249969,56
0,0,0,0,0,0,0,650250479,56
0,0,0,0,0,0,0,650250990,56
0,0,0,0,0,0,0,650251502,56
0,0,0,0,0,0,0,650252012,56
0,0,0,0,0,0,0,650252523,56
0,0,0,0,0,0,0,650253033,56
0,0,0,0,0,0,0,650253543,56
0,0,0,0,0,0,0,650254054,56
0,0,0,0,0,0,0,650254564,56
0,0,0,0,0,0,0,650255076,56
0,0,0,0,0,0,0,650255586,56
0,0,0,0,0,0,0,650256097,56
0,0,0,0,0,0,0,650256607,56
0,0,0,0,0,0,0,650257118,56
0,0,0,0,0,0,0,650257628,56
0,0,0,0,0,0,0,650258138,56
0,0,0,0,0,0,0,650258649,56
0,0,0,0,0,0,0,650259159,56
0,0,0,0,0,0,0,650259669,56
0,0,0,0,0,0,0,650260180,56
0,0,0,0,0,0,0,650260690,56
0,0,0,0,0,0,0,650261200,56
0,0,0,0,0,0,0,650261711,56
0,0,0,0,0,0,0,650262221,56
0,0,0,0,0,0,0,650262731,56
0,0,0,0,0,0,0,650263242,56
0,0,0,0,0,0,0,650263752,56
0,0,0,0,0,0,0,650264263,56
0,0,0,0,0,0,0,650264773,56
0,0,0,0,0,0,0,650265283,56
0,0,0,0,0,0,0,650265794,56
0,0,0,0,0,0,0,650266304,56
0,0,0,0,0,0,0,650266814,56
0,0,0,0,0,0,0,650267329,56
0,0,0,0,0,0,0,650267839,56
0,0,0,0,0,0,0,650268349,56
0,0,0,0,0,0,0,650268860,56
0,0,0,0,0,0,0,650269370,56
0,0,0,0,0,0,0,650269880,56
0,0,0,0,0,0,0,650270395,56
0,0,0,0,0,0,0,650270905,56
0,0,0,0,0,0,0,650271416,56
0,0,0,0,0,0,0,650271926,56
0,0,0,0,0,0,0,650272436,56
0,0,0,0,0,0,0,650272950,56
0,0,0,0,0,0,0,650273461,56
0,0,0,0,0,0,0,650273975,56
0,0,0,0,0,0,0,650274485,56
0,0,0,0,0,0,0,650274996,56
0,0,0,0,0,0,0,650275508,56
0,0,0,0,0,0,0,650276018,56
0,0,0,0,0,0,0,650276529,56
0,0,0,0,0,0,0,650277039,56
0,0,0,0,0,0,0,650277549,56
0,0,0,0,0,0,0,650278062,56
0,0,0,0,0,0,0,650278572,56
0,0,0,0,0,0,0,650279084,56
0,0,0,0,0,0,0,650279594,56
0,0,0,0,0,0,0,650280105,56
0,0,0,0,0,0,0,650280615,56
0,0,0,0,0,0,0,650281125,56
0,0,0,0,0,0,0,650281636,56
0,0,0,0,0,0,0,650282146,56
0,0,0,0,0,0,0,650282656,56
0,0,0,0,0,0,0,650283167,56
0,0,0,0,0,0,0,650283677,56
0,0,0,0,0,0,0,650284188,56
0,0,0,0,0,0,0,650284698,56
0,0,0,0,0,0,0,650285208,56
0,0,0,0,0,0,0,650285719,56
0,0,0,0,0,0,0,650286229,56
0,0,0,0,0,0,0,650286739,56
0,0,0,0,0,0,0,650287250,56
0,0,0,0,0,0,0,650287760,56
0,0,0,0,0,0,0,650288270,56
0,0,0,0,0,0,0,650288781,56
0,0,0,0,0,0,0,650289291,56
0,0,0,0,0,0,0,650289801,56
0,0,0,0,0,0,0,650290311,56
0,0,0,0,0,0,0,650290822,56
0,0,0,0,0,0,0,650291332,56
0,0,0,0,0,0,0,650291842,56
0,0,0,0,0,0,0,650292353,56
0,0,0,0,0,0,0,650292863,56
0,0,0,0,0,0,0,650293374,56
0,0,0,0,0,0,0,650293884,56
0,0,0,0,0,0,0,650294398,56
0,0,0,0,0,0,0,650294909,56
0,0,0,0,0,0,0,650295419,56
0,0,0,0,0,0,0,650295929,56
0,0,0,0,0,0,0,650296442,56
0,0,0,0,0,0,0,650296952,56
0,0,0,0,0,0,0,650297462,56
0,0,0,0,0,0,0,650297976,56
0,0,0,0,0,0,0,650298487,56
0,0,0,0,0,0,0,650298997,56
0,0,0,0,0,0,0,650299510,56
0,0,0,0,0,0,0,650300020,56
0,0,0,0,0,0,0,650300530,56
0,0,0,0,0,0,0,650301041,56
0,0,0,0,0,0,0,650301551,56
0,0,0,0,0,0,0,650302063,56
0,0,0,0,0,0,0,650302574,56
0,0,0,0,0,0,0,650303086,56
0,0,0,0,0,0,0,650303596,56
0,0,0,0,0,0,0,650304106,56
0,0,0,0,0,0,0,650304617,56
0,0,0,0,0,0,0,650305127,56
0,0,0,0,0,0,0,650305637,56
0,0,0,0,0,0,0,650599872,56
0,0,0,0,0,0,0,650600382,56
0,0,0,0,0,0,0,650600893,56
0,0,0,0,0,0,0,650601403,56
0,0,0,0,0,0,0,650601913,56
0,0,0,0,0,0,0,650602424,56
0,0,0,0,0,0,0,650602934,56
0,0,0,0,0,0,0,650603446,56
0,0,0,0,0,0,0,650603957,56
0,0,0,0,0,0,0,650604471,56
0,0,0,0,0,0,0,650604981,56
0,0,0,0,0,0,0,650605492,56
0,0,0,0,0,0,0,650606004,56
0,0,0,0,0,0,0,650606515,56
0,0,0,0,0,0,0,650607025,56
0,0,0,0,0,0,0,650607539,56
0,0,0,0,0,0,0,650608050,56
0,0,0,0,0,0,0,650608560,56
0,0,0,0,0,0,0,650609072,56
0,0,0,0,0,0,0,650609582,56
0,0,0,0,0,0,0,650610097,56
0,0,0,0,0,0,0,650610607,56
0,0,0,0,0,0,0,650611121,56
0,0,0,0,0,0,0,650611631,56
0,0,0,0,0,0,0,650612142,56
0,0,0,0,0,0,0,650612652,56
0,0,0,0,0,0,0,650613163,56
0,0,0,0,0,0,0,650613673,56
0,0,0,0,0,0,0,650614184,56
0,0,0,0,0,0,0,650614694,56
0,0,0,0,0,0,0,650615204,56
0,0,0,0,0,0,0,650615715,56
0,0,0,0,0,0,0,650616225,56
0,0,0,0,0,0,0,650616735,56
0,0,0,0,0,0,0,650617246,56
0,0,0,0,0,0,0,650617756,56
0,0,0,0,0,0,0,650618266,56
0,0,0,0,0,0,0,650618777,56
0,0,0,0,0,0,0,650619287,56
0,0,0,0,0,0,0,650619797,56
0,0,0,0,0,0,0,650620308,56
0,0,0,0,0,0,0,650620818,56
0,0,0,0,0,0,0,650621329,56
0,0,0,0,0,0,0,650621839,56
0,0,0,0,0,0,0,650622349,56
0,0,0,0,0,0,0,650622860,56
0,0,0,0,0,0,0,650623370,56
0,0,0,0,0,0,0,650623880,56
0,0,0,0,0,0,0,650624391,56
0,0,0,0,0,0,0,650624901,56
0,0,0,0,0,0,0,650625412,56
0,0,0,0,0,0,0,650625922,56
0,0,0,0,0,0,0,650626432,56
0,0,0,0,0,0,0,650626943,56
0,0,0,0,0,0,0,650627453,56
0,0,0,0,0,0,0,650627963,56
0,0,0,0,0,0,0,650628474,56
0,0,0,0,0,0,0,650628984,56
0,0,0,0,0,0,0,650629495,56
0,0,0,0,0,0,0,650630007,56
0,0,0,0,0,0,0,650630517,56
0,0,0,0,0,0,0,650631027,56
0,0,0,0,0,0,0,650631542,56
0,0,0,0,0,0,0,650632053,56
0,0,0,0,0,0,0,650632564,56
0,0,0,0,0,0,0,650633076,56
0,0,0,0,0,0,0,650633586,56
0,0,0,0,0,0,0,650634096,56
0,0,0,0,0,0,0,650634607,56
0,0,0,0,0,0,0,650635121,56
0,0,0,0,0,0,0,650635631,56
0,0,0,0,0,0,0,650636142,56
0,0,0,0,0,0,0,650636652,56
0,0,0,0,0,0,0,650637163,56
0,0,0,0,0,0,0,650637673,56
0,0,0,0,0,0,0,650638184,56
0,0,0,0,0,0,0,650638694,56
0,0,0,0,0,0,0,650639204,56
0,0,0,0,0,0,0,650639715,56
0,0,0,0,0,0,0,650640225,56
0,0,0,0,0,0,0,650640735,56
0,0,0,0,0,0,0,650641246,56
0,0,0,0,0,0,0,650641756,56
0,0,0,0,0,0,0,650642266,56
0,0,0,0,0,0,0,650642777,56
0,0,0,0,0,0,0,650643287,56
0,0,0,0,0,0,0,650643798,56
0,0,0,0,0,0,0,650644308,56
0,0,0,0,0,0,0,650644818,56
0,0,0,0,0,0,0,650645329,56
0,0,0,0,0,0,0,650645839,56
0,0,0,0,0,0,0,650646349,56
0,0,0,0,0,0,0,650646860,56
0,0,0,0,0,0,0,650647370,56
0,0,0,0,0,0,0,650647880,56
0,0,0,0,0,0,0,650648391,56
0,0,0,0,0,0,0,650648901,56
0,0,0,0,0,0,0,650649411,56
0,0,0,0,0,0,0,650649922,56
0,0,0,0,0,0,0,650650432,56
0,0,0,0,0,0,0,650650942,56
0,0,0,0,0,0,0,650651453,56
0,0,0,0,0,0,0,650651963,56
0,0,0,0,0,0,0,650652473,56
0,0,0,0,0,0,0,650652984,56
0,0,0,0,0,0,0,650653498,56
0,0,0,0,0,0,0,650654010,56
0,0,0,0,0,0,0,650654521,56
0,0,0,0,0,0,0,650655031,56
0,0,0,0,0,0,0,650655541,56
0,0,0,0,0,0,0,650656055,56
0,0,0,0,0,0,0,650656566,56
0,0,0,0,0,0,0,650657078,56
0,0,0,0,0,0,0,650657588,56
0,0,0,0,0,0,0,650658099,56
0,0,0,0,0,0,0,650658609,56
0,0,0,0,0,0,0,650659123,56
0,0,0,0,0,0,0,650659634,56
0,0,0,0,0,0,0,650660146,56
0,0,0,0,0,0,0,650660656,56
0,0,0,0,0,0,0,650661167,56
0,0,0,0,0,0,0,650661677,56
0,0,0,0,0,0,0,650662188,56
0,0,0,0,0,0,0,650662698,56
0,0,0,0,0,0,0,650663208,56
0,0,0,0,0,0,0,650663719,56
0,0,0,0,0,0,0,650664229,56
0,0,0,0,0,0,0,650911352,56
0,0,0,0,0,0,0,650911862,56
0,0,0,0,0,0,0,650912372,56
0,0,0,0,0,0,0,650912882,56
0,0,0,0,0,0,0,650913393,56
0,0,0,0,0,0,0,650913903,56
0,0,0,0,0,0,0,650914414,56
0,0,0,0,0,0,0,650914924,56
0,0,0,0,0,0,0,650915434,56
0,0,0,0,0,0,0,650915945,56
0,0,0,0,0,0,0,650916455,56
0,0,0,0,0,0,0,650916965,56
0,0,0,0,0,0,0,650917476,56
0,0,0,0,0,0,0,650917986,56
0,0,0,0,0,0,0,650918496,56
0,0,0,0,0,0,0,650919009,56
0,0,0,0,0,0,0,650919519,56
0,0,0,0,0,0,0,650920029,56
0,0,0,0,0,0,0,650920540,56
0,0,0,0,0,0,0,650921050,56
0,0,0,0,0,0,0,650921560,56
0,0,0,0,0,0,0,650922073,56
0,0,0,0,0,0,0,650922583,56
0,0,0,0,0,0,0,650923093,56
0,0,0,0,0,0,0,650923608,56
0,0,0,0,0,0,0,650924118,56
0,0,0,0,0,0,0,650924628,56
0,0,0,0,0,0,0,650925139,56
0,0,0,0,0,0,0,650925649,56
0,0,0,0,0,0,0,650926160,56
0,0,0,0,0,0,0,650926674,56
0,0,0,0,0,0,0,650927185,56
0,0,0,0,0,0,0,650927695,56
0,0,0,0,0,0,0,650928205,56
0,0,0,0,0,0,0,650928715,56
0,0,0,0,0,0,0,650929230,56
0,0,0,0,0,0,0,650929740,56
0,0,0,0,0,0,0,650930254,56
0,0,0,0,0,0,0,650930764,56
0,0,0,0,0,0,0,650931275,56
0,0,0,0,0,0,0,650931785,56
0,0,0,0,0,0,0,650932295,56
0,0,0,0,0,0,0,650932806,56
0,0,0,0,0,0,0,650933316,56
0,0,0,0,0,0,0,650933826,56
0,0,0,0,0,0,0,650934337,56
0,0,0,0,0,0,0,650934847,56
0,0,0,0,0,0,0,650935358,56
0,0,0,0,0,0,0,650935868,56
0,0,0,0,0,0,0,650936378,56
0,0,0,0,0,0,0,650936889,56
0,0,0,0,0,0,0,650937399,56
0,0,0,0,0,0,0,650937909,56
0,0,0,0,0,0,0,650938420,56
0,0,0,0,0,0,0,650938930,56
0,0,0,0,0,0,0,650939442,56
0,0,0,0,0,0,0,650939953,56
0,0,0,0,0,0,0,650940463,56
0,0,0,0,0,0,0,650940973,56
0,0,0,0,0,0,0,650941484,56
0,0,0,0,0,0,0,650941994,56
0,0,0,0,0,0,0,650942507,56
0,0,0,0,0,0,0,650943017,56
0,0,0,0,0,0,0,650943527,56
0,0,0,0,0,0,0,650944037,56
0,0,0,0,0,0,0,650944548,56
0,0,0,0,0,0,0,650945058,56
0,0,0,0,0,0,0,650945568,56
0,0,0,0,0,0,0,650946080,56
0,0,0,0,0,0,0,650946591,56
0,0,0,0,0,0,0,650947101,56
0,0,0,0,0,0,0,650947616,56
0,0,0,0,0,0,0,650948126,56
0,0,0,0,0,0,0,650948636,56
0,0,0,0,0,0,0,650949147,56
0,0,0,0,0,0,0,650949657,56
0,0,0,0,0,0,0,650950167,56
0,0,0,0,0,0,0,650950682,56
0,0,0,0,0,0,0,650951192,56
0,0,0,0,0,0,0,650951702,56
0,0,0,0,0,0,0,650952212,56
0,0,0,0,0,0,0,650952723,56
0,0,0,0,0,0,0,650953237,56
0,0,0,0,0,0,0,650953747,56
0,0,0,0,0,0,0,650954261,56
0,0,0,0,0,0,0,650954772,56
0,0,0,0,0,0,0,650955282,56
0,0,0,0,0,0,0,650955792,56
0,0,0,0,0,0,0,650956303,56
0,0,0,0,0,0,0,650956813,56
0,0,0,0,0,0,0,650957324,56
0,0,0,0,0,0,0,650957834,56
0,0,0,0,0,0,0,650958344,56
0,0,0,0,0,0,0,650958855,56
0,0,0,0,0,0,0,650959365,56
0,0,0,0,0,0,0,650959875,56
0,0,0,0,0,0,0,650960386,56
0,0,0,0,0,0,0,650960896,56
0,0,0,0,0,0,0,650961406,56
0,0,0,0,0,0,0,650961917,56
0,0,0,0,0,0,0,650962427,56
0,0,0,0,0,0,0,650962937,56
0,0,0,0,0,0,0,650963449,56
0,0,0,0,0,0,0,650963959,56
0,0,0,0,0,0,0,650964469,56
0,0,0,0,0,0,0,650964980,56
0,0,0,0,0,0,0,650965490,56
0,0,0,0,0,0,0,650966002,56
0,0,0,0,0,0,0,650966513,56
0,0,0,0,0,0,0,650967023,56
0,0,0,0,0,0,0,650967533,56
0,0,0,0,0,0,0,650968044,56
0,0,0,0,0,0,0,650968554,56
0,0,0,0,0,0,0,650969066,56
0,0,0,0,0,0,0,650969576,56
0,0,0,0,0,0,0,650970088,56
0,0,0,0,0,0,0,650970599,56
0,0,0,0,0,0,0,650971109,56
0,0,0,0,0,0,0,650971623,56
0,0,0,0,0,0,0,650972134,56
0,0,0,0,0,0,0,650972644,56
0,0,0,0,0,0,0,650973154,56
0,0,0,0,0,0,0,650973665,56
0,0,0,0,0,0,0,650974175,56
0,0,0,0,0,0,0,650974689,56
0,0,0,0,0,0,0,650975200,56
0,0,0,0,0,0,0,650975710,56
0,0,0,0,0,0,0,651265916,56
0,0,0,0,0,0,0,651266427,56
0,0,0,0,0,0,0,651266937,56
0,0,0,0,0,0,0,651267449,56
0,0,0,0,0,0,0,651267959,56
0,0,0,0,0,0,0,651268469,56
0,0,0,0,0,0,0,651268980,56
0,0,0,0,0,0,0,651269490,56
0,0,0,0,0,0,0,651270002,56
0,0,0,0,0,0,0,651270513,56
0,0,0,0,0,0,0,651271023,56
0,0,0,0,0,0,0,651271533,56
0,0,0,0,0,0,0,651272044,56
0,0,0,0,0,0,0,651272554,56
0,0,0,0,0,0,0,651273066,56
0,0,0,0,0,0,0,651273577,56
0,0,0,0,0,0,0,651274088,56
0,0,0,0,0,0,0,651274599,56
0,0,0,0,0,0,0,651275109,56
0,0,0,0,0,0,0,651275620,56
0,0,0,0,0,0,0,651276130,56
0,0,0,0,0,0,0,651276640,56
0,0,0,0,0,0,0,651277151,56
0,0,0,0,0,0,0,651277661,56
0,0,0,0,0,0,0,651278172,56
0,0,0,0,0,0,0,651278682,56
0,0,0,0,0,0,0,651279192,56
0,0,0,0,0,0,0,651279703,56
0,0,0,0,0,0,0,651280213,56
0,0,0,0,0,0,0,651280723,56
0,0,0,0,0,0,0,651281234,56
0,0,0,0,0,0,0,651281744,56
0,0,0,0,0,0,0,651282254,56
0,0,0,0,0,0,0,651282765,56
0,0,0,0,0,0,0,651283275,56
0,0,0,0,0,0,0,651283785,56
0,0,0,0,0,0,0,651284296,56
0,0,0,0,0,0,0,651284806,56
0,0,0,0,0,0,0,651285321,56
0,0,0,0,0,0,0,651285831,56
0,0,0,0,0,0,0,651286341,56
0,0,0,0,0,0,0,651286852,56
0,0,0,0,0,0,0,651287362,56
0,0,0,0,0,0,0,651287872,56
0,0,0,0,0,0,0,651288387,56
0,0,0,0,0,0,0,651288897,56
0,0,0,0,0,0,0,651289407,56
0,0,0,0,0,0,0,651289918,56
0,0,0,0,0,0,0,651290428,56
0,0,0,0,0,0,0,651290938,56
0,0,0,0,0,0,0,651291449,56
0,0,0,0,0,0,0,651291959,56
0,0,0,0,0,0,0,651292470,56
0,0,0,0,0,0,0,651292980,56
0,0,0,0,0,0,0,651293490,56
0,0,0,0,0,0,0,651294003,56
0,0,0,0,0,0,0,651294513,56
0,0,0,0,0,0,0,651295023,56
0,0,0,0,0,0,0,651295534,56
0,0,0,0,0,0,0,651296044,56
0,0,0,0,0,0,0,651296554,56
0,0,0,0,0,0,0,651297066,56
0,0,0,0,0,0,0,651297577,56
0,0,0,0,0,0,0,651298089,56
0,0,0,0,0,0,0,651298599,56
0,0,0,0,0,0,0,651299109,56
0,0,0,0,0,0,0,651299620,56
0,0,0,0,0,0,0,651300130,56
0,0,0,0,0,0,0,651300640,56
0,0,0,0,0,0,0,651301151,56
0,0,0,0,0,0,0,651301661,56
0,0,0,0,0,0,0,651302171,56
0,0,0,0,0,0,0,651302682,56
0,0,0,0,0,0,0,651303192,56
0,0,0,0,0,0,0,651303702,56
0,0,0,0,0,0,0,651304213,56
0,0,0,0,0,0,0,651304723,56
0,0,0,0,0,0,0,651305233,56
0,0,0,0,0,0,0,651305744,56
0,0,0,0,0,0,0,651306254,56
0,0,0,0,0,0,0,651306768,56
0,0,0,0,0,0,0,651307279,56
0,0,0,0,0,0,0,651307789,56
0,0,0,0,0,0,0,651308299,56
0,0,0,0,0,0,0,651308810,56
0,0,0,0,0,0,0,651309324,56
0,0,0,0,0,0,0,651309835,56
0,0,0,0,0,0,0,651310345,56
0,0,0,0,0,0,0,651310855,56
0,0,0,0,0,0,0,651311366,56
0,0,0,0,0,0,0,651311876,56
0,0,0,0,0,0,0,651312390,56
0,0,0,0,0,0,0,651312901,56
0,0,0,0,0,0,0,651313414,56
0,0,0,0,0,0,0,651313924,56
0,0,0,0,0,0,0,651314435,56
0,0,0,0,0,0,0,651314945,56
0,0,0,0,0,0,0,651315456,56
0,0,0,0,0,0,0,651315966,56
0,0,0,0,0,0,0,651316476,56
0,0,0,0,0,0,0,651316987,56
0,0,0,0,0,0,0,651317499,56
0,0,0,0,0,0,0,651318011,56
0,0,0,0,0,0,0,651318521,56
0,0,0,0,0,0,0,651319032,56
0,0,0,0,0,0,0,651319542,56
0,0,0,0,0,0,0,651320052,56
0,0,0,0,0,0,0,651320563,56
0,0,0,0,0,0,0,651321075,56
0,0,0,0,0,0,0,651321585,56
0,0,0,0,0,0,0,651322096,56
0,0,0,0,0,0,0,651322606,56
0,0,0,0,0,0,0,651323116,56
0,0,0,0,0,0,0,651323627,56
0,0,0,0,0,0,0,651324137,56
0,0,0,0,0,0,0,651324647,56
0,0,0,0,0,0,0,651325158,56
0,0,0,0,0,0,0,651325668,56
0,0,0,0,0,0,0,651326178,56
0,0,0,0,0,0,0,651326689,56
0,0,0,0,0,0,0,651327199,56
0,0,0,0,0,0,0,651327709,56
0,0,0,0,0,0,0,651328220,56
0,0,0,0,0,0,0,651328730,56
0,0,0,0,0,0,0,651329240,56
0,0,0,0,0,0,0,651329751,56
0,0,0,0,0,0,0,651330261,56
0,0,0,0,0,0,0,651330775,56
0,0,0,0,0,0,0,651331286,56
0,0,0,0,0,0,0,651331796,56
0,0,0,0,0,0,0,651332306,56
0,0,0,0,0,0,0,651332817,56
0,0,0,0,0,0,0,651333327,56
0,0,0,0,0,0,0,651333841,56
0,0,0,0,0,0,0,651334352,56
0,0,0,0,0,0,0,651334862,56
0,0,0,0,0,0,0,651335372,56
0,0,0,0,0,0,0,651568294,56
0,0,0,0,0,0,0,651568805,56
0,0,0,0,0,0,0,651569315,56
0,0,0,0,0,0,0,651569825,56
0,0,0,0,0,0,0,651570336,56
0,0,0,0,0,0,0,651570846,56
0,0,0,0,0,0,0,651571356,56
0,0,0,0,0,0,0,651571867,56
0,0,0,0,0,0,0,651572377,56
0,0,0,0,0,0,0,651572887,56
0,0,0,0,0,0,0,651573398,56
0,0,0,0,0,0,0,651573908,56
0,0,0,0,0,0,0,651574418,56
0,0,0,0,0,0,0,651574929,56
0,0,0,0,0,0,0,651575445,56
0,0,0,0,0,0,0,651575956,56
0,0,0,0,0,0,0,651576466,56
0,0,0,0,0,0,0,651576976,56
0,0,0,0,0,0,0,651577487,56
0,0,0,0,0,0,0,651577997,56
0,0,0,0,0,0,0,651578513,56
0,0,0,0,0,0,0,651579024,56
0,0,0,0,0,0,0,651579534,56
0,0,0,0,0,0,0,651580044,56
0,0,0,0,0,0,0,651580555,56
0,0,0,0,0,0,0,651581067,56
0,0,0,0,0,0,0,651581577,56
0,0,0,0,0,0,0,651582089,56
0,0,0,0,0,0,0,651582599,56
0,0,0,0,0,0,0,651583110,56
0,0,0,0,0,0,0,651583620,56
0,0,0,0,0,0,0,651584130,56
0,0,0,0,0,0,0,651584641,56
0,0,0,0,0,0,0,651585151,56
0,0,0,0,0,0,0,651585661,56
0,0,0,0,0,0,0,651586172,56
0,0,0,0,0,0,0,651586682,56
0,0,0,0,0,0,0,651587193,56
0,0,0,0,0,0,0,651587703,56
0,0,0,0,0,0,0,651588213,56
0,0,0,0,0,0,0,651588724,56
0,0,0,0,0,0,0,651589234,56
0,0,0,0,0,0,0,651589745,56
0,0,0,0,0,0,0,651590255,56
0,0,0,0,0,0,0,651590765,56
0,0,0,0,0,0,0,651591275,56
0,0,0,0,0,0,0,651591786,56
0,0,0,0,0,0,0,651592296,56
0,0,0,0,0,0,0,651592806,56
0,0,0,0,0,0,0,651593317,56
0,0,0,0,0,0,0,651593827,56
0,0,0,0,0,0,0,651594338,56
0,0,0,0,0,0,0,651594848,56
0,0,0,0,0,0,0,651595358,56
0,0,0,0,0,0,0,651595869,56
0,0,0,0,0,0,0,651596379,56
0,0,0,0,0,0,0,651596893,56
0,0,0,0,0,0,0,651597404,56
0,0,0,0,0,0,0,651597914,56
0,0,0,0,0,0,0,651598424,56
0,0,0,0,0,0,0,651598935,56
0,0,0,0,0,0,0,651599447,56
0,0,0,0,0,0,0,651599961,56
0,0,0,0,0,0,0,651600472,56
0,0,0,0,0,0,0,651600982,56
0,0,0,0,0,0,0,651601492,56
0,0,0,0,0,0,0,651602005,56
0,0,0,0,0,0,0,651602519,56
0,0,0,0,0,0,0,651603029,56
0,0,0,0,0,0,0,651603543,56
0,0,0,0,0,0,0,651604053,56
0,0,0,0,0,0,0,651604563,56
0,0,0,0,0,0,0,651605076,56
0,0,0,0,0,0,0,651605586,56
0,0,0,0,0,0,0,651606096,56
0,0,0,0,0,0,0,651606607,56
0,0,0,0,0,0,0,651607117,56
0,0,0,0,0,0,0,651607627,56
0,0,0,0,0,0,0,651608138,56
0,0,0,0,0,0,0,651608648,56
0,0,0,0,0,0,0,651609158,56
0,0,0,0,0,0,0,651609669,56
0,0,0,0,0,0,0,651610179,56
0,0,0,0,0,0,0,651610690,56
0,0,0,0,0,0,0,651611200,56
0,0,0,0,0,0,0,651611710,56
0,0,0,0,0,0,0,651612220,56
0,0,0,0,0,0,0,651612731,56
0,0,0,0,0,0,0,651613241,56
0,0,0,0,0,0,0,651613751,56
0,0,0,0,0,0,0,651614262,56
0,0,0,0,0,0,0,651614772,56
0,0,0,0,0,0,0,651615283,56
0,0,0,0,0,0,0,651615793,56
0,0,0,0,0,0,0,651616303,56
0,0,0,0,0,0,0,651616814,56
0,0,0,0,0,0,0,651617324,56
0,0,0,0,0,0,0,651617834,56
0,0,0,0,0,0,0,651618345,56
0,0,0,0,0,0,0,651618855,56
0,0,0,0,0,0,0,651619366,56
0,0,0,0,0,0,0,651619876,56
0,0,0,0,0,0,0,651620386,56
0,0,0,0,0,0,0,651620901,56
0,0,0,0,0,0,0,651621411,56
0,0,0,0,0,0,0,651621921,56
0,0,0,0,0,0,0,651622432,56
0,0,0,0,0,0,0,651622942,56
0,0,0,0,0,0,0,651623452,56
0,0,0,0,0,0,0,651623967,56
0,0,0,0,0,0,0,651624477,56
0,0,0,0,0,0,0,651624988,56
0,0,0,0,0,0,0,651625500,56
0,0,0,0,0,0,0,651626011,56
0,0,0,0,0,0,0,651626525,56
0,0,0,0,0,0,0,651627035,56
0,0,0,0,0,0,0,651627549,56
0,0,0,0,0,0,0,651628061,56
0,0,0,0,0,0,0,651628572,56
0,0,0,0,0,0,0,651629084,56
0,0,0,0,0,0,0,651629594,56
0,0,0,0,0,0,0,651630105,56
0,0,0,0,0,0,0,651630615,56
0,0,0,0,0,0,0,651631125,56
0,0,0,0,0,0,0,651631636,56
0,0,0,0,0,0,0,651632146,56
0,0,0,0,0,0,0,651632656,56
0,0,0,0,0,0,0,651633167,56
0,0,0,0,0,0,0,651633677,56
0,0,0,0,0,0,0,651634188,56
0,0,0,0,0,0,0,651634698,56
0,0,0,0,0,0,0,651635208,56
0,0,0,0,0,0,0,651635719,56
0,0,0,0,0,0,0,651636229,56
0,0,0,0,0,0,0,651636739,56
0,0,0,0,0,0,0,651875746,56
0,0,0,0,0,0,0,651876257,56
0,0,0,0,0,0,0,651876767,56
0,0,0,0,0,0,0,651877277,56
0,0,0,0,0,0,0,651877788,56
0,0,0,0,0,0,0,651878298,56
0,0,0,0,0,0,0,651878808,56
0,0,0,0,0,0,0,651879319,56
0,0,0,0,0,0,0,651879829,56
0,0,0,0,0,0,0,651880339,56
0,0,0,0,0,0,0,651880850,56
0,0,0,0,0,0,0,651881360,56
0,0,0,0,0,0,0,651881871,56
0,0,0,0,0,0,0,651882381,56
0,0,0,0,0,0,0,651882891,56
0,0,0,0,0,0,0,651883402,56
0,0,0,0,0,0,0,651883912,56
0,0,0,0,0,0,0,651884423,56
0,0,0,0,0,0,0,651884933,56
0,0,0,0,0,0,0,651885445,56
0,0,0,0,0,0,0,651885955,56
0,0,0,0,0,0,0,651886466,56
0,0,0,0,0,0,0,651886976,56
0,0,0,0,0,0,0,651887487,56
0,0,0,0,0,0,0,651887997,56
0,0,0,0,0,0,0,651888509,56
0,0,0,0,0,0,0,651889019,56
0,0,0,0,0,0,0,651889530,56
0,0,0,0,0,0,0,651890040,56
0,0,0,0,0,0,0,651890551,56
0,0,0,0,0,0,0,651891063,56
0,0,0,0,0,0,0,651891577,56
0,0,0,0,0,0,0,651892089,56
0,0,0,0,0,0,0,651892599,56
0,0,0,0,0,0,0,651893110,56
0,0,0,0,0,0,0,651893620,56
0,0,0,0,0,0,0,651894131,56
0,0,0,0,0,0,0,651894645,56
0,0,0,0,0,0,0,651895155,56
0,0,0,0,0,0,0,651895665,56
0,0,0,0,0,0,0,651896176,56
0,0,0,0,0,0,0,651896686,56
0,0,0,0,0,0,0,651897197,56
0,0,0,0,0,0,0,651897707,56
0,0,0,0,0,0,0,651898217,56
0,0,0,0,0,0,0,651898728,56
0,0,0,0,0,0,0,651899238,56
0,0,0,0,0,0,0,651899748,56
0,0,0,0,0,0,0,651900259,56
0,0,0,0,0,0,0,651900769,56
0,0,0,0,0,0,0,651901279,56
0,0,0,0,0,0,0,651901790,56
0,0,0,0,0,0,0,651902300,56
0,0,0,0,0,0,0,651902810,56
0,0,0,0,0,0,0,651903321,56
0,0,0,0,0,0,0,651903831,56
0,0,0,0,0,0,0,651904341,56
0,0,0,0,0,0,0,651904852,56
0,0,0,0,0,0,0,651905362,56
0,0,0,0,0,0,0,651905873,56
0,0,0,0,0,0,0,651906383,56
0,0,0,0,0,0,0,651906893,56
0,0,0,0,0,0,0,651907404,56
0,0,0,0,0,0,0,651907914,56
0,0,0,0,0,0,0,651908424,56
0,0,0,0,0,0,0,651908935,56
0,0,0,0,0,0,0,651909447,56
0,0,0,0,0,0,0,651909957,56
0,0,0,0,0,0,0,651910468,56
0,0,0,0,0,0,0,651910978,56
0,0,0,0,0,0,0,651911488,56
0,0,0,0,0,0,0,651911999,56
0,0,0,0,0,0,0,651912511,56
0,0,0,0,0,0,0,651913025,56
0,0,0,0,0,0,0,651913536,56
0,0,0,0,0,0,0,651914046,56
0,0,0,0,0,0,0,651914556,56
0,0,0,0,0,0,0,651915069,56
0,0,0,0,0,0,0,651915583,56
0,0,0,0,0,0,0,651916093,56
0,0,0,0,0,0,0,651916604,56
0,0,0,0,0,0,0,651917114,56
0,0,0,0,0,0,0,651917624,56
0,0,0,0,0,0,0,651918135,56
0,0,0,0,0,0,0,651918649,56
0,0,0,0,0,0,0,651919159,56
0,0,0,0,0,0,0,651919670,56
0,0,0,0,0,0,0,651920180,56
0,0,0,0,0,0,0,651920690,56
0,0,0,0,0,0,0,651921201,56
0,0,0,0,0,0,0,651921711,56
0,0,0,0,0,0,0,651922221,56
0,0,0,0,0,0,0,651922732,56
0,0,0,0,0,0,0,651923242,56
0,0,0,0,0,0,0,651923752,56
0,0,0,0,0,0,0,651924263,56
0,0,0,0,0,0,0,651924773,56
0,0,0,0,0,0,0,651925283,56
0,0,0,0,0,0,0,651925794,56
0,0,0,0,0,0,0,651926304,56
0,0,0,0,0,0,0,651926815,56
0,0,0,0,0,0,0,651927325,56
0,0,0,0,0,0,0,651927835,56
0,0,0,0,0,0,0,651928346,56
0,0,0,0,0,0,0,651928856,56
0,0,0,0,0,0,0,651929366,56
0,0,0,0,0,0,0,651929877,56
0,0,0,0,0,0,0,651930387,56
0,0,0,0,0,0,0,651930897,56
0,0,0,0,0,0,0,651931408,56
0,0,0,0,0,0,0,651931918,56
0,0,0,0,0,0,0,651932428,56
0,0,0,0,0,0,0,651932939,56
0,0,0,0,0,0,0,651933449,56
0,0,0,0,0,0,0,651933959,56
0,0,0,0,0,0,0,651934470,56
0,0,0,0,0,0,0,651934980,56
0,0,0,0,0,0,0,651935490,56
0,0,0,0,0,0,0,651936003,56
0,0,0,0,0,0,0,651936513,56
0,0,0,0,0,0,0,651937027,56
0,0,0,0,0,0,0,651937538,56
0,0,0,0,0,0,0,651938048,56
0,0,0,0,0,0,0,651938558,56
0,0,0,0,0,0,0,651939071,56
0,0,0,0,0,0,0,651939581,56
0,0,0,0,0,0,0,651940095,56
0,0,0,0,0,0,0,651940606,56
0,0,0,0,0,0,0,651941116,56
0,0,0,0,0,0,0,651941626,56
0,0,0,0,0,0,0,651942137,56
0,0,0,0,0,0,0,651942651,56
0,0,0,0,0,0,0,651943161,56
0,0,0,0,0,0,0,651943675,56
0,0,0,0,0,0,0,651944186,56
0,0,0,0,0,0,0,651944696,56
0,0,0,0,0,0,0,652177623,56
0,0,0,0,0,0,0,652178134,56
0,0,0,0,0,0,0,652178644,56
0,0,0,0,0,0,0,652179154,56
0,0,0,0,0,0,0,652179665,56
0,0,0,0,0,0,0,652180175,56
0,0,0,0,0,0,0,652180689,56
0,0,0,0,0,0,0,652181200,56
0,0,0,0,0,0,0,652181710,56
0,0,0,0,0,0,0,652182220,56
0,0,0,0,0,0,0,652182731,56
0,0,0,0,0,0,0,652183241,56
0,0,0,0,0,0,0,652183755,56
0,0,0,0,0,0,0,652184265,56
0,0,0,0,0,0,0,652184776,56
0,0,0,0,0,0,0,652185286,56
0,0,0,0,0,0,0,652185796,56
0,0,0,0,0,0,0,652186307,56
0,0,0,0,0,0,0,652186817,56
0,0,0,0,0,0,0,652187328,56
0,0,0,0,0,0,0,652187838,56
0,0,0,0,0,0,0,652188348,56
0,0,0,0,0,0,0,652188859,56
0,0,0,0,0,0,0,652189369,56
0,0,0,0,0,0,0,652189880,56
0,0,0,0,0,0,0,652190390,56
0,0,0,0,0,0,0,652190900,56
0,0,0,0,0,0,0,652191411,56
0,0,0,0,0,0,0,652191921,56
0,0,0,0,0,0,0,652192431,56
0,0,0,0,0,0,0,652192941,56
0,0,0,0,0,0,0,652193452,56
0,0,0,0,0,0,0,652193962,56
0,0,0,0,0,0,0,652194473,56
0,0,0,0,0,0,0,652194983,56
0,0,0,0,0,0,0,652195493,56
0,0,0,0,0,0,0,652196006,56
0,0,0,0,0,0,0,652196516,56
0,0,0,0,0,0,0,652197026,56
0,0,0,0,0,0,0,652197536,56
0,0,0,0,0,0,0,652198047,56
0,0,0,0,0,0,0,652198557,56
0,0,0,0,0,0,0,652199069,56
0,0,0,0,0,0,0,652199580,56
0,0,0,0,0,0,0,652200091,56
0,0,0,0,0,0,0,652200601,56
0,0,0,0,0,0,0,652201111,56
0,0,0,0,0,0,0,652201622,56
0,0,0,0,0,0,0,652202136,56
0,0,0,0,0,0,0,652202646,56
0,0,0,0,0,0,0,652203157,56
0,0,0,0,0,0,0,652203667,56
0,0,0,0,0,0,0,652204177,56
0,0,0,0,0,0,0,652204688,56
0,0,0,0,0,0,0,652205202,56
0,0,0,0,0,0,0,652205712,56
0,0,0,0,0,0,0,652206223,56
0,0,0,0,0,0,0,652206733,56
0,0,0,0,0,0,0,652207243,56
0,0,0,0,0,0,0,652207758,56
0,0,0,0,0,0,0,652208268,56
0,0,0,0,0,0,0,652208782,56
0,0,0,0,0,0,0,652209292,56
0,0,0,0,0,0,0,652209803,56
0,0,0,0,0,0,0,652210313,56
0,0,0,0,0,0,0,652210823,56
0,0,0,0,0,0,0,652211334,56
0,0,0,0,0,0,0,652211844,56
0,0,0,0,0,0,0,652212354,56
0,0,0,0,0,0,0,652212865,56
0,0,0,0,0,0,0,652213375,56
0,0,0,0,0,0,0,652213886,56
0,0,0,0,0,0,0,652214396,56
0,0,0,0,0,0,0,652214906,56
0,0,0,0,0,0,0,652215417,56
0,0,0,0,0,0,0,652215927,56
0,0,0,0,0,0,0,652216437,56
0,0,0,0,0,0,0,652216948,56
0,0,0,0,0,0,0,652217458,56
0,0,0,0,0,0,0,652217968,56
0,0,0,0,0,0,0,652218479,56
0,0,0,0,0,0,0,652218989,56
0,0,0,0,0,0,0,652219501,56
0,0,0,0,0,0,0,652220012,56
0,0,0,0,0,0,0,652220522,56
0,0,0,0,0,0,0,652221032,56
0,0,0,0,0,0,0,652221543,56
0,0,0,0,0,0,0,652222053,56
0,0,0,0,0,0,0,652222563,56
0,0,0,0,0,0,0,652223075,56
0,0,0,0,0,0,0,652223586,56
0,0,0,0,0,0,0,652224096,56
0,0,0,0,0,0,0,652224607,56
0,0,0,0,0,0,0,652225117,56
0,0,0,0,0,0,0,652225627,56
0,0,0,0,0,0,0,652226141,56
0,0,0,0,0,0,0,652226652,56
0,0,0,0,0,0,0,652227162,56
0,0,0,0,0,0,0,652227672,56
0,0,0,0,0,0,0,652228183,56
0,0,0,0,0,0,0,652228693,56
0,0,0,0,0,0,0,652229208,56
0,0,0,0,0,0,0,652229718,56
0,0,0,0,0,0,0,652230228,56
0,0,0,0,0,0,0,652230739,56
0,0,0,0,0,0,0,652231249,56
0,0,0,0,0,0,0,652231759,56
0,0,0,0,0,0,0,652232270,56
0,0,0,0,0,0,0,652232784,56
0,0,0,0,0,0,0,652233294,56
0,0,0,0,0,0,0,652233805,56
0,0,0,0,0,0,0,652234315,56
0,0,0,0,0,0,0,652234825,56
0,0,0,0,0,0,0,652235336,56
0,0,0,0,0,0,0,652235846,56
0,0,0,0,0,0,0,652236357,56
0,0,0,0,0,0,0,652236867,56
0,0,0,0,0,0,0,652237377,56
0,0,0,0,0,0,0,652237888,56
0,0,0,0,0,0,0,652238398,56
0,0,0,0,0,0,0,652238908,56
0,0,0,0,0,0,0,652239419,56
0,0,0,0,0,0,0,652239929,56
0,0,0,0,0,0,0,652240441,56
0,0,0,0,0,0,0,652240951,56
0,0,0,0,0,0,0,652241462,56
0,0,0,0,0,0,0,652241972,56
0,0,0,0,0,0,0,652242483,56
0,0,0,0,0,0,0,652242993,56
0,0,0,0,0,0,0,652243505,56
0,0,0,0,0,0,0,652244015,56
0,0,0,0,0,0,0,652244526,56
0,0,0,0,0,0,0,652245036,56
0,0,0,0,0,0,0,652245547,56
0,0,0,0,0,0,0,652475434,56
0,0,0,0,0,0,0,652475945,56
0,0,0,0,0,0,0,652476455,56
0,0,0,0,0,0,0,652476965,56
0,0,0,0,0,0,0,652477476,56
0,0,0,0,0,0,0,652477986,56
0,0,0,0,0,0,0,652478497,56
0,0,0,0,0,0,0,652479009,56
0,0,0,0,0,0,0,652479519,56
0,0,0,0,0,0,0,652480029,56
0,0,0,0,0,0,0,652480540,56
0,0,0,0,0,0,0,652481050,56
0,0,0,0,0,0,0,652481560,56
0,0,0,0,0,0,0,652482073,56
0,0,0,0,0,0,0,652482583,56
0,0,0,0,0,0,0,652483093,56
0,0,0,0,0,0,0,652483604,56
0,0,0,0,0,0,0,652484114,56
0,0,0,0,0,0,0,652484624,56
0,0,0,0,0,0,0,652485135,56
0,0,0,0,0,0,0,652485645,56
0,0,0,0,0,0,0,652486155,56
0,0,0,0,0,0,0,652486666,56
0,0,0,0,0,0,0,652487176,56
0,0,0,0,0,0,0,652487686,56
0,0,0,0,0,0,0,652488197,56
0,0,0,0,0,0,0,652488707,56
0,0,0,0,0,0,0,652489217,56
0,0,0,0,0,0,0,652489728,56
0,0,0,0,0,0,0,652490238,56
0,0,0,0,0,0,0,652490748,56
0,0,0,0,0,0,0,652491259,56
0,0,0,0,0,0,0,652491769,56
0,0,0,0,0,0,0,652492279,56
0,0,0,0,0,0,0,652492790,56
0,0,0,0,0,0,0,652493304,56
0,0,0,0,0,0,0,652493815,56
0,0,0,0,0,0,0,652494325,56
0,0,0,0,0,0,0,652494835,56
0,0,0,0,0,0,0,652495346,56
0,0,0,0,0,0,0,652495856,56
0,0,0,0,0,0,0,652496366,56
0,0,0,0,0,0,0,652496881,56
0,0,0,0,0,0,0,652497391,56
0,0,0,0,0,0,0,652497901,56
0,0,0,0,0,0,0,652498412,56
0,0,0,0,0,0,0,652498922,56
0,0,0,0,0,0,0,652499433,56
0,0,0,0,0,0,0,652499943,56
0,0,0,0,0,0,0,652500453,56
0,0,0,0,0,0,0,652500964,56
0,0,0,0,0,0,0,652501474,56
0,0,0,0,0,0,0,652501984,56
0,0,0,0,0,0,0,652502495,56
0,0,0,0,0,0,0,652503007,56
0,0,0,0,0,0,0,652503517,56
0,0,0,0,0,0,0,652504028,56
0,0,0,0,0,0,0,652504538,56
0,0,0,0,0,0,0,652505048,56
0,0,0,0,0,0,0,652505559,56
0,0,0,0,0,0,0,652506071,56
0,0,0,0,0,0,0,652506581,56
0,0,0,0,0,0,0,652507092,56
0,0,0,0,0,0,0,652507602,56
0,0,0,0,0,0,0,652508112,56
0,0,0,0,0,0,0,652508623,56
0,0,0,0,0,0,0,652509133,56
0,0,0,0,0,0,0,652509644,56
0,0,0,0,0,0,0,652510154,56
0,0,0,0,0,0,0,652510664,56
0,0,0,0,0,0,0,652511175,56
0,0,0,0,0,0,0,652511685,56
0,0,0,0,0,0,0,652512195,56
0,0,0,0,0,0,0,652512705,56
0,0,0,0,0,0,0,652513216,56
0,0,0,0,0,0,0,652513726,56
0,0,0,0,0,0,0,652514236,56
0,0,0,0,0,0,0,652514747,56
0,0,0,0,0,0,0,652515261,56
0,0,0,0,0,0,0,652515772,56
0,0,0,0,0,0,0,652516282,56
0,0,0,0,0,0,0,652516792,56
0,0,0,0,0,0,0,652517303,56
0,0,0,0,0,0,0,652517817,56
0,0,0,0,0,0,0,652518327,56
0,0,0,0,0,0,0,652518838,56
0,0,0,0,0,0,0,652519348,56
0,0,0,0,0,0,0,652519858,56
0,0,0,0,0,0,0,652520369,56
0,0,0,0,0,0,0,652520883,56
0,0,0,0,0,0,0,652521393,56
0,0,0,0,0,0,0,652521906,56
0,0,0,0,0,0,0,652522416,56
0,0,0,0,0,0,0,652522926,56
0,0,0,0,0,0,0,652523437,56
0,0,0,0,0,0,0,652523947,56
0,0,0,0,0,0,0,652524457,56
0,0,0,0,0,0,0,652524968,56
0,0,0,0,0,0,0,652525478,56
0,0,0,0,0,0,0,652525989,56
0,0,0,0,0,0,0,652526501,56
0,0,0,0,0,0,0,652527011,56
0,0,0,0,0,0,0,652527522,56
0,0,0,0,0,0,0,652528032,56
0,0,0,0,0,0,0,652528542,56
0,0,0,0,0,0,0,652529053,56
0,0,0,0,0,0,0,652529563,56
0,0,0,0,0,0,0,652530075,56
0,0,0,0,0,0,0,652530585,56
0,0,0,0,0,0,0,652531096,56
0,0,0,0,0,0,0,652531606,56
0,0,0,0,0,0,0,652532117,56
0,0,0,0,0,0,0,652532627,56
0,0,0,0,0,0,0,652533137,56
0,0,0,0,0,0,0,652533648,56
0,0,0,0,0,0,0,652534158,56
0,0,0,0,0,0,0,652534668,56
0,0,0,0,0,0,0,652535179,56
0,0,0,0,0,0,0,652535689,56
0,0,0,0,0,0,0,652536199,56
0,0,0,0,0,0,0,652536710,56
0,0,0,0,0,0,0,652537220,56
0,0,0,0,0,0,0,652537730,56
0,0,0,0,0,0,0,652538241,56
0,0,0,0,0,0,0,652538751,56
0,0,0,0,0,0,0,652539265,56
0,0,0,0,0,0,0,652539775,56
0,0,0,0,0,0,0,652540286,56
0,0,0,0,0,0,0,652540796,56
0,0,0,0,0,0,0,652541306,56
0,0,0,0,0,0,0,652541817,56
0,0,0,0,0,0,0,652542331,56
0,0,0,0,0,0,0,652542841,56
0,0,0,0,0,0,0,652776772,56
0,0,0,0,0,0,0,652777282,56
0,0,0,0,0,0,0,652777792,56
0,0,0,0,0,0,0,652778303,56
0,0,0,0,0,0,0,652778813,56
0,0,0,0,0,0,0,652779323,56
0,0,0,0,0,0,0,652779834,56
0,0,0,0,0,0,0,652780344,56
0,0,0,0,0,0,0,652780854,56
0,0,0,0,0,0,0,652781365,56
0,0,0,0,0,0,0,652781875,56
0,0,0,0,0,0,0,652782386,56
0,0,0,0,0,0,0,652782896,56
0,0,0,0,0,0,0,652783406,56
0,0,0,0,0,0,0,652783921,56
0,0,0,0,0,0,0,652784431,56
0,0,0,0,0,0,0,652784941,56
0,0,0,0,0,0,0,652785452,56
0,0,0,0,0,0,0,652785962,56
0,0,0,0,0,0,0,652786472,56
0,0,0,0,0,0,0,652786986,56
0,0,0,0,0,0,0,652787497,56
0,0,0,0,0,0,0,652788009,56
0,0,0,0,0,0,0,652788519,56
0,0,0,0,0,0,0,652789030,56
0,0,0,0,0,0,0,652789540,56
0,0,0,0,0,0,0,652790051,56
0,0,0,0,0,0,0,652790561,56
0,0,0,0,0,0,0,652791073,56
0,0,0,0,0,0,0,652791583,56
0,0,0,0,0,0,0,652792094,56
0,0,0,0,0,0,0,652792604,56
0,0,0,0,0,0,0,652793114,56
0,0,0,0,0,0,0,652793625,56
0,0,0,0,0,0,0,652794135,56
0,0,0,0,0,0,0,652794645,56
0,0,0,0,0,0,0,652795156,56
0,0,0,0,0,0,0,652795666,56
0,0,0,0,0,0,0,652796177,56
0,0,0,0,0,0,0,652796687,56
0,0,0,0,0,0,0,652797197,56
0,0,0,0,0,0,0,652797708,56
0,0,0,0,0,0,0,652798218,56
0,0,0,0,0,0,0,652798728,56
0,0,0,0,0,0,0,652799239,56
0,0,0,0,0,0,0,652799749,56
0,0,0,0,0,0,0,652800259,56
0,0,0,0,0,0,0,652800769,56
0,0,0,0,0,0,0,652801280,56
0,0,0,0,0,0,0,652801790,56
0,0,0,0,0,0,0,652802300,56
0,0,0,0,0,0,0,652802811,56
0,0,0,0,0,0,0,652803321,56
0,0,0,0,0,0,0,652803831,56
0,0,0,0,0,0,0,652804342,56
0,0,0,0,0,0,0,652804852,56
0,0,0,0,0,0,0,652805366,56
0,0,0,0,0,0,0,652805877,56
0,0,0,0,0,0,0,652806387,56
0,0,0,0,0,0,0,652806897,56
0,0,0,0,0,0,0,652807408,56
0,0,0,0,0,0,0,652807918,56
0,0,0,0,0,0,0,652808432,56
0,0,0,0,0,0,0,652808943,56
0,0,0,0,0,0,0,652809453,56
0,0,0,0,0,0,0,652809964,56
0,0,0,0,0,0,0,652810474,56
0,0,0,0,0,0,0,652810988,56
0,0,0,0,0,0,0,652811501,56
0,0,0,0,0,0,0,652812015,56
0,0,0,0,0,0,0,652812525,56
0,0,0,0,0,0,0,652813035,56
0,0,0,0,0,0,0,652813546,56
0,0,0,0,0,0,0,652814056,56
0,0,0,0,0,0,0,652814566,56
0,0,0,0,0,0,0,652815078,56
0,0,0,0,0,0,0,652815589,56
0,0,0,0,0,0,0,652816099,56
0,0,0,0,0,0,0,652816610,56
0,0,0,0,0,0,0,652817120,56
0,0,0,0,0,0,0,652817630,56
0,0,0,0,0,0,0,652818141,56
0,0,0,0,0,0,0,652818651,56
0,0,0,0,0,0,0,652819161,56
0,0,0,0,0,0,0,652819672,56
0,0,0,0,0,0,0,652820182,56
0,0,0,0,0,0,0,652820692,56
0,0,0,0,0,0,0,652821203,56
0,0,0,0,0,0,0,652821713,56
0,0,0,0,0,0,0,652822223,56
0,0,0,0,0,0,0,652822734,56
0,0,0,0,0,0,0,652823244,56
0,0,0,0,0,0,0,652823754,56
0,0,0,0,0,0,0,652824265,56
0,0,0,0,0,0,0,652824775,56
0,0,0,0,0,0,0,652825286,56
0,0,0,0,0,0,0,652825796,56
0,0,0,0,0,0,0,652826306,56
0,0,0,0,0,0,0,652826817,56
0,0,0,0,0,0,0,652827327,56
0,0,0,0,0,0,0,652827837,56
0,0,0,0,0,0,0,652828348,56
0,0,0,0,0,0,0,652828858,56
0,0,0,0,0,0,0,652829368,56
0,0,0,0,0,0,0,652829879,56
0,0,0,0,0,0,0,652830389,56
0,0,0,0,0,0,0,652830899,56
0,0,0,0,0,0,0,652831410,56
0,0,0,0,0,0,0,652831920,56
0,0,0,0,0,0,0,652832434,56
0,0,0,0,0,0,0,652832945,56
0,0,0,0,0,0,0,652833455,56
0,0,0,0,0,0,0,652833965,56
0,0,0,0,0,0,0,652834476,56
0,0,0,0,0,0,0,652834986,56
0,0,0,0,0,0,0,652835497,56
0,0,0,0,0,0,0,652836011,56
0,0,0,0,0,0,0,652836521,56
0,0,0,0,0,0,0,652837032,56
0,0,0,0,0,0,0,652837542,56
0,0,0,0,0,0,0,652838052,56
0,0,0,0,0,0,0,652838563,56
0,0,0,0,0,0,0,652839075,56
0,0,0,0,0,0,0,652839585,56
0,0,0,0,0,0,0,652840096,56
0,0,0,0,0,0,0,652840606,56
0,0,0,0,0,0,0,652841116,56
0,0,0,0,0,0,0,652841627,56
0,0,0,0,0,0,0,652842137,56
0,0,0,0,0,0,0,653064911,56
0,0,0,0,0,0,0,653065422,56
0,0,0,0,0,0,0,653065932,56
0,0,0,0,0,0,0,653066444,56
0,0,0,0,0,0,0,653066954,56
0,0,0,0,0,0,0,653067465,56
0,0,0,0,0,0,0,653067975,56
0,0,0,0,0,0,0,653068485,56
0,0,0,0,0,0,0,653068996,56
0,0,0,0,0,0,0,653069508,56
0,0,0,0,0,0,0,653070022,56
0,0,0,0,0,0,0,653070533,56
0,0,0,0,0,0,0,653071043,56
0,0,0,0,0,0,0,653071553,56
0,0,0,0,0,0,0,653072065,56
0,0,0,0,0,0,0,653072576,56
0,0,0,0,0,0,0,653073092,56
0,0,0,0,0,0,0,653073602,56
0,0,0,0,0,0,0,653074112,56
0,0,0,0,0,0,0,653074623,56
0,0,0,0,0,0,0,653075133,56
0,0,0,0,0,0,0,653075644,56
0,0,0,0,0,0,0,653076154,56
0,0,0,0,0,0,0,653076664,56
0,0,0,0,0,0,0,653077175,56
0,0,0,0,0,0,0,653077685,56
0,0,0,0,0,0,0,653078195,56
0,0,0,0,0,0,0,653078706,56
0,0,0,0,0,0,0,653079216,56
0,0,0,0,0,0,0,653079726,56
0,0,0,0,0,0,0,653080237,56
0,0,0,0,0,0,0,653080747,56
0,0,0,0,0,0,0,653081257,56
0,0,0,0,0,0,0,653081768,56
0,0,0,0,0,0,0,653082278,56
0,0,0,0,0,0,0,653082788,56
0,0,0,0,0,0,0,653083299,56
0,0,0,0,0,0,0,653083809,56
0,0,0,0,0,0,0,653084320,56
0,0,0,0,0,0,0,653084830,56
0,0,0,0,0,0,0,653085340,56
0,0,0,0,0,0,0,653085851,56
0,0,0,0,0,0,0,653086361,56
0,0,0,0,0,0,0,653086871,56
0,0,0,0,0,0,0,653087382,56
0,0,0,0,0,0,0,653087892,56
0,0,0,0,0,0,0,653088402,56
0,0,0,0,0,0,0,653088912,56
0,0,0,0,0,0,0,653089423,56
0,0,0,0,0,0,0,653089933,56
0,0,0,0,0,0,0,653090445,56
0,0,0,0,0,0,0,653090956,56
0,0,0,0,0,0,0,653091470,56
0,0,0,0,0,0,0,653091980,56
0,0,0,0,0,0,0,653092491,56
0,0,0,0,0,0,0,653093003,56
0,0,0,0,0,0,0,653093513,56
0,0,0,0,0,0,0,653094027,56
0,0,0,0,0,0,0,653094538,56
0,0,0,0,0,0,0,653095048,56
0,0,0,0,0,0,0,653095558,56
0,0,0,0,0,0,0,653096070,56
0,0,0,0,0,0,0,653096581,56
0,0,0,0,0,0,0,653097095,56
0,0,0,0,0,0,0,653097605,56
0,0,0,0,0,0,0,653098117,56
0,0,0,0,0,0,0,653098627,56
0,0,0,0,0,0,0,653099138,56
0,0,0,0,0,0,0,653099648,56
0,0,0,0,0,0,0,653100158,56
0,0,0,0,0,0,0,653100669,56
0,0,0,0,0,0,0,653101179,56
0,0,0,0,0,0,0,653101689,56
0,0,0,0,0,0,0,653102200,56
0,0,0,0,0,0,0,653102710,56
0,0,0,0,0,0,0,653103220,56
0,0,0,0,0,0,0,653103731,56
0,0,0,0,0,0,0,653104241,56
0,0,0,0,0,0,0,653104751,56
0,0,0,0,0,0,0,653105262,56
0,0,0,0,0,0,0,653105772,56
0,0,0,0,0,0,0,653106282,56
0,0,0,0,0,0,0,653106793,56
0,0,0,0,0,0,0,653107303,56
0,0,0,0,0,0,0,653107813,56
0,0,0,0,0,0,0,653108324,56
0,0,0,0,0,0,0,653108834,56
0,0,0,0,0,0,0,653109344,56
0,0,0,0,0,0,0,653109855,56
0,0,0,0,0,0,0,653110365,56
0,0,0,0,0,0,0,653110876,56
0,0,0,0,0,0,0,653111386,56
0,0,0,0,0,0,0,653111896,56
0,0,0,0,0,0,0,653112407,56
0,0,0,0,0,0,0,653112917,56
0,0,0,0,0,0,0,653113427,56
0,0,0,0,0,0,0,653113938,56
0,0,0,0,0,0,0,653114448,56
0,0,0,0,0,0,0,653114959,56
0,0,0,0,0,0,0,653115473,56
0,0,0,0,0,0,0,653115983,56
0,0,0,0,0,0,0,653116494,56
0,0,0,0,0,0,0,653117006,56
0,0,0,0,0,0,0,653117517,56
0,0,0,0,0,0,0,653118027,56
0,0,0,0,0,0,0,653118541,56
0,0,0,0,0,0,0,653119051,56
0,0,0,0,0,0,0,653119562,56
0,0,0,0,0,0,0,653120074,56
0,0,0,0,0,0,0,653120584,56
0,0,0,0,0,0,0,653121098,56
0,0,0,0,0,0,0,653121609,56
0,0,0,0,0,0,0,653122123,56
0,0,0,0,0,0,0,653122633,56
0,0,0,0,0,0,0,653123143,56
0,0,0,0,0,0,0,653123654,56
0,0,0,0,0,0,0,653124164,56
0,0,0,0,0,0,0,653124675,56
0,0,0,0,0,0,0,653125185,56
0,0,0,0,0,0,0,653125695,56
0,0,0,0,0,0,0,653126206,56
0,0,0,0,0,0,0,653126716,56
0,0,0,0,0,0,0,653127226,56
0,0,0,0,0,0,0,653127737,56
0,0,0,0,0,0,0,653128247,56
0,0,0,0,0,0,0,653128757,56
0,0,0,0,0,0,0,653129268,56
0,0,0,0,0,0,0,653129778,56
0,0,0,0,0,0,0,653130289,56
0,0,0,0,0,0,0,653130799,56
0,0,0,0,0,0,0,653131309,56
0,0,0,0,0,0,0,653131819,56
0,0,0,0,0,0,0,653132330,56
0,0,0,0,0,0,0,653132840,56
0,0,0,0,0,0,0,653133351,56
0,0,0,0,0,0,0,653363235,56
0,0,0,0,0,0,0,653363745,56
0,0,0,0,0,0,0,653364256,56
0,0,0,0,0,0,0,653364766,56
0,0,0,0,0,0,0,653365277,56
0,0,0,0,0,0,0,653365787,56
0,0,0,0,0,0,0,653366297,56
0,0,0,0,0,0,0,653366807,56
0,0,0,0,0,0,0,653367318,56
0,0,0,0,0,0,0,653367828,56
0,0,0,0,0,0,0,653368339,56
0,0,0,0,0,0,0,653368849,56
0,0,0,0,0,0,0,653369359,56
0,0,0,0,0,0,0,653369870,56
0,0,0,0,0,0,0,653370380,56
0,0,0,0,0,0,0,653370890,56
0,0,0,0,0,0,0,653371401,56
0,0,0,0,0,0,0,653371911,56
0,0,0,0,0,0,0,653372421,56
0,0,0,0,0,0,0,653372932,56
0,0,0,0,0,0,0,653373444,56
0,0,0,0,0,0,0,653373954,56
0,0,0,0,0,0,0,653374465,56
0,0,0,0,0,0,0,653374975,56
0,0,0,0,0,0,0,653375485,56
0,0,0,0,0,0,0,653375996,56
0,0,0,0,0,0,0,653376508,56
0,0,0,0,0,0,0,653377018,56
0,0,0,0,0,0,0,653377529,56
0,0,0,0,0,0,0,653378039,56
0,0,0,0,0,0,0,653378549,56
0,0,0,0,0,0,0,653379062,56
0,0,0,0,0,0,0,653379576,56
0,0,0,0,0,0,0,653380088,56
0,0,0,0,0,0,0,653380598,56
0,0,0,0,0,0,0,653381108,56
0,0,0,0,0,0,0,653381619,56
0,0,0,0,0,0,0,653382129,56
0,0,0,0,0,0,0,653382643,56
0,0,0,0,0,0,0,653383154,56
0,0,0,0,0,0,0,653383664,56
0,0,0,0,0,0,0,653384174,56
0,0,0,0,0,0,0,653384685,56
0,0,0,0,0,0,0,653385199,56
0,0,0,0,0,0,0,653385709,56
0,0,0,0,0,0,0,653386223,56
0,0,0,0,0,0,0,653386734,56
0,0,0,0,0,0,0,653387244,56
0,0,0,0,0,0,0,653387754,56
0,0,0,0,0,0,0,653388265,56
0,0,0,0,0,0,0,653388775,56
0,0,0,0,0,0,0,653389286,56
0,0,0,0,0,0,0,653389796,56
0,0,0,0,0,0,0,653390306,56
0,0,0,0,0,0,0,653390817,56
0,0,0,0,0,0,0,653391327,56
0,0,0,0,0,0,0,653391837,56
0,0,0,0,0,0,0,653392348,56
0,0,0,0,0,0,0,653392858,56
0,0,0,0,0,0,0,653393369,56
0,0,0,0,0,0,0,653393879,56
0,0,0,0,0,0,0,653394389,56
0,0,0,0,0,0,0,653394900,56
0,0,0,0,0,0,0,653395410,56
0,0,0,0,0,0,0,653395920,56
0,0,0,0,0,0,0,653396431,56
0,0,0,0,0,0,0,653396941,56
0,0,0,0,0,0,0,653397451,56
0,0,0,0,0,0,0,653397962,56
0,0,0,0,0,0,0,653398472,56
0,0,0,0,0,0,0,653398982,56
0,0,0,0,0,0,0,653399493,56
0,0,0,0,0,0,0,653400005,56
0,0,0,0,0,0,0,653400515,56
0,0,0,0,0,0,0,653401026,56
0,0,0,0,0,0,0,653401536,56
0,0,0,0,0,0,0,653402046,56
0,0,0,0,0,0,0,653402557,56
0,0,0,0,0,0,0,653403069,56
0,0,0,0,0,0,0,653403583,56
0,0,0,0,0,0,0,653404094,56
0,0,0,0,0,0,0,653404604,56
0,0,0,0,0,0,0,653405114,56
0,0,0,0,0,0,0,653405625,56
0,0,0,0,0,0,0,653406135,56
0,0,0,0,0,0,0,653406650,56
0,0,0,0,0,0,0,653407160,56
0,0,0,0,0,0,0,653407670,56
0,0,0,0,0,0,0,653408180,56
0,0,0,0,0,0,0,653408691,56
0,0,0,0,0,0,0,653409205,56
0,0,0,0,0,0,0,653409715,56
0,0,0,0,0,0,0,653410229,56
0,0,0,0,0,0,0,653410740,56
0,0,0,0,0,0,0,653411250,56
0,0,0,0,0,0,0,653411760,56
0,0,0,0,0,0,0,653412271,56
0,0,0,0,0,0,0,653412781,56
0,0,0,0,0,0,0,653413292,56
0,0,0,0,0,0,0,653413802,56
0,0,0,0,0,0,0,653414312,56
0,0,0,0,0,0,0,653414823,56
0,0,0,0,0,0,0,653415333,56
0,0,0,0,0,0,0,653415843,56
0,0,0,0,0,0,0,653416354,56
0,0,0,0,0,0,0,653416864,56
0,0,0,0,0,0,0,653417374,56
0,0,0,0,0,0,0,653417885,56
0,0,0,0,0,0,0,653418395,56
0,0,0,0,0,0,0,653418905,56
0,0,0,0,0,0,0,653419416,56
0,0,0,0,0,0,0,653419926,56
0,0,0,0,0,0,0,653420436,56
0,0,0,0,0,0,0,653420947,56
0,0,0,0,0,0,0,653421457,56
0,0,0,0,0,0,0,653421967,56
0,0,0,0,0,0,0,653422478,56
0,0,0,0,0,0,0,653422988,56
0,0,0,0,0,0,0,653423501,56
0,0,0,0,0,0,0,653424011,56
0,0,0,0,0,0,0,653424521,56
0,0,0,0,0,0,0,653425032,56
0,0,0,0,0,0,0,653425542,56
0,0,0,0,0,0,0,653426052,56
0,0,0,0,0,0,0,653426562,56
0,0,0,0,0,0,0,653427075,56
0,0,0,0,0,0,0,653427589,56
0,0,0,0,0,0,0,653428099,56
0,0,0,0,0,0,0,653428610,56
0,0,0,0,0,0,0,653429120,56
0,0,0,0,0,0,0,653429630,56
0,0,0,0,0,0,0,653430141,56
0,0,0,0,0,0,0,653430655,56
0,0,0,0,0,0,0,653431165,56
0,0,0,0,0,0,0,653661557,56
0,0,0,0,0,0,0,653662070,56
0,0,0,0,0,0,0,653662580,56
0,0,0,0,0,0,0,653663090,56
0,0,0,0,0,0,0,653663601,56
0,0,0,0,0,0,0,653664111,56
0,0,0,0,0,0,0,653664621,56
0,0,0,0,0,0,0,653665132,56
0,0,0,0,0,0,0,653665642,56
0,0,0,0,0,0,0,653666153,56
0,0,0,0,0,0,0,653666663,56
0,0,0,0,0,0,0,653667173,56
0,0,0,0,0,0,0,653667688,56
0,0,0,0,0,0,0,653668198,56
0,0,0,0,0,0,0,653668708,56
0,0,0,0,0,0,0,653669219,56
0,0,0,0,0,0,0,653669729,56
0,0,0,0,0,0,0,653670239,56
0,0,0,0,0,0,0,653670754,56
0,0,0,0,0,0,0,653671264,56
0,0,0,0,0,0,0,653671774,56
0,0,0,0,0,0,0,653672285,56
0,0,0,0,0,0,0,653672795,56
0,0,0,0,0,0,0,653673309,56
0,0,0,0,0,0,0,653673820,56
0,0,0,0,0,0,0,653674334,56
0,0,0,0,0,0,0,653674844,56
0,0,0,0,0,0,0,653675355,56
0,0,0,0,0,0,0,653675865,56
0,0,0,0,0,0,0,653676375,56
0,0,0,0,0,0,0,653676886,56
0,0,0,0,0,0,0,653677396,56
0,0,0,0,0,0,0,653677906,56
0,0,0,0,0,0,0,653678417,56
0,0,0,0,0,0,0,653678927,56
0,0,0,0,0,0,0,653679437,56
0,0,0,0,0,0,0,653679948,56
0,0,0,0,0,0,0,653680458,56
0,0,0,0,0,0,0,653680968,56
0,0,0,0,0,0,0,653681479,56
0,0,0,0,0,0,0,653681989,56
0,0,0,0,0,0,0,653682501,56
0,0,0,0,0,0,0,653683012,56
0,0,0,0,0,0,0,653683522,56
0,0,0,0,0,0,0,653684032,56
0,0,0,0,0,0,0,653684543,56
0,0,0,0,0,0,0,653685053,56
0,0,0,0,0,0,0,653685563,56
0,0,0,0,0,0,0,653686075,56
0,0,0,0,0,0,0,653686586,56
0,0,0,0,0,0,0,653687096,56
0,0,0,0,0,0,0,653687606,56
0,0,0,0,0,0,0,653688117,56
0,0,0,0,0,0,0,653688627,56
0,0,0,0,0,0,0,653689137,56
0,0,0,0,0,0,0,653689648,56
0,0,0,0,0,0,0,653690158,56
0,0,0,0,0,0,0,653690669,56
0,0,0,0,0,0,0,653691179,56
0,0,0,0,0,0,0,653691689,56
0,0,0,0,0,0,0,653692200,56
0,0,0,0,0,0,0,653692710,56
0,0,0,0,0,0,0,653693220,56
0,0,0,0,0,0,0,653693731,56
0,0,0,0,0,0,0,653694241,56
0,0,0,0,0,0,0,653694751,56
0,0,0,0,0,0,0,653695266,56
0,0,0,0,0,0,0,653695776,56
0,0,0,0,0,0,0,653696286,56
0,0,0,0,0,0,0,653696797,56
0,0,0,0,0,0,0,653697307,56
0,0,0,0,0,0,0,653697817,56
0,0,0,0,0,0,0,653698332,56
0,0,0,0,0,0,0,653698842,56
0,0,0,0,0,0,0,653699352,56
0,0,0,0,0,0,0,653699862,56
0,0,0,0,0,0,0,653700373,56
0,0,0,0,0,0,0,653700883,56
0,0,0,0,0,0,0,653701394,56
0,0,0,0,0,0,0,653701904,56
0,0,0,0,0,0,0,653702415,56
0,0,0,0,0,0,0,653702925,56
0,0,0,0,0,0,0,653703435,56
0,0,0,0,0,0,0,653703945,56
0,0,0,0,0,0,0,653704456,56
0,0,0,0,0,0,0,653704966,56
0,0,0,0,0,0,0,653705477,56
0,0,0,0,0,0,0,653705987,56
0,0,0,0,0,0,0,653706499,56
0,0,0,0,0,0,0,653707011,56
0,0,0,0,0,0,0,653707521,56
0,0,0,0,0,0,0,653708032,56
0,0,0,0,0,0,0,653708542,56
0,0,0,0,0,0,0,653709052,56
0,0,0,0,0,0,0,653709562,56
0,0,0,0,0,0,0,653710075,56
0,0,0,0,0,0,0,653710585,56
0,0,0,0,0,0,0,653711095,56
0,0,0,0,0,0,0,653711606,56
0,0,0,0,0,0,0,653712116,56
0,0,0,0,0,0,0,653712626,56
0,0,0,0,0,0,0,653713137,56
0,0,0,0,0,0,0,653713647,56
0,0,0,0,0,0,0,653714157,56
0,0,0,0,0,0,0,653714668,56
0,0,0,0,0,0,0,653715178,56
0,0,0,0,0,0,0,653715688,56
0,0,0,0,0,0,0,653716199,56
0,0,0,0,0,0,0,653716713,56
0,0,0,0,0,0,0,653717223,56
0,0,0,0,0,0,0,653717734,56
0,0,0,0,0,0,0,653718244,56
0,0,0,0,0,0,0,653718755,56
0,0,0,0,0,0,0,653719265,56
0,0,0,0,0,0,0,653719779,56
0,0,0,0,0,0,0,653720290,56
0,0,0,0,0,0,0,653720800,56
0,0,0,0,0,0,0,653721310,56
0,0,0,0,0,0,0,653721821,56
0,0,0,0,0,0,0,653722335,56
0,0,0,0,0,0,0,653722845,56
0,0,0,0,0,0,0,653723359,56
0,0,0,0,0,0,0,653723870,56
0,0,0,0,0,0,0,653724380,56
0,0,0,0,0,0,0,653724890,56
0,0,0,0,0,0,0,653725401,56
0,0,0,0,0,0,0,653725911,56
0,0,0,0,0,0,0,653726422,56
0,0,0,0,0,0,0,653726932,56
0,0,0,0,0,0,0,653727444,56
0,0,0,0,0,0,0,653727954,56
0,0,0,0,0,0,0,653728465,56
0,0,0,0,0,0,0,653960882,56
0,0,0,0,0,0,0,653961393,56
0,0,0,0,0,0,0,653961903,56
0,0,0,0,0,0,0,653962413,56
0,0,0,0,0,0,0,653962924,56
0,0,0,0,0,0,0,653963438,56
0,0,0,0,0,0,0,653963948,56
0,0,0,0,0,0,0,653964459,56
0,0,0,0,0,0,0,653964969,56
0,0,0,0,0,0,0,653965479,56
0,0,0,0,0,0,0,653965990,56
0,0,0,0,0,0,0,653966502,56
0,0,0,0,0,0,0,653967012,56
0,0,0,0,0,0,0,653967523,56
0,0,0,0,0,0,0,653968033,56
0,0,0,0,0,0,0,653968543,56
0,0,0,0,0,0,0,653969054,56
0,0,0,0,0,0,0,653969564,56
0,0,0,0,0,0,0,653970076,56
0,0,0,0,0,0,0,653970587,56
0,0,0,0,0,0,0,653971097,56
0,0,0,0,0,0,0,653971607,56
0,0,0,0,0,0,0,653972118,56
0,0,0,0,0,0,0,653972628,56
0,0,0,0,0,0,0,653973138,56
0,0,0,0,0,0,0,653973649,56
0,0,0,0,0,0,0,653974159,56
0,0,0,0,0,0,0,653974669,56
0,0,0,0,0,0,0,653975180,56
0,0,0,0,0,0,0,653975690,56
0,0,0,0,0,0,0,653976200,56
0,0,0,0,0,0,0,653976711,56
0,0,0,0,0,0,0,653977221,56
0,0,0,0,0,0,0,653977732,56
0,0,0,0,0,0,0,653978242,56
0,0,0,0,0,0,0,653978752,56
0,0,0,0,0,0,0,653979263,56
0,0,0,0,0,0,0,653979773,56
0,0,0,0,0,0,0,653980283,56
0,0,0,0,0,0,0,653980794,56
0,0,0,0,0,0,0,653981304,56
0,0,0,0,0,0,0,653981818,56
0,0,0,0,0,0,0,653982329,56
0,0,0,0,0,0,0,653982839,56
0,0,0,0,0,0,0,653983349,56
0,0,0,0,0,0,0,653983860,56
0,0,0,0,0,0,0,653984370,56
0,0,0,0,0,0,0,653984885,56
0,0,0,0,0,0,0,653985395,56
0,0,0,0,0,0,0,653985905,56
0,0,0,0,0,0,0,653986416,56
0,0,0,0,0,0,0,653986926,56
0,0,0,0,0,0,0,653987440,56
0,0,0,0,0,0,0,653987950,56
0,0,0,0,0,0,0,653988464,56
0,0,0,0,0,0,0,653988975,56
0,0,0,0,0,0,0,653989485,56
0,0,0,0,0,0,0,653989996,56
0,0,0,0,0,0,0,653990508,56
0,0,0,0,0,0,0,653991018,56
0,0,0,0,0,0,0,653991529,56
0,0,0,0,0,0,0,653992039,56
0,0,0,0,0,0,0,653992549,56
0,0,0,0,0,0,0,653993061,56
0,0,0,0,0,0,0,653993572,56
0,0,0,0,0,0,0,653994084,56
0,0,0,0,0,0,0,653994594,56
0,0,0,0,0,0,0,653995105,56
0,0,0,0,0,0,0,653995615,56
0,0,0,0,0,0,0,653996125,56
0,0,0,0,0,0,0,653996636,56
0,0,0,0,0,0,0,653997146,56
0,0,0,0,0,0,0,653997656,56
0,0,0,0,0,0,0,653998167,56
0,0,0,0,0,0,0,653998677,56
0,0,0,0,0,0,0,653999187,56
0,0,0,0,0,0,0,653999698,56
0,0,0,0,0,0,0,654000208,56
0,0,0,0,0,0,0,654000718,56
0,0,0,0,0,0,0,654001229,56
0,0,0,0,0,0,0,654001739,56
0,0,0,0,0,0,0,654002249,56
0,0,0,0,0,0,0,654002760,56
0,0,0,0,0,0,0,654003270,56
0,0,0,0,0,0,0,654003781,56
0,0,0,0,0,0,0,654004291,56
0,0,0,0,0,0,0,654004801,56
0,0,0,0,0,0,0,654005312,56
0,0,0,0,0,0,0,654005822,56
0,0,0,0,0,0,0,654006332,56
0,0,0,0,0,0,0,654006843,56
0,0,0,0,0,0,0,654007353,56
0,0,0,0,0,0,0,654007864,56
0,0,0,0,0,0,0,654008374,56
0,0,0,0,0,0,0,654008888,56
0,0,0,0,0,0,0,654009399,56
0,0,0,0,0,0,0,654009909,56
0,0,0,0,0,0,0,654010420,56
0,0,0,0,0,0,0,654010930,56
0,0,0,0,0,0,0,654011442,56
0,0,0,0,0,0,0,654011953,56
0,0,0,0,0,0,0,654012467,56
0,0,0,0,0,0,0,654012977,56
0,0,0,0,0,0,0,654013488,56
0,0,0,0,0,0,0,654013998,56
0,0,0,0,0,0,0,654014510,56
0,0,0,0,0,0,0,654015021,56
0,0,0,0,0,0,0,654015531,56
0,0,0,0,0,0,0,654016042,56
0,0,0,0,0,0,0,654016552,56
0,0,0,0,0,0,0,654017064,56
0,0,0,0,0,0,0,654017574,56
0,0,0,0,0,0,0,654018086,56
0,0,0,0,0,0,0,654018597,56
0,0,0,0,0,0,0,654019107,56
0,0,0,0,0,0,0,654019617,56
0,0,0,0,0,0,0,654020128,56
0,0,0,0,0,0,0,654020638,56
0,0,0,0,0,0,0,654021148,56
0,0,0,0,0,0,0,654021659,56
0,0,0,0,0,0,0,654022169,56
0,0,0,0,0,0,0,654022679,56
0,0,0,0,0,0,0,654023190,56
0,0,0,0,0,0,0,654023700,56
0,0,0,0,0,0,0,654024211,56
0,0,0,0,0,0,0,654024721,56
0,0,0,0,0,0,0,654025231,56
0,0,0,0,0,0,0,654025742,56
0,0,0,0,0,0,0,654026252,56
0,0,0,0,0,0,0,654026762,56
0,0,0,0,0,0,0,654027273,56
0,0,0,0,0,0,0,654027783,56
0,0,0,0,0,0,0,654028293,56
0,0,0,0,0,0,0,654028804,56
0,0,0,0,0,0,0,654248037,56
0,0,0,0,0,0,0,654248551,56
0,0,0,0,0,0,0,654249063,56
0,0,0,0,0,0,0,654249573,56
0,0,0,0,0,0,0,654250086,56
0,0,0,0,0,0,0,654250596,56
0,0,0,0,0,0,0,654251106,56
0,0,0,0,0,0,0,654251617,56
0,0,0,0,0,0,0,654252127,56
0,0,0,0,0,0,0,654252638,56
0,0,0,0,0,0,0,654253148,56
0,0,0,0,0,0,0,654253658,56
0,0,0,0,0,0,0,654254169,56
0,0,0,0,0,0,0,654254679,56
0,0,0,0,0,0,0,654255189,56
0,0,0,0,0,0,0,654255700,56
0,0,0,0,0,0,0,654256210,56
0,0,0,0,0,0,0,654256720,56
0,0,0,0,0,0,0,654257231,56
0,0,0,0,0,0,0,654257741,56
0,0,0,0,0,0,0,654258251,56
0,0,0,0,0,0,0,654258761,56
0,0,0,0,0,0,0,654259272,56
0,0,0,0,0,0,0,654259782,56
0,0,0,0,0,0,0,654260293,56
0,0,0,0,0,0,0,654260803,56
0,0,0,0,0,0,0,654261313,56
0,0,0,0,0,0,0,654261824,56
0,0,0,0,0,0,0,654262334,56
0,0,0,0,0,0,0,654262844,56
0,0,0,0,0,0,0,654263355,56
0,0,0,0,0,0,0,654263865,56
0,0,0,0,0,0,0,654264376,56
0,0,0,0,0,0,0,654264886,56
0,0,0,0,0,0,0,654265396,56
0,0,0,0,0,0,0,654265907,56
0,0,0,0,0,0,0,654266417,56
0,0,0,0,0,0,0,654266931,56
0,0,0,0,0,0,0,654267444,56
0,0,0,0,0,0,0,654267954,56
0,0,0,0,0,0,0,654268464,56
0,0,0,0,0,0,0,654268975,56
0,0,0,0,0,0,0,654269489,56
0,0,0,0,0,0,0,654270002,56
0,0,0,0,0,0,0,654270512,56
0,0,0,0,0,0,0,654271022,56
0,0,0,0,0,0,0,654271533,56
0,0,0,0,0,0,0,654272043,56
0,0,0,0,0,0,0,654272557,56
0,0,0,0,0,0,0,654273069,56
0,0,0,0,0,0,0,654273580,56
0,0,0,0,0,0,0,654274091,56
0,0,0,0,0,0,0,654274601,56
0,0,0,0,0,0,0,654275111,56
0,0,0,0,0,0,0,654275622,56
0,0,0,0,0,0,0,654276132,56
0,0,0,0,0,0,0,654276642,56
0,0,0,0,0,0,0,654277153,56
0,0,0,0,0,0,0,654277663,56
0,0,0,0,0,0,0,654278173,56
0,0,0,0,0,0,0,654278684,56
0,0,0,0,0,0,0,654279194,56
0,0,0,0,0,0,0,654279705,56
0,0,0,0,0,0,0,654280215,56
0,0,0,0,0,0,0,654280725,56
0,0,0,0,0,0,0,654281236,56
0,0,0,0,0,0,0,654281746,56
0,0,0,0,0,0,0,654282256,56
0,0,0,0,0,0,0,654282767,56
0,0,0,0,0,0,0,654283277,56
0,0,0,0,0,0,0,654283787,56
0,0,0,0,0,0,0,654284298,56
0,0,0,0,0,0,0,654284808,56
0,0,0,0,0,0,0,654285318,56
0,0,0,0,0,0,0,654285829,56
0,0,0,0,0,0,0,654286339,56
0,0,0,0,0,0,0,654286850,56
0,0,0,0,0,0,0,654287360,56
0,0,0,0,0,0,0,654287870,56
0,0,0,0,0,0,0,654288381,56
0,0,0,0,0,0,0,654288891,56
0,0,0,0,0,0,0,654289402,56
0,0,0,0,0,0,0,654289912,56
0,0,0,0,0,0,0,654290422,56
0,0,0,0,0,0,0,654290937,56
0,0,0,0,0,0,0,654291449,56
0,0,0,0,0,0,0,654291959,56
0,0,0,0,0,0,0,654292469,56
0,0,0,0,0,0,0,654292980,56
0,0,0,0,0,0,0,654293494,56
0,0,0,0,0,0,0,654294006,56
0,0,0,0,0,0,0,654294517,56
0,0,0,0,0,0,0,654295027,56
0,0,0,0,0,0,0,654295537,56
0,0,0,0,0,0,0,654296047,56
0,0,0,0,0,0,0,654296562,56
0,0,0,0,0,0,0,654297074,56
0,0,0,0,0,0,0,654297584,56
0,0,0,0,0,0,0,654298095,56
0,0,0,0,0,0,0,654298605,56
0,0,0,0,0,0,0,654299115,56
0,0,0,0,0,0,0,654299626,56
0,0,0,0,0,0,0,654300136,56
0,0,0,0,0,0,0,654300646,56
0,0,0,0,0,0,0,654301157,56
0,0,0,0,0,0,0,654301667,56
0,0,0,0,0,0,0,654302177,56
0,0,0,0,0,0,0,654302688,56
0,0,0,0,0,0,0,654303198,56
0,0,0,0,0,0,0,654303708,56
0,0,0,0,0,0,0,654304219,56
0,0,0,0,0,0,0,654304729,56
0,0,0,0,0,0,0,654305239,56
0,0,0,0,0,0,0,654305750,56
0,0,0,0,0,0,0,654306260,56
0,0,0,0,0,0,0,654306770,56
0,0,0,0,0,0,0,654307281,56
0,0,0,0,0,0,0,654307791,56
0,0,0,0,0,0,0,654308301,56
0,0,0,0,0,0,0,654308812,56
0,0,0,0,0,0,0,654309322,56
0,0,0,0,0,0,0,654309832,56
0,0,0,0,0,0,0,654310343,56
0,0,0,0,0,0,0,654310853,56
0,0,0,0,0,0,0,654311364,56
0,0,0,0,0,0,0,654311874,56
0,0,0,0,0,0,0,654312384,56
0,0,0,0,0,0,0,654312895,56
0,0,0,0,0,0,0,654313405,56
0,0,0,0,0,0,0,654313915,56
0,0,0,0,0,0,0,654314426,56
0,0,0,0,0,0,0,654314940,56
0,0,0,0,0,0,0,654315450,56
0,0,0,0,0,0,0,654539758,56
0,0,0,0,0,0,0,654540268,56
0,0,0,0,0,0,0,654540779,56
0,0,0,0,0,0,0,654541289,56
0,0,0,0,0,0,0,654541799,56
0,0,0,0,0,0,0,654542310,56
0,0,0,0,0,0,0,654542820,56
0,0,0,0,0,0,0,654543330,56
0,0,0,0,0,0,0,654543841,56
0,0,0,0,0,0,0,654544351,56
0,0,0,0,0,0,0,654544861,56
0,0,0,0,0,0,0,654545372,56
0,0,0,0,0,0,0,654545882,56
0,0,0,0,0,0,0,654546392,56
0,0,0,0,0,0,0,654546903,56
0,0,0,0,0,0,0,654547413,56
0,0,0,0,0,0,0,654547923,56
0,0,0,0,0,0,0,654548434,56
0,0,0,0,0,0,0,654548944,56
0,0,0,0,0,0,0,654549454,56
0,0,0,0,0,0,0,654549965,56
0,0,0,0,0,0,0,654550475,56
0,0,0,0,0,0,0,654550986,56
0,0,0,0,0,0,0,654551496,56
0,0,0,0,0,0,0,654552008,56
0,0,0,0,0,0,0,654552519,56
0,0,0,0,0,0,0,654553029,56
0,0,0,0,0,0,0,654553539,56
0,0,0,0,0,0,0,654554049,56
0,0,0,0,0,0,0,654554560,56
0,0,0,0,0,0,0,654555072,56
0,0,0,0,0,0,0,654555587,56
0,0,0,0,0,0,0,654556097,56
0,0,0,0,0,0,0,654556607,56
0,0,0,0,0,0,0,654557118,56
0,0,0,0,0,0,0,654557628,56
0,0,0,0,0,0,0,654558138,56
0,0,0,0,0,0,0,654558652,56
0,0,0,0,0,0,0,654559163,56
0,0,0,0,0,0,0,654559673,56
0,0,0,0,0,0,0,654560184,56
0,0,0,0,0,0,0,654560694,56
0,0,0,0,0,0,0,654561205,56
0,0,0,0,0,0,0,654561715,56
0,0,0,0,0,0,0,654562225,56
0,0,0,0,0,0,0,654562736,56
0,0,0,0,0,0,0,654563246,56
0,0,0,0,0,0,0,654563756,56
0,0,0,0,0,0,0,654564267,56
0,0,0,0,0,0,0,654564777,56
0,0,0,0,0,0,0,654565287,56
0,0,0,0,0,0,0,654565798,56
0,0,0,0,0,0,0,654566308,56
0,0,0,0,0,0,0,654566818,56
0,0,0,0,0,0,0,654567329,56
0,0,0,0,0,0,0,654567839,56
0,0,0,0,0,0,0,654568349,56
0,0,0,0,0,0,0,654568860,56
0,0,0,0,0,0,0,654569370,56
0,0,0,0,0,0,0,654569881,56
0,0,0,0,0,0,0,654570391,56
0,0,0,0,0,0,0,654570901,56
0,0,0,0,0,0,0,654571412,56
0,0,0,0,0,0,0,654571922,56
0,0,0,0,0,0,0,654572432,56
0,0,0,0,0,0,0,654572943,56
0,0,0,0,0,0,0,654573453,56
0,0,0,0,0,0,0,654573963,56
0,0,0,0,0,0,0,654574474,56
0,0,0,0,0,0,0,654574984,56
0,0,0,0,0,0,0,654575495,56
0,0,0,0,0,0,0,654576007,56
0,0,0,0,0,0,0,654576517,56
0,0,0,0,0,0,0,654577031,56
0,0,0,0,0,0,0,654577542,56
0,0,0,0,0,0,0,654578052,56
0,0,0,0,0,0,0,654578562,56
0,0,0,0,0,0,0,654579075,56
0,0,0,0,0,0,0,654579585,56
0,0,0,0,0,0,0,654580099,56
0,0,0,0,0,0,0,654580610,56
0,0,0,0,0,0,0,654581120,56
0,0,0,0,0,0,0,654581630,56
0,0,0,0,0,0,0,654582140,56
0,0,0,0,0,0,0,654582655,56
0,0,0,0,0,0,0,654583165,56
0,0,0,0,0,0,0,654583679,56
0,0,0,0,0,0,0,654584189,56
0,0,0,0,0,0,0,654584700,56
0,0,0,0,0,0,0,654585210,56
0,0,0,0,0,0,0,654585721,56
0,0,0,0,0,0,0,654586231,56
0,0,0,0,0,0,0,654586741,56
0,0,0,0,0,0,0,654587252,56
0,0,0,0,0,0,0,654587762,56
0,0,0,0,0,0,0,654588272,56
0,0,0,0,0,0,0,654588783,56
0,0,0,0,0,0,0,654589293,56
0,0,0,0,0,0,0,654589803,56
0,0,0,0,0,0,0,654590314,56
0,0,0,0,0,0,0,654590824,56
0,0,0,0,0,0,0,654591334,56
0,0,0,0,0,0,0,654591845,56
0,0,0,0,0,0,0,654592355,56
0,0,0,0,0,0,0,654592865,56
0,0,0,0,0,0,0,654593376,56
0,0,0,0,0,0,0,654593886,56
0,0,0,0,0,0,0,654594396,56
0,0,0,0,0,0,0,654594907,56
0,0,0,0,0,0,0,654595417,56
0,0,0,0,0,0,0,654595928,56
0,0,0,0,0,0,0,654596438,56
0,0,0,0,0,0,0,654596948,56
0,0,0,0,0,0,0,654597459,56
0,0,0,0,0,0,0,654597969,56
0,0,0,0,0,0,0,654598480,56
0,0,0,0,0,0,0,654598990,56
0,0,0,0,0,0,0,654599502,56
0,0,0,0,0,0,0,654600013,56
0,0,0,0,0,0,0,654600523,56
0,0,0,0,0,0,0,654601037,56
0,0,0,0,0,0,0,654601548,56
0,0,0,0,0,0,0,654602058,56
0,0,0,0,0,0,0,654602568,56
0,0,0,0,0,0,0,654603081,56
0,0,0,0,0,0,0,654603591,56
0,0,0,0,0,0,0,654604105,56
0,0,0,0,0,0,0,654604616,56
0,0,0,0,0,0,0,654605126,56
0,0,0,0,0,0,0,654605636,56
0,0,0,0,0,0,0,654828944,56
0,0,0,0,0,0,0,654829454,56
0,0,0,0,0,0,0,654829964,56
0,0,0,0,0,0,0,654830475,56
0,0,0,0,0,0,0,654830985,56
0,0,0,0,0,0,0,654831496,56
0,0,0,0,0,0,0,654832008,56
0,0,0,0,0,0,0,654832518,56
0,0,0,0,0,0,0,654833029,56
0,0,0,0,0,0,0,654833539,56
0,0,0,0,0,0,0,654834049,56
0,0,0,0,0,0,0,654834560,56
0,0,0,0,0,0,0,654835072,56
0,0,0,0,0,0,0,654835582,56
0,0,0,0,0,0,0,654836093,56
0,0,0,0,0,0,0,654836603,56
0,0,0,0,0,0,0,654837113,56
0,0,0,0,0,0,0,654837624,56
0,0,0,0,0,0,0,654838135,56
0,0,0,0,0,0,0,654838646,56
0,0,0,0,0,0,0,654839156,56
0,0,0,0,0,0,0,654839667,56
0,0,0,0,0,0,0,654840177,56
0,0,0,0,0,0,0,654840691,56
0,0,0,0,0,0,0,654841202,56
0,0,0,0,0,0,0,654841712,56
0,0,0,0,0,0,0,654842222,56
0,0,0,0,0,0,0,654842732,56
0,0,0,0,0,0,0,654843243,56
0,0,0,0,0,0,0,654843757,56
0,0,0,0,0,0,0,654844267,56
0,0,0,0,0,0,0,654844780,56
0,0,0,0,0,0,0,654845290,56
0,0,0,0,0,0,0,654845800,56
0,0,0,0,0,0,0,654846311,56
0,0,0,0,0,0,0,654846821,56
0,0,0,0,0,0,0,654847331,56
0,0,0,0,0,0,0,654847842,56
0,0,0,0,0,0,0,654848352,56
0,0,0,0,0,0,0,654848863,56
0,0,0,0,0,0,0,654849373,56
0,0,0,0,0,0,0,654849883,56
0,0,0,0,0,0,0,654850394,56
0,0,0,0,0,0,0,654850904,56
0,0,0,0,0,0,0,654851414,56
0,0,0,0,0,0,0,654851925,56
0,0,0,0,0,0,0,654852435,56
0,0,0,0,0,0,0,654852946,56
0,0,0,0,0,0,0,654853456,56
0,0,0,0,0,0,0,654853966,56
0,0,0,0,0,0,0,654854477,56
0,0,0,0,0,0,0,654854987,56
0,0,0,0,0,0,0,654855499,56
0,0,0,0,0,0,0,654856011,56
0,0,0,0,0,0,0,654856521,56
0,0,0,0,0,0,0,654857032,56
0,0,0,0,0,0,0,654857542,56
0,0,0,0,0,0,0,654858052,56
0,0,0,0,0,0,0,654858563,56
0,0,0,0,0,0,0,654859075,56
0,0,0,0,0,0,0,654859585,56
0,0,0,0,0,0,0,654860095,56
0,0,0,0,0,0,0,654860606,56
0,0,0,0,0,0,0,654861116,56
0,0,0,0,0,0,0,654861626,56
0,0,0,0,0,0,0,654862141,56
0,0,0,0,0,0,0,654862651,56
0,0,0,0,0,0,0,654863162,56
0,0,0,0,0,0,0,654863672,56
0,0,0,0,0,0,0,654864182,56
0,0,0,0,0,0,0,654864692,56
0,0,0,0,0,0,0,654865207,56
0,0,0,0,0,0,0,654865717,56
0,0,0,0,0,0,0,654866228,56
0,0,0,0,0,0,0,654866738,56
0,0,0,0,0,0,0,654867248,56
0,0,0,0,0,0,0,654867762,56
0,0,0,0,0,0,0,654868273,56
0,0,0,0,0,0,0,654868787,56
0,0,0,0,0,0,0,654869297,56
0,0,0,0,0,0,0,654869807,56
0,0,0,0,0,0,0,654870318,56
0,0,0,0,0,0,0,654870828,56
0,0,0,0,0,0,0,654871339,56
0,0,0,0,0,0,0,654871849,56
0,0,0,0,0,0,0,654872359,56
0,0,0,0,0,0,0,654872870,56
0,0,0,0,0,0,0,654873380,56
0,0,0,0,0,0,0,654873890,56
0,0,0,0,0,0,0,654874401,56
0,0,0,0,0,0,0,654874911,56
0,0,0,0,0,0,0,654875421,56
0,0,0,0,0,0,0,654875932,56
0,0,0,0,0,0,0,654876444,56
0,0,0,0,0,0,0,654876954,56
0,0,0,0,0,0,0,654877465,56
0,0,0,0,0,0,0,654877975,56
0,0,0,0,0,0,0,654878486,56
0,0,0,0,0,0,0,654878996,56
0,0,0,0,0,0,0,654879508,56
0,0,0,0,0,0,0,654880019,56
0,0,0,0,0,0,0,654880529,56
0,0,0,0,0,0,0,654881039,56
0,0,0,0,0,0,0,654881550,56
0,0,0,0,0,0,0,654882062,56
0,0,0,0,0,0,0,654882572,56
0,0,0,0,0,0,0,654883084,56
0,0,0,0,0,0,0,654883595,56
0,0,0,0,0,0,0,654884105,56
0,0,0,0,0,0,0,654884616,56
0,0,0,0,0,0,0,654885126,56
0,0,0,0,0,0,0,654885636,56
0,0,0,0,0,0,0,654886151,56
0,0,0,0,0,0,0,654886661,56
0,0,0,0,0,0,0,654887171,56
0,0,0,0,0,0,0,654887682,56
0,0,0,0,0,0,0,654888192,56
0,0,0,0,0,0,0,654888702,56
0,0,0,0,0,0,0,654889217,56
0,0,0,0,0,0,0,654889727,56
0,0,0,0,0,0,0,654890237,56
0,0,0,0,0,0,0,654890748,56
0,0,0,0,0,0,0,654891258,56
0,0,0,0,0,0,0,654891772,56
0,0,0,0,0,0,0,654892283,56
0,0,0,0,0,0,0,654892796,56
0,0,0,0,0,0,0,654893307,56
0,0,0,0,0,0,0,654893817,56
0,0,0,0,0,0,0,654894328,56
0,0,0,0,0,0,0,654894838,56
0,0,0,0,0,0,0,654895348,56
0,0,0,0,0,0,0,654895859,56
0,0,0,0,0,0,0,654896369,56
0,0,0,0,0,0,0,654896879,56
0,0,0,0,0,0,0,654897390,56
0,0,0,0,0,0,0,654897900,56
0,0,0,0,0,0,0,654898410,56
0,0,0,0,0,0,0,654898921,56
0,0,0,0,0,0,0,655120691,56
0,0,0,0,0,0,0,655121201,56
0,0,0,0,0,0,0,655121712,56
0,0,0,0,0,0,0,655122222,56
0,0,0,0,0,0,0,655122732,56
0,0,0,0,0,0,0,655123243,56
0,0,0,0,0,0,0,655123753,56
0,0,0,0,0,0,0,655124264,56
0,0,0,0,0,0,0,655124774,56
0,0,0,0,0,0,0,655125284,56
0,0,0,0,0,0,0,655125799,56
0,0,0,0,0,0,0,655126309,56
0,0,0,0,0,0,0,655126819,56
0,0,0,0,0,0,0,655127330,56
0,0,0,0,0,0,0,655127840,56
0,0,0,0,0,0,0,655128350,56
0,0,0,0,0,0,0,655128865,56
0,0,0,0,0,0,0,655129375,56
0,0,0,0,0,0,0,655129885,56
0,0,0,0,0,0,0,655130396,56
0,0,0,0,0,0,0,655130906,56
0,0,0,0,0,0,0,655131416,56
0,0,0,0,0,0,0,655131927,56
0,0,0,0,0,0,0,655132437,56
0,0,0,0,0,0,0,655132948,56
0,0,0,0,0,0,0,655133458,56
0,0,0,0,0,0,0,655133968,56
0,0,0,0,0,0,0,655134479,56
0,0,0,0,0,0,0,655134989,56
0,0,0,0,0,0,0,655135501,56
0,0,0,0,0,0,0,655136012,56
0,0,0,0,0,0,0,655136522,56
0,0,0,0,0,0,0,655137032,56
0,0,0,0,0,0,0,655137543,56
0,0,0,0,0,0,0,655138053,56
0,0,0,0,0,0,0,655138563,56
0,0,0,0,0,0,0,655139075,56
0,0,0,0,0,0,0,655139586,56
0,0,0,0,0,0,0,655140096,56
0,0,0,0,0,0,0,655140606,56
0,0,0,0,0,0,0,655141117,56
0,0,0,0,0,0,0,655141627,56
0,0,0,0,0,0,0,655142137,56
0,0,0,0,0,0,0,655142648,56
0,0,0,0,0,0,0,655143158,56
0,0,0,0,0,0,0,655143668,56
0,0,0,0,0,0,0,655144179,56
0,0,0,0,0,0,0,655144689,56
0,0,0,0,0,0,0,655145199,56
0,0,0,0,0,0,0,655145710,56
0,0,0,0,0,0,0,655146220,56
0,0,0,0,0,0,0,655146730,56
0,0,0,0,0,0,0,655147245,56
0,0,0,0,0,0,0,655147755,56
0,0,0,0,0,0,0,655148265,56
0,0,0,0,0,0,0,655148776,56
0,0,0,0,0,0,0,655149286,56
0,0,0,0,0,0,0,655149796,56
0,0,0,0,0,0,0,655150311,56
0,0,0,0,0,0,0,655150821,56
0,0,0,0,0,0,0,655151332,56
0,0,0,0,0,0,0,655151842,56
0,0,0,0,0,0,0,655152352,56
0,0,0,0,0,0,0,655152866,56
0,0,0,0,0,0,0,655153377,56
0,0,0,0,0,0,0,655153891,56
0,0,0,0,0,0,0,655154401,56
0,0,0,0,0,0,0,655154911,56
0,0,0,0,0,0,0,655155422,56
0,0,0,0,0,0,0,655155932,56
0,0,0,0,0,0,0,655156444,56
0,0,0,0,0,0,0,655156955,56
0,0,0,0,0,0,0,655157465,56
0,0,0,0,0,0,0,655157976,56
0,0,0,0,0,0,0,655158486,56
0,0,0,0,0,0,0,655158996,56
0,0,0,0,0,0,0,655159509,56
0,0,0,0,0,0,0,655160019,56
0,0,0,0,0,0,0,655160529,56
0,0,0,0,0,0,0,655161040,56
0,0,0,0,0,0,0,655161550,56
0,0,0,0,0,0,0,655162062,56
0,0,0,0,0,0,0,655162572,56
0,0,0,0,0,0,0,655163085,56
0,0,0,0,0,0,0,655163595,56
0,0,0,0,0,0,0,655164105,56
0,0,0,0,0,0,0,655164616,56
0,0,0,0,0,0,0,655165126,56
0,0,0,0,0,0,0,655165636,56
0,0,0,0,0,0,0,655166147,56
0,0,0,0,0,0,0,655166657,56
0,0,0,0,0,0,0,655167167,56
0,0,0,0,0,0,0,655167678,56
0,0,0,0,0,0,0,655168188,56
0,0,0,0,0,0,0,655168698,56
0,0,0,0,0,0,0,655169209,56
0,0,0,0,0,0,0,655169719,56
0,0,0,0,0,0,0,655170230,56
0,0,0,0,0,0,0,655170740,56
0,0,0,0,0,0,0,655171254,56
0,0,0,0,0,0,0,655171764,56
0,0,0,0,0,0,0,655172275,56
0,0,0,0,0,0,0,655172785,56
0,0,0,0,0,0,0,655173295,56
0,0,0,0,0,0,0,655173806,56
0,0,0,0,0,0,0,655174320,56
0,0,0,0,0,0,0,655174830,56
0,0,0,0,0,0,0,655175341,56
0,0,0,0,0,0,0,655175851,56
0,0,0,0,0,0,0,655176361,56
0,0,0,0,0,0,0,655176876,56
0,0,0,0,0,0,0,655177386,56
0,0,0,0,0,0,0,655177900,56
0,0,0,0,0,0,0,655178410,56
0,0,0,0,0,0,0,655178921,56
0,0,0,0,0,0,0,655179431,56
0,0,0,0,0,0,0,655179942,56
0,0,0,0,0,0,0,655180452,56
0,0,0,0,0,0,0,655180962,56
0,0,0,0,0,0,0,655181473,56
0,0,0,0,0,0,0,655181983,56
0,0,0,0,0,0,0,655182494,56
0,0,0,0,0,0,0,655183006,56
0,0,0,0,0,0,0,655183516,56
0,0,0,0,0,0,0,655184026,56
0,0,0,0,0,0,0,655184537,56
0,0,0,0,0,0,0,655185047,56
0,0,0,0,0,0,0,655185557,56
0,0,0,0,0,0,0,655186070,56
0,0,0,0,0,0,0,655186580,56
0,0,0,0,0,0,0,655187091,56
0,0,0,0,0,0,0,655187601,56
0,0,0,0,0,0,0,655188111,56
0,0,0,0,0,0,0,655411406,56
0,0,0,0,0,0,0,655411916,56
0,0,0,0,0,0,0,655412426,56
0,0,0,0,0,0,0,655412936,56
0,0,0,0,0,0,0,655413449,56
0,0,0,0,0,0,0,655413963,56
0,0,0,0,0,0,0,655414473,56
0,0,0,0,0,0,0,655414985,56
0,0,0,0,0,0,0,655415496,56
0,0,0,0,0,0,0,655416008,56
0,0,0,0,0,0,0,655416518,56
0,0,0,0,0,0,0,655417028,56
0,0,0,0,0,0,0,655417539,56
0,0,0,0,0,0,0,655418049,56
0,0,0,0,0,0,0,655418560,56
0,0,0,0,0,0,0,655419072,56
0,0,0,0,0,0,0,655419582,56
0,0,0,0,0,0,0,655420092,56
0,0,0,0,0,0,0,655420603,56
0,0,0,0,0,0,0,655421113,56
0,0,0,0,0,0,0,655421623,56
0,0,0,0,0,0,0,655422134,56
0,0,0,0,0,0,0,655422644,56
0,0,0,0,0,0,0,655423155,56
0,0,0,0,0,0,0,655423665,56
0,0,0,0,0,0,0,655424175,56
0,0,0,0,0,0,0,655424686,56
0,0,0,0,0,0,0,655425196,56
0,0,0,0,0,0,0,655425706,56
0,0,0,0,0,0,0,655426217,56
0,0,0,0,0,0,0,655426727,56
0,0,0,0,0,0,0,655427238,56
0,0,0,0,0,0,0,655427748,56
0,0,0,0,0,0,0,655428258,56
0,0,0,0,0,0,0,655428768,56
0,0,0,0,0,0,0,655429279,56
0,0,0,0,0,0,0,655429789,56
0,0,0,0,0,0,0,655430299,56
0,0,0,0,0,0,0,655430810,56
0,0,0,0,0,0,0,655431320,56
0,0,0,0,0,0,0,655431830,56
0,0,0,0,0,0,0,655432345,56
0,0,0,0,0,0,0,655432855,56
0,0,0,0,0,0,0,655433365,56
0,0,0,0,0,0,0,655433876,56
0,0,0,0,0,0,0,655434386,56
0,0,0,0,0,0,0,655434897,56
0,0,0,0,0,0,0,655435411,56
0,0,0,0,0,0,0,655435921,56
0,0,0,0,0,0,0,655436432,56
0,0,0,0,0,0,0,655436942,56
0,0,0,0,0,0,0,655437452,56
0,0,0,0,0,0,0,655437966,56
0,0,0,0,0,0,0,655438477,56
0,0,0,0,0,0,0,655438991,56
0,0,0,0,0,0,0,655439503,56
0,0,0,0,0,0,0,655440013,56
0,0,0,0,0,0,0,655440524,56
0,0,0,0,0,0,0,655441034,56
0,0,0,0,0,0,0,655441544,56
0,0,0,0,0,0,0,655442055,56
0,0,0,0,0,0,0,655442565,56
0,0,0,0,0,0,0,655443077,56
0,0,0,0,0,0,0,655443588,56
0,0,0,0,0,0,0,655444098,56
0,0,0,0,0,0,0,655444608,56
0,0,0,0,0,0,0,655445119,56
0,0,0,0,0,0,0,655445629,56
0,0,0,0,0,0,0,655446139,56
0,0,0,0,0,0,0,655446650,56
0,0,0,0,0,0,0,655447160,56
0,0,0,0,0,0,0,655447670,56
0,0,0,0,0,0,0,655448181,56
0,0,0,0,0,0,0,655448691,56
0,0,0,0,0,0,0,655449201,56
0,0,0,0,0,0,0,655449712,56
0,0,0,0,0,0,0,655450222,56
0,0,0,0,0,0,0,655450732,56
0,0,0,0,0,0,0,655451243,56
0,0,0,0,0,0,0,655451753,56
0,0,0,0,0,0,0,655452263,56
0,0,0,0,0,0,0,655452774,56
0,0,0,0,0,0,0,655453284,56
0,0,0,0,0,0,0,655453794,56
0,0,0,0,0,0,0,655454305,56
0,0,0,0,0,0,0,655454815,56
0,0,0,0,0,0,0,655455326,56
0,0,0,0,0,0,0,655455836,56
0,0,0,0,0,0,0,655456350,56
0,0,0,0,0,0,0,655456860,56
0,0,0,0,0,0,0,655457371,56
0,0,0,0,0,0,0,655457881,56
0,0,0,0,0,0,0,655458392,56
0,0,0,0,0,0,0,655458902,56
0,0,0,0,0,0,0,655459416,56
0,0,0,0,0,0,0,655459927,56
0,0,0,0,0,0,0,655460437,56
0,0,0,0,0,0,0,655460947,56
0,0,0,0,0,0,0,655461457,56
0,0,0,0,0,0,0,655461972,56
0,0,0,0,0,0,0,655462482,56
0,0,0,0,0,0,0,655462996,56
0,0,0,0,0,0,0,655463508,56
0,0,0,0,0,0,0,655464019,56
0,0,0,0,0,0,0,655464529,56
0,0,0,0,0,0,0,655465040,56
0,0,0,0,0,0,0,655465550,56
0,0,0,0,0,0,0,655466062,56
0,0,0,0,0,0,0,655466572,56
0,0,0,0,0,0,0,655467085,56
0,0,0,0,0,0,0,655467595,56
0,0,0,0,0,0,0,655468105,56
0,0,0,0,0,0,0,655468616,56
0,0,0,0,0,0,0,655469126,56
0,0,0,0,0,0,0,655469636,56
0,0,0,0,0,0,0,655470147,56
0,0,0,0,0,0,0,655470657,56
0,0,0,0,0,0,0,655471168,56
0,0,0,0,0,0,0,655471678,56
0,0,0,0,0,0,0,655472188,56
0,0,0,0,0,0,0,655472699,56
0,0,0,0,0,0,0,655473209,56
0,0,0,0,0,0,0,655473719,56
0,0,0,0,0,0,0,655474230,56
0,0,0,0,0,0,0,655474740,56
0,0,0,0,0,0,0,655475250,56
0,0,0,0,0,0,0,655475761,56
0,0,0,0,0,0,0,655476271,56
0,0,0,0,0,0,0,655476781,56
0,0,0,0,0,0,0,655477292,56
0,0,0,0,0,0,0,655477802,56
0,0,0,0,0,0,0,655478313,56
0,0,0,0,0,0,0,655700592,56
0,0,0,0,0,0,0,655701102,56
0,0,0,0,0,0,0,655701613,56
0,0,0,0,0,0,0,655702123,56
0,0,0,0,0,0,0,655702634,56
0,0,0,0,0,0,0,655703144,56
0,0,0,0,0,0,0,655703654,56
0,0,0,0,0,0,0,655704165,56
0,0,0,0,0,0,0,655704675,56
0,0,0,0,0,0,0,655705185,56
0,0,0,0,0,0,0,655705696,56
0,0,0,0,0,0,0,655706206,56
0,0,0,0,0,0,0,655706716,56
0,0,0,0,0,0,0,655707227,56
0,0,0,0,0,0,0,655707737,56
0,0,0,0,0,0,0,655708247,56
0,0,0,0,0,0,0,655708758,56
0,0,0,0,0,0,0,655709268,56
0,0,0,0,0,0,0,655709778,56
0,0,0,0,0,0,0,655710289,56
0,0,0,0,0,0,0,655710799,56
0,0,0,0,0,0,0,655711310,56
0,0,0,0,0,0,0,655711820,56
0,0,0,0,0,0,0,655712330,56
0,0,0,0,0,0,0,655712840,56
0,0,0,0,0,0,0,655713351,56
0,0,0,0,0,0,0,655713861,56
0,0,0,0,0,0,0,655714371,56
0,0,0,0,0,0,0,655714882,56
0,0,0,0,0,0,0,655715392,56
0,0,0,0,0,0,0,655715903,56
0,0,0,0,0,0,0,655716413,56
0,0,0,0,0,0,0,655716923,56
0,0,0,0,0,0,0,655717437,56
0,0,0,0,0,0,0,655717947,56
0,0,0,0,0,0,0,655718457,56
0,0,0,0,0,0,0,655718968,56
0,0,0,0,0,0,0,655719478,56
0,0,0,0,0,0,0,655719992,56
0,0,0,0,0,0,0,655720504,56
0,0,0,0,0,0,0,655721015,56
0,0,0,0,0,0,0,655721525,56
0,0,0,0,0,0,0,655722035,56
0,0,0,0,0,0,0,655722546,56
0,0,0,0,0,0,0,655723062,56
0,0,0,0,0,0,0,655723572,56
0,0,0,0,0,0,0,655724084,56
0,0,0,0,0,0,0,655724594,56
0,0,0,0,0,0,0,655725105,56
0,0,0,0,0,0,0,655725615,56
0,0,0,0,0,0,0,655726126,56
0,0,0,0,0,0,0,655726636,56
0,0,0,0,0,0,0,655727147,56
0,0,0,0,0,0,0,655727657,56
0,0,0,0,0,0,0,655728167,56
0,0,0,0,0,0,0,655728677,56
0,0,0,0,0,0,0,655729188,56
0,0,0,0,0,0,0,655729698,56
0,0,0,0,0,0,0,655730209,56
0,0,0,0,0,0,0,655730719,56
0,0,0,0,0,0,0,655731229,56
0,0,0,0,0,0,0,655731740,56
0,0,0,0,0,0,0,655732250,56
0,0,0,0,0,0,0,655732760,56
0,0,0,0,0,0,0,655733270,56
0,0,0,0,0,0,0,655733781,56
0,0,0,0,0,0,0,655734291,56
0,0,0,0,0,0,0,655734801,56
0,0,0,0,0,0,0,655735312,56
0,0,0,0,0,0,0,655735822,56
0,0,0,0,0,0,0,655736332,56
0,0,0,0,0,0,0,655736843,56
0,0,0,0,0,0,0,655737353,56
0,0,0,0,0,0,0,655737863,56
0,0,0,0,0,0,0,655738374,56
0,0,0,0,0,0,0,655738884,56
0,0,0,0,0,0,0,655739395,56
0,0,0,0,0,0,0,655739905,56
0,0,0,0,0,0,0,655740415,56
0,0,0,0,0,0,0,655740926,56
0,0,0,0,0,0,0,655741442,56
0,0,0,0,0,0,0,655741952,56
0,0,0,0,0,0,0,655742462,56
0,0,0,0,0,0,0,655742973,56
0,0,0,0,0,0,0,655743483,56
0,0,0,0,0,0,0,655743993,56
0,0,0,0,0,0,0,655744510,56
0,0,0,0,0,0,0,655745020,56
0,0,0,0,0,0,0,655745530,56
0,0,0,0,0,0,0,655746041,56
0,0,0,0,0,0,0,655746551,56
0,0,0,0,0,0,0,655747067,56
0,0,0,0,0,0,0,655747577,56
0,0,0,0,0,0,0,655748091,56
0,0,0,0,0,0,0,655748601,56
0,0,0,0,0,0,0,655749111,56
0,0,0,0,0,0,0,655749622,56
0,0,0,0,0,0,0,655750132,56
0,0,0,0,0,0,0,655750643,56
0,0,0,0,0,0,0,655751153,56
0,0,0,0,0,0,0,655751663,56
0,0,0,0,0,0,0,655752174,56
0,0,0,0,0,0,0,655752684,56
0,0,0,0,0,0,0,655753195,56
0,0,0,0,0,0,0,655753705,56
0,0,0,0,0,0,0,655754215,56
0,0,0,0,0,0,0,655754725,56
0,0,0,0,0,0,0,655755236,56
0,0,0,0,0,0,0,655755746,56
0,0,0,0,0,0,0,655756257,56
0,0,0,0,0,0,0,655756767,56
0,0,0,0,0,0,0,655757277,56
0,0,0,0,0,0,0,655757788,56
0,0,0,0,0,0,0,655758298,56
0,0,0,0,0,0,0,655758808,56
0,0,0,0,0,0,0,655759319,56
0,0,0,0,0,0,0,655759829,56
0,0,0,0,0,0,0,655760339,56
0,0,0,0,0,0,0,655760850,56
0,0,0,0,0,0,0,655761360,56
0,0,0,0,0,0,0,655761871,56
0,0,0,0,0,0,0,655762381,56
0,0,0,0,0,0,0,655762891,56
0,0,0,0,0,0,0,655763402,56
0,0,0,0,0,0,0,655763912,56
0,0,0,0,0,0,0,655764422,56
0,0,0,0,0,0,0,655764933,56
0,0,0,0,0,0,0,655765449,56
0,0,0,0,0,0,0,655765959,56
0,0,0,0,0,0,0,655766470,56
0,0,0,0,0,0,0,655766980,56
0,0,0,0,0,0,0,655767491,56
0,0,0,0,0,0,0,655768003,56
0,0,0,0,0,0,0,656001429,56
0,0,0,0,0,0,0,656001939,56
0,0,0,0,0,0,0,656002450,56
0,0,0,0,0,0,0,656002960,56
0,0,0,0,0,0,0,656003470,56
0,0,0,0,0,0,0,656003981,56
0,0,0,0,0,0,0,656004491,56
0,0,0,0,0,0,0,656005003,56
0,0,0,0,0,0,0,656005514,56
0,0,0,0,0,0,0,656006024,56
0,0,0,0,0,0,0,656006534,56
0,0,0,0,0,0,0,656007045,56
0,0,0,0,0,0,0,656007555,56
0,0,0,0,0,0,0,656008067,56
0,0,0,0,0,0,0,656008581,56
0,0,0,0,0,0,0,656009092,56
0,0,0,0,0,0,0,656009602,56
0,0,0,0,0,0,0,656010113,56
0,0,0,0,0,0,0,656010623,56
0,0,0,0,0,0,0,656011133,56
0,0,0,0,0,0,0,656011643,56
0,0,0,0,0,0,0,656012158,56
0,0,0,0,0,0,0,656012668,56
0,0,0,0,0,0,0,656013179,56
0,0,0,0,0,0,0,656013689,56
0,0,0,0,0,0,0,656014199,56
0,0,0,0,0,0,0,656014709,56
0,0,0,0,0,0,0,656015220,56
0,0,0,0,0,0,0,656015730,56
0,0,0,0,0,0,0,656016241,56
0,0,0,0,0,0,0,656016751,56
0,0,0,0,0,0,0,656017261,56
0,0,0,0,0,0,0,656017772,56
0,0,0,0,0,0,0,656018282,56
0,0,0,0,0,0,0,656018792,56
0,0,0,0,0,0,0,656019303,56
0,0,0,0,0,0,0,656019813,56
0,0,0,0,0,0,0,656020323,56
0,0,0,0,0,0,0,656020834,56
0,0,0,0,0,0,0,656021344,56
0,0,0,0,0,0,0,656021854,56
0,0,0,0,0,0,0,656022365,56
0,0,0,0,0,0,0,656022875,56
0,0,0,0,0,0,0,656023386,56
0,0,0,0,0,0,0,656023896,56
0,0,0,0,0,0,0,656024406,56
0,0,0,0,0,0,0,656024917,56
0,0,0,0,0,0,0,656025427,56
0,0,0,0,0,0,0,656025937,56
0,0,0,0,0,0,0,656026448,56
0,0,0,0,0,0,0,656026959,56
0,0,0,0,0,0,0,656027469,56
0,0,0,0,0,0,0,656027979,56
0,0,0,0,0,0,0,656028490,56
0,0,0,0,0,0,0,656029002,56
0,0,0,0,0,0,0,656029513,56
0,0,0,0,0,0,0,656030023,56
0,0,0,0,0,0,0,656030535,56
0,0,0,0,0,0,0,656031045,56
0,0,0,0,0,0,0,656031556,56
0,0,0,0,0,0,0,656032068,56
0,0,0,0,0,0,0,656032578,56
0,0,0,0,0,0,0,656033094,56
0,0,0,0,0,0,0,656033604,56
0,0,0,0,0,0,0,656034115,56
0,0,0,0,0,0,0,656034625,56
0,0,0,0,0,0,0,656035135,56
0,0,0,0,0,0,0,656035646,56
0,0,0,0,0,0,0,656036160,56
0,0,0,0,0,0,0,656036670,56
0,0,0,0,0,0,0,656037181,56
0,0,0,0,0,0,0,656037691,56
0,0,0,0,0,0,0,656038201,56
0,0,0,0,0,0,0,656038712,56
0,0,0,0,0,0,0,656039222,56
0,0,0,0,0,0,0,656039732,56
0,0,0,0,0,0,0,656040243,56
0,0,0,0,0,0,0,656040753,56
0,0,0,0,0,0,0,656041264,56
0,0,0,0,0,0,0,656041774,56
0,0,0,0,0,0,0,656042284,56
0,0,0,0,0,0,0,656042795,56
0,0,0,0,0,0,0,656043305,56
0,0,0,0,0,0,0,656043815,56
0,0,0,0,0,0,0,656044326,56
0,0,0,0,0,0,0,656044836,56
0,0,0,0,0,0,0,656045347,56
0,0,0,0,0,0,0,656045857,56
0,0,0,0,0,0,0,656046367,56
0,0,0,0,0,0,0,656046878,56
0,0,0,0,0,0,0,656047388,56
0,0,0,0,0,0,0,656047898,56
0,0,0,0,0,0,0,656048409,56
0,0,0,0,0,0,0,656048919,56
0,0,0,0,0,0,0,656049429,56
0,0,0,0,0,0,0,656049940,56
0,0,0,0,0,0,0,656050450,56
0,0,0,0,0,0,0,656050960,56
0,0,0,0,0,0,0,656051471,56
0,0,0,0,0,0,0,656051981,56
0,0,0,0,0,0,0,656052491,56
0,0,0,0,0,0,0,656053004,56
0,0,0,0,0,0,0,656053514,56
0,0,0,0,0,0,0,656054024,56
0,0,0,0,0,0,0,656054538,56
0,0,0,0,0,0,0,656055049,56
0,0,0,0,0,0,0,656055559,56
0,0,0,0,0,0,0,656056071,56
0,0,0,0,0,0,0,656056582,56
0,0,0,0,0,0,0,656057096,56
0,0,0,0,0,0,0,656057606,56
0,0,0,0,0,0,0,656058117,56
0,0,0,0,0,0,0,656058627,56
0,0,0,0,0,0,0,656059137,56
0,0,0,0,0,0,0,656059648,56
0,0,0,0,0,0,0,656060162,56
0,0,0,0,0,0,0,656060672,56
0,0,0,0,0,0,0,656061186,56
0,0,0,0,0,0,0,656061696,56
0,0,0,0,0,0,0,656062206,56
0,0,0,0,0,0,0,656062717,56
0,0,0,0,0,0,0,656063227,56
0,0,0,0,0,0,0,656063737,56
0,0,0,0,0,0,0,656064248,56
0,0,0,0,0,0,0,656064758,56
0,0,0,0,0,0,0,656065269,56
0,0,0,0,0,0,0,656065779,56
0,0,0,0,0,0,0,656066289,56
0,0,0,0,0,0,0,656066800,56
0,0,0,0,0,0,0,656067310,56
0,0,0,0,0,0,0,656067820,56
0,0,0,0,0,0,0,656068331,56
0,0,0,0,0,0,0,656068841,56
0,0,0,0,0,0,0,656069352,56
0,0,0,0,0,0,0,656298720,56
0,0,0,0,0,0,0,656299234,56
0,0,0,0,0,0,0,656299744,56
0,0,0,0,0,0,0,656300257,56
0,0,0,0,0,0,0,656300767,56
0,0,0,0,0,0,0,656301277,56
0,0,0,0,0,0,0,656301788,56
0,0,0,0,0,0,0,656302298,56
0,0,0,0,0,0,0,656302808,56
0,0,0,0,0,0,0,656303319,56
0,0,0,0,0,0,0,656303829,56
0,0,0,0,0,0,0,656304339,56
0,0,0,0,0,0,0,656304850,56
0,0,0,0,0,0,0,656305360,56
0,0,0,0,0,0,0,656305871,56
0,0,0,0,0,0,0,656306381,56
0,0,0,0,0,0,0,656306891,56
0,0,0,0,0,0,0,656307402,56
0,0,0,0,0,0,0,656307912,56
0,0,0,0,0,0,0,656308422,56
0,0,0,0,0,0,0,656308933,56
0,0,0,0,0,0,0,656309445,56
0,0,0,0,0,0,0,656309955,56
0,0,0,0,0,0,0,656310466,56
0,0,0,0,0,0,0,656310976,56
0,0,0,0,0,0,0,656311486,56
0,0,0,0,0,0,0,656311997,56
0,0,0,0,0,0,0,656312509,56
0,0,0,0,0,0,0,656313019,56
0,0,0,0,0,0,0,656313530,56
0,0,0,0,0,0,0,656314040,56
0,0,0,0,0,0,0,656314550,56
0,0,0,0,0,0,0,656315063,56
0,0,0,0,0,0,0,656315573,56
0,0,0,0,0,0,0,656316085,56
0,0,0,0,0,0,0,656316595,56
0,0,0,0,0,0,0,656317106,56
0,0,0,0,0,0,0,656317620,56
0,0,0,0,0,0,0,656318130,56
0,0,0,0,0,0,0,656318641,56
0,0,0,0,0,0,0,656319151,56
0,0,0,0,0,0,0,656319662,56
0,0,0,0,0,0,0,656320176,56
0,0,0,0,0,0,0,656320686,56
0,0,0,0,0,0,0,656321197,56
0,0,0,0,0,0,0,656321707,56
0,0,0,0,0,0,0,656322217,56
0,0,0,0,0,0,0,656322728,56
0,0,0,0,0,0,0,656323242,56
0,0,0,0,0,0,0,656323752,56
0,0,0,0,0,0,0,656324264,56
0,0,0,0,0,0,0,656324774,56
0,0,0,0,0,0,0,656325285,56
0,0,0,0,0,0,0,656325795,56
0,0,0,0,0,0,0,656326305,56
0,0,0,0,0,0,0,656326816,56
0,0,0,0,0,0,0,656327326,56
0,0,0,0,0,0,0,656327837,56
0,0,0,0,0,0,0,656328347,56
0,0,0,0,0,0,0,656328857,56
0,0,0,0,0,0,0,656329368,56
0,0,0,0,0,0,0,656329878,56
0,0,0,0,0,0,0,656330388,56
0,0,0,0,0,0,0,656330899,56
0,0,0,0,0,0,0,656331409,56
0,0,0,0,0,0,0,656331919,56
0,0,0,0,0,0,0,656332430,56
0,0,0,0,0,0,0,656332940,56
0,0,0,0,0,0,0,656333450,56
0,0,0,0,0,0,0,656333961,56
0,0,0,0,0,0,0,656334471,56
0,0,0,0,0,0,0,656334981,56
0,0,0,0,0,0,0,656335492,56
0,0,0,0,0,0,0,656336004,56
0,0,0,0,0,0,0,656336514,56
0,0,0,0,0,0,0,656337025,56
0,0,0,0,0,0,0,656337535,56
0,0,0,0,0,0,0,656338045,56
0,0,0,0,0,0,0,656338556,56
0,0,0,0,0,0,0,656339068,56
0,0,0,0,0,0,0,656339578,56
0,0,0,0,0,0,0,656340090,56
0,0,0,0,0,0,0,656340600,56
0,0,0,0,0,0,0,656341111,56
0,0,0,0,0,0,0,656341625,56
0,0,0,0,0,0,0,656342135,56
0,0,0,0,0,0,0,656342646,56
0,0,0,0,0,0,0,656343156,56
0,0,0,0,0,0,0,656343666,56
0,0,0,0,0,0,0,656344177,56
0,0,0,0,0,0,0,656344691,56
0,0,0,0,0,0,0,656345201,56
0,0,0,0,0,0,0,656345712,56
0,0,0,0,0,0,0,656346222,56
0,0,0,0,0,0,0,656346732,56
0,0,0,0,0,0,0,656347246,56
0,0,0,0,0,0,0,656347757,56
0,0,0,0,0,0,0,656348271,56
0,0,0,0,0,0,0,656348781,56
0,0,0,0,0,0,0,656349291,56
0,0,0,0,0,0,0,656349802,56
0,0,0,0,0,0,0,656350312,56
0,0,0,0,0,0,0,656350823,56
0,0,0,0,0,0,0,656351333,56
0,0,0,0,0,0,0,656351843,56
0,0,0,0,0,0,0,656352354,56
0,0,0,0,0,0,0,656352864,56
0,0,0,0,0,0,0,656353375,56
0,0,0,0,0,0,0,656353885,56
0,0,0,0,0,0,0,656354395,56
0,0,0,0,0,0,0,656354906,56
0,0,0,0,0,0,0,656355416,56
0,0,0,0,0,0,0,656355926,56
0,0,0,0,0,0,0,656356437,56
0,0,0,0,0,0,0,656356947,56
0,0,0,0,0,0,0,656357457,56
0,0,0,0,0,0,0,656357968,56
0,0,0,0,0,0,0,656358478,56
0,0,0,0,0,0,0,656358989,56
0,0,0,0,0,0,0,656359501,56
0,0,0,0,0,0,0,656360011,56
0,0,0,0,0,0,0,656360522,56
0,0,0,0,0,0,0,656361032,56
0,0,0,0,0,0,0,656361542,56
0,0,0,0,0,0,0,656362053,56
0,0,0,0,0,0,0,656362563,56
0,0,0,0,0,0,0,656363075,56
0,0,0,0,0,0,0,656363586,56
0,0,0,0,0,0,0,656364096,56
0,0,0,0,0,0,0,656364606,56
0,0,0,0,0,0,0,656365117,56
0,0,0,0,0,0,0,656365631,56
0,0,0,0,0,0,0,656366141,56
0,0,0,0,0,0,0,656366652,56
0,0,0,0,0,0,0,656582348,56
0,0,0,0,0,0,0,656582859,56
0,0,0,0,0,0,0,656583369,56
0,0,0,0,0,0,0,656583879,56
0,0,0,0,0,0,0,656584390,56
0,0,0,0,0,0,0,656584900,56
0,0,0,0,0,0,0,656585410,56
0,0,0,0,0,0,0,656585921,56
0,0,0,0,0,0,0,656586431,56
0,0,0,0,0,0,0,656586941,56
0,0,0,0,0,0,0,656587452,56
0,0,0,0,0,0,0,656587962,56
0,0,0,0,0,0,0,656588472,56
0,0,0,0,0,0,0,656588983,56
0,0,0,0,0,0,0,656589493,56
0,0,0,0,0,0,0,656590005,56
0,0,0,0,0,0,0,656590516,56
0,0,0,0,0,0,0,656591026,56
0,0,0,0,0,0,0,656591536,56
0,0,0,0,0,0,0,656592047,56
0,0,0,0,0,0,0,656592557,56
0,0,0,0,0,0,0,656593069,56
0,0,0,0,0,0,0,656593579,56
0,0,0,0,0,0,0,656594091,56
0,0,0,0,0,0,0,656594601,56
0,0,0,0,0,0,0,656595111,56
0,0,0,0,0,0,0,656595622,56
0,0,0,0,0,0,0,656596132,56
0,0,0,0,0,0,0,656596642,56
0,0,0,0,0,0,0,656597153,56
0,0,0,0,0,0,0,656597663,56
0,0,0,0,0,0,0,656598173,56
0,0,0,0,0,0,0,656598684,56
0,0,0,0,0,0,0,656599194,56
0,0,0,0,0,0,0,656599708,56
0,0,0,0,0,0,0,656600219,56
0,0,0,0,0,0,0,656600729,56
0,0,0,0,0,0,0,656601239,56
0,0,0,0,0,0,0,656601750,56
0,0,0,0,0,0,0,656602264,56
0,0,0,0,0,0,0,656602774,56
0,0,0,0,0,0,0,656603285,56
0,0,0,0,0,0,0,656603795,56
0,0,0,0,0,0,0,656604305,56
0,0,0,0,0,0,0,656604816,56
0,0,0,0,0,0,0,656605330,56
0,0,0,0,0,0,0,656605840,56
0,0,0,0,0,0,0,656606353,56
0,0,0,0,0,0,0,656606864,56
0,0,0,0,0,0,0,656607374,56
0,0,0,0,0,0,0,656607884,56
0,0,0,0,0,0,0,656608395,56
0,0,0,0,0,0,0,656608905,56
0,0,0,0,0,0,0,656609415,56
0,0,0,0,0,0,0,656609926,56
0,0,0,0,0,0,0,656610436,56
0,0,0,0,0,0,0,656610946,56
0,0,0,0,0,0,0,656611456,56
0,0,0,0,0,0,0,656611967,56
0,0,0,0,0,0,0,656612477,56
0,0,0,0,0,0,0,656612988,56
0,0,0,0,0,0,0,656613500,56
0,0,0,0,0,0,0,656614011,56
0,0,0,0,0,0,0,656614521,56
0,0,0,0,0,0,0,656615032,56
0,0,0,0,0,0,0,656615542,56
0,0,0,0,0,0,0,656616052,56
0,0,0,0,0,0,0,656616563,56
0,0,0,0,0,0,0,656617075,56
0,0,0,0,0,0,0,656617585,56
0,0,0,0,0,0,0,656618095,56
0,0,0,0,0,0,0,656618606,56
0,0,0,0,0,0,0,656619116,56
0,0,0,0,0,0,0,656619626,56
0,0,0,0,0,0,0,656620137,56
0,0,0,0,0,0,0,656620647,56
0,0,0,0,0,0,0,656621157,56
0,0,0,0,0,0,0,656621668,56
0,0,0,0,0,0,0,656622178,56
0,0,0,0,0,0,0,656622688,56
0,0,0,0,0,0,0,656623199,56
0,0,0,0,0,0,0,656623713,56
0,0,0,0,0,0,0,656624223,56
0,0,0,0,0,0,0,656624734,56
0,0,0,0,0,0,0,656625244,56
0,0,0,0,0,0,0,656625755,56
0,0,0,0,0,0,0,656626265,56
0,0,0,0,0,0,0,656626779,56
0,0,0,0,0,0,0,656627290,56
0,0,0,0,0,0,0,656627800,56
0,0,0,0,0,0,0,656628310,56
0,0,0,0,0,0,0,656628821,56
0,0,0,0,0,0,0,656629335,56
0,0,0,0,0,0,0,656629845,56
0,0,0,0,0,0,0,656630359,56
0,0,0,0,0,0,0,656630869,56
0,0,0,0,0,0,0,656631380,56
0,0,0,0,0,0,0,656631890,56
0,0,0,0,0,0,0,656632401,56
0,0,0,0,0,0,0,656632911,56
0,0,0,0,0,0,0,656633421,56
0,0,0,0,0,0,0,656633932,56
0,0,0,0,0,0,0,656634444,56
0,0,0,0,0,0,0,656634954,56
0,0,0,0,0,0,0,656635465,56
0,0,0,0,0,0,0,656635975,56
0,0,0,0,0,0,0,656636485,56
0,0,0,0,0,0,0,656636996,56
0,0,0,0,0,0,0,656637508,56
0,0,0,0,0,0,0,656638018,56
0,0,0,0,0,0,0,656638529,56
0,0,0,0,0,0,0,656639039,56
0,0,0,0,0,0,0,656639550,56
0,0,0,0,0,0,0,656640062,56
0,0,0,0,0,0,0,656640572,56
0,0,0,0,0,0,0,656641084,56
0,0,0,0,0,0,0,656641595,56
0,0,0,0,0,0,0,656642105,56
0,0,0,0,0,0,0,656642615,56
0,0,0,0,0,0,0,656643126,56
0,0,0,0,0,0,0,656643636,56
0,0,0,0,0,0,0,656644146,56
0,0,0,0,0,0,0,656644657,56
0,0,0,0,0,0,0,656645167,56
0,0,0,0,0,0,0,656645677,56
0,0,0,0,0,0,0,656646188,56
0,0,0,0,0,0,0,656646698,56
0,0,0,0,0,0,0,656647208,56
0,0,0,0,0,0,0,656647723,56
0,0,0,0,0,0,0,656648233,56
0,0,0,0,0,0,0,656648743,56
0,0,0,0,0,0,0,656864949,56
0,0,0,0,0,0,0,656865459,56
0,0,0,0,0,0,0,656865969,56
0,0,0,0,0,0,0,656866480,56
0,0,0,0,0,0,0,656866990,56
0,0,0,0,0,0,0,656867503,56
0,0,0,0,0,0,0,656868013,56
0,0,0,0,0,0,0,656868523,56
0,0,0,0,0,0,0,656869033,56
0,0,0,0,0,0,0,656869544,56
0,0,0,0,0,0,0,656870054,56
0,0,0,0,0,0,0,656870564,56
0,0,0,0,0,0,0,656871077,56
0,0,0,0,0,0,0,656871587,56
0,0,0,0,0,0,0,656872097,56
0,0,0,0,0,0,0,656872608,56
0,0,0,0,0,0,0,656873118,56
0,0,0,0,0,0,0,656873629,56
0,0,0,0,0,0,0,656874139,56
0,0,0,0,0,0,0,656874649,56
0,0,0,0,0,0,0,656875160,56
0,0,0,0,0,0,0,656875670,56
0,0,0,0,0,0,0,656876180,56
0,0,0,0,0,0,0,656876691,56
0,0,0,0,0,0,0,656877201,56
0,0,0,0,0,0,0,656877711,56
0,0,0,0,0,0,0,656878222,56
0,0,0,0,0,0,0,656878732,56
0,0,0,0,0,0,0,656879242,56
0,0,0,0,0,0,0,656879753,56
0,0,0,0,0,0,0,656880263,56
0,0,0,0,0,0,0,656880773,56
0,0,0,0,0,0,0,656881284,56
0,0,0,0,0,0,0,656881798,56
0,0,0,0,0,0,0,656882308,56
0,0,0,0,0,0,0,656882819,56
0,0,0,0,0,0,0,656883329,56
0,0,0,0,0,0,0,656883840,56
0,0,0,0,0,0,0,656884350,56
0,0,0,0,0,0,0,656884864,56
0,0,0,0,0,0,0,656885375,56
0,0,0,0,0,0,0,656885885,56
0,0,0,0,0,0,0,656886395,56
0,0,0,0,0,0,0,656886906,56
0,0,0,0,0,0,0,656887420,56
0,0,0,0,0,0,0,656887930,56
0,0,0,0,0,0,0,656888444,56
0,0,0,0,0,0,0,656888955,56
0,0,0,0,0,0,0,656889465,56
0,0,0,0,0,0,0,656889975,56
0,0,0,0,0,0,0,656890486,56
0,0,0,0,0,0,0,656890996,56
0,0,0,0,0,0,0,656891508,56
0,0,0,0,0,0,0,656892019,56
0,0,0,0,0,0,0,656892529,56
0,0,0,0,0,0,0,656893039,56
0,0,0,0,0,0,0,656893550,56
0,0,0,0,0,0,0,656894062,56
0,0,0,0,0,0,0,656894572,56
0,0,0,0,0,0,0,656895085,56
0,0,0,0,0,0,0,656895595,56
0,0,0,0,0,0,0,656896105,56
0,0,0,0,0,0,0,656896616,56
0,0,0,0,0,0,0,656897126,56
0,0,0,0,0,0,0,656897637,56
0,0,0,0,0,0,0,656898147,56
0,0,0,0,0,0,0,656898657,56
0,0,0,0,0,0,0,656899168,56
0,0,0,0,0,0,0,656899678,56
0,0,0,0,0,0,0,656900188,56
0,0,0,0,0,0,0,656900699,56
0,0,0,0,0,0,0,656901209,56
0,0,0,0,0,0,0,656901719,56
0,0,0,0,0,0,0,656902230,56
0,0,0,0,0,0,0,656902740,56
0,0,0,0,0,0,0,656903250,56
0,0,0,0,0,0,0,656903761,56
0,0,0,0,0,0,0,656904271,56
0,0,0,0,0,0,0,656904781,56
0,0,0,0,0,0,0,656905292,56
0,0,0,0,0,0,0,656905806,56
0,0,0,0,0,0,0,656906316,56
0,0,0,0,0,0,0,656906827,56
0,0,0,0,0,0,0,656907337,56
0,0,0,0,0,0,0,656907848,56
0,0,0,0,0,0,0,656908362,56
0,0,0,0,0,0,0,656908872,56
0,0,0,0,0,0,0,656909382,56
0,0,0,0,0,0,0,656909893,56
0,0,0,0,0,0,0,656910403,56
0,0,0,0,0,0,0,656910913,56
0,0,0,0,0,0,0,656911428,56
0,0,0,0,0,0,0,656911938,56
0,0,0,0,0,0,0,656912452,56
0,0,0,0,0,0,0,656912962,56
0,0,0,0,0,0,0,656913472,56
0,0,0,0,0,0,0,656913983,56
0,0,0,0,0,0,0,656914493,56
0,0,0,0,0,0,0,656915005,56
0,0,0,0,0,0,0,656915516,56
0,0,0,0,0,0,0,656916026,56
0,0,0,0,0,0,0,656916536,56
0,0,0,0,0,0,0,656917047,56
0,0,0,0,0,0,0,656917557,56
0,0,0,0,0,0,0,656918069,56
0,0,0,0,0,0,0,656918580,56
0,0,0,0,0,0,0,656919091,56
0,0,0,0,0,0,0,656919601,56
0,0,0,0,0,0,0,656920111,56
0,0,0,0,0,0,0,656920622,56
0,0,0,0,0,0,0,656921132,56
0,0,0,0,0,0,0,656921643,56
0,0,0,0,0,0,0,656922153,56
0,0,0,0,0,0,0,656922663,56
0,0,0,0,0,0,0,656923173,56
0,0,0,0,0,0,0,656923684,56
0,0,0,0,0,0,0,656924194,56
0,0,0,0,0,0,0,656924704,56
0,0,0,0,0,0,0,656925215,56
0,0,0,0,0,0,0,656925725,56
0,0,0,0,0,0,0,656926236,56
0,0,0,0,0,0,0,656926746,56
0,0,0,0,0,0,0,656927256,56
0,0,0,0,0,0,0,656927767,56
0,0,0,0,0,0,0,656928277,56
0,0,0,0,0,0,0,656928787,56
0,0,0,0,0,0,0,656929298,56
0,0,0,0,0,0,0,656929812,56
0,0,0,0,0,0,0,656930322,56
0,0,0,0,0,0,0,656930833,56
0,0,0,0,0,0,0,656931343,56
0,0,0,0,0,0,0,656931853,56
0,0,0,0,0,0,0,656932364,56
0,0,0,0,0,0,0,656932878,56
0,0,0,0,0,0,0,656933388,56
0,0,0,0,0,0,0,656933899,56
0,0,0,0,0,0,0,657154148,56
0,0,0,0,0,0,0,657154658,56
0,0,0,0,0,0,0,657155169,56
0,0,0,0,0,0,0,657155679,56
0,0,0,0,0,0,0,657156189,56
0,0,0,0,0,0,0,657156700,56
0,0,0,0,0,0,0,657157210,56
0,0,0,0,0,0,0,657157720,56
0,0,0,0,0,0,0,657158231,56
0,0,0,0,0,0,0,657158741,56
0,0,0,0,0,0,0,657159251,56
0,0,0,0,0,0,0,657159762,56
0,0,0,0,0,0,0,657160272,56
0,0,0,0,0,0,0,657160782,56
0,0,0,0,0,0,0,657161293,56
0,0,0,0,0,0,0,657161803,56
0,0,0,0,0,0,0,657162314,56
0,0,0,0,0,0,0,657162824,56
0,0,0,0,0,0,0,657163334,56
0,0,0,0,0,0,0,657163845,56
0,0,0,0,0,0,0,657164355,56
0,0,0,0,0,0,0,657164866,56
0,0,0,0,0,0,0,657165376,56
0,0,0,0,0,0,0,657165888,56
0,0,0,0,0,0,0,657166398,56
0,0,0,0,0,0,0,657166908,56
0,0,0,0,0,0,0,657167419,56
0,0,0,0,0,0,0,657167929,56
0,0,0,0,0,0,0,657168445,56
0,0,0,0,0,0,0,657168956,56
0,0,0,0,0,0,0,657169466,56
0,0,0,0,0,0,0,657169976,56
0,0,0,0,0,0,0,657170487,56
0,0,0,0,0,0,0,657170997,56
0,0,0,0,0,0,0,657171513,56
0,0,0,0,0,0,0,657172023,56
0,0,0,0,0,0,0,657172534,56
0,0,0,0,0,0,0,657173044,56
0,0,0,0,0,0,0,657173555,56
0,0,0,0,0,0,0,657174067,56
0,0,0,0,0,0,0,657174577,56
0,0,0,0,0,0,0,657175089,56
0,0,0,0,0,0,0,657175599,56
0,0,0,0,0,0,0,657176110,56
0,0,0,0,0,0,0,657176620,56
0,0,0,0,0,0,0,657177130,56
0,0,0,0,0,0,0,657177641,56
0,0,0,0,0,0,0,657178151,56
0,0,0,0,0,0,0,657178661,56
0,0,0,0,0,0,0,657179172,56
0,0,0,0,0,0,0,657179682,56
0,0,0,0,0,0,0,657180192,56
0,0,0,0,0,0,0,657180703,56
0,0,0,0,0,0,0,657181213,56
0,0,0,0,0,0,0,657181723,56
0,0,0,0,0,0,0,657182234,56
0,0,0,0,0,0,0,657182744,56
0,0,0,0,0,0,0,657183254,56
0,0,0,0,0,0,0,657183765,56
0,0,0,0,0,0,0,657184275,56
0,0,0,0,0,0,0,657184786,56
0,0,0,0,0,0,0,657185296,56
0,0,0,0,0,0,0,657185806,56
0,0,0,0,0,0,0,657186317,56
0,0,0,0,0,0,0,657186827,56
0,0,0,0,0,0,0,657187337,56
0,0,0,0,0,0,0,657187848,56
0,0,0,0,0,0,0,657188358,56
0,0,0,0,0,0,0,657188869,56
0,0,0,0,0,0,0,657189379,56
0,0,0,0,0,0,0,657189893,56
0,0,0,0,0,0,0,657190404,56
0,0,0,0,0,0,0,657190914,56
0,0,0,0,0,0,0,657191424,56
0,0,0,0,0,0,0,657191935,56
0,0,0,0,0,0,0,657192451,56
0,0,0,0,0,0,0,657192961,56
0,0,0,0,0,0,0,657193472,56
0,0,0,0,0,0,0,657193982,56
0,0,0,0,0,0,0,657194493,56
0,0,0,0,0,0,0,657195005,56
0,0,0,0,0,0,0,657195519,56
0,0,0,0,0,0,0,657196029,56
0,0,0,0,0,0,0,657196540,56
0,0,0,0,0,0,0,657197050,56
0,0,0,0,0,0,0,657197560,56
0,0,0,0,0,0,0,657198073,56
0,0,0,0,0,0,0,657198583,56
0,0,0,0,0,0,0,657199093,56
0,0,0,0,0,0,0,657199604,56
0,0,0,0,0,0,0,657200114,56
0,0,0,0,0,0,0,657200624,56
0,0,0,0,0,0,0,657201135,56
0,0,0,0,0,0,0,657201645,56
0,0,0,0,0,0,0,657202155,56
0,0,0,0,0,0,0,657202666,56
0,0,0,0,0,0,0,657203176,56
0,0,0,0,0,0,0,657203686,56
0,0,0,0,0,0,0,657204197,56
0,0,0,0,0,0,0,657204707,56
0,0,0,0,0,0,0,657205217,56
0,0,0,0,0,0,0,657205728,56
0,0,0,0,0,0,0,657206238,56
0,0,0,0,0,0,0,657206748,56
0,0,0,0,0,0,0,657207259,56
0,0,0,0,0,0,0,657207769,56
0,0,0,0,0,0,0,657208279,56
0,0,0,0,0,0,0,657208790,56
0,0,0,0,0,0,0,657209300,56
0,0,0,0,0,0,0,657209810,56
0,0,0,0,0,0,0,657210321,56
0,0,0,0,0,0,0,657210831,56
0,0,0,0,0,0,0,657211341,56
0,0,0,0,0,0,0,657211852,56
0,0,0,0,0,0,0,657212362,56
0,0,0,0,0,0,0,657212872,56
0,0,0,0,0,0,0,657213383,56
0,0,0,0,0,0,0,657213897,56
0,0,0,0,0,0,0,657214408,56
0,0,0,0,0,0,0,657214918,56
0,0,0,0,0,0,0,657215428,56
0,0,0,0,0,0,0,657215939,56
0,0,0,0,0,0,0,657216449,56
0,0,0,0,0,0,0,657216963,56
0,0,0,0,0,0,0,657217474,56
0,0,0,0,0,0,0,657217984,56
0,0,0,0,0,0,0,657218494,56
0,0,0,0,0,0,0,657219006,56
0,0,0,0,0,0,0,657219521,56
0,0,0,0,0,0,0,657220031,56
0,0,0,0,0,0,0,657220544,56
0,0,0,0,0,0,0,657221055,56
0,0,0,0,0,0,0,657221565,56
0,0,0,0,0,0,0,657222077,56
0,0,0,0,0,0,0,657222588,56
0,0,0,0,0,0,0,657223098,56
0,0,0,0,0,0,0,657223609,56
0,0,0,0,0,0,0,657224119,56
0,0,0,0,0,0,0,657444365,56
0,0,0,0,0,0,0,657444875,56
0,0,0,0,0,0,0,657445385,56
0,0,0,0,0,0,0,657445896,56
0,0,0,0,0,0,0,657446406,56
0,0,0,0,0,0,0,657446916,56
0,0,0,0,0,0,0,657447427,56
0,0,0,0,0,0,0,657447937,56
0,0,0,0,0,0,0,657448449,56
0,0,0,0,0,0,0,657448963,56
0,0,0,0,0,0,0,657449473,56
0,0,0,0,0,0,0,657449984,56
0,0,0,0,0,0,0,657450494,56
0,0,0,0,0,0,0,657451006,56
0,0,0,0,0,0,0,657451516,56
0,0,0,0,0,0,0,657452031,56
0,0,0,0,0,0,0,657452541,56
0,0,0,0,0,0,0,657453051,56
0,0,0,0,0,0,0,657453561,56
0,0,0,0,0,0,0,657454074,56
0,0,0,0,0,0,0,657454588,56
0,0,0,0,0,0,0,657455098,56
0,0,0,0,0,0,0,657455610,56
0,0,0,0,0,0,0,657456121,56
0,0,0,0,0,0,0,657456631,56
0,0,0,0,0,0,0,657457142,56
0,0,0,0,0,0,0,657457652,56
0,0,0,0,0,0,0,657458162,56
0,0,0,0,0,0,0,657458673,56
0,0,0,0,0,0,0,657459183,56
0,0,0,0,0,0,0,657459694,56
0,0,0,0,0,0,0,657460204,56
0,0,0,0,0,0,0,657460714,56
0,0,0,0,0,0,0,657461225,56
0,0,0,0,0,0,0,657461735,56
0,0,0,0,0,0,0,657462245,56
0,0,0,0,0,0,0,657462756,56
0,0,0,0,0,0,0,657463266,56
0,0,0,0,0,0,0,657463776,56
0,0,0,0,0,0,0,657464287,56
0,0,0,0,0,0,0,657464797,56
0,0,0,0,0,0,0,657465307,56
0,0,0,0,0,0,0,657465818,56
0,0,0,0,0,0,0,657466328,56
0,0,0,0,0,0,0,657466838,56
0,0,0,0,0,0,0,657467349,56
0,0,0,0,0,0,0,657467859,56
0,0,0,0,0,0,0,657468370,56
0,0,0,0,0,0,0,657468880,56
0,0,0,0,0,0,0,657469390,56
0,0,0,0,0,0,0,657469901,56
0,0,0,0,0,0,0,657470411,56
0,0,0,0,0,0,0,657470921,56
0,0,0,0,0,0,0,657471432,56
0,0,0,0,0,0,0,657471942,56
0,0,0,0,0,0,0,657472453,56
0,0,0,0,0,0,0,657472967,56
0,0,0,0,0,0,0,657473477,56
0,0,0,0,0,0,0,657473988,56
0,0,0,0,0,0,0,657474500,56
0,0,0,0,0,0,0,657475011,56
0,0,0,0,0,0,0,657475521,56
0,0,0,0,0,0,0,657476035,56
0,0,0,0,0,0,0,657476546,56
0,0,0,0,0,0,0,657477056,56
0,0,0,0,0,0,0,657477566,56
0,0,0,0,0,0,0,657478078,56
0,0,0,0,0,0,0,657478593,56
0,0,0,0,0,0,0,657479103,56
0,0,0,0,0,0,0,657479617,56
0,0,0,0,0,0,0,657480127,56
0,0,0,0,0,0,0,657480638,56
0,0,0,0,0,0,0,657481148,56
0,0,0,0,0,0,0,657481658,56
0,0,0,0,0,0,0,657482169,56
0,0,0,0,0,0,0,657482679,56
0,0,0,0,0,0,0,657483189,56
0,0,0,0,0,0,0,657483700,56
0,0,0,0,0,0,0,657484210,56
0,0,0,0,0,0,0,657484720,56
0,0,0,0,0,0,0,657485231,56
0,0,0,0,0,0,0,657485741,56
0,0,0,0,0,0,0,657486251,56
0,0,0,0,0,0,0,657486762,56
0,0,0,0,0,0,0,657487272,56
0,0,0,0,0,0,0,657487783,56
0,0,0,0,0,0,0,657488293,56
0,0,0,0,0,0,0,657488803,56
0,0,0,0,0,0,0,657489314,56
0,0,0,0,0,0,0,657489824,56
0,0,0,0,0,0,0,657490334,56
0,0,0,0,0,0,0,657490845,56
0,0,0,0,0,0,0,657491355,56
0,0,0,0,0,0,0,657491865,56
0,0,0,0,0,0,0,657492376,56
0,0,0,0,0,0,0,657492886,56
0,0,0,0,0,0,0,657493397,56
0,0,0,0,0,0,0,657493907,56
0,0,0,0,0,0,0,657494417,56
0,0,0,0,0,0,0,657494928,56
0,0,0,0,0,0,0,657495438,56
0,0,0,0,0,0,0,657495948,56
0,0,0,0,0,0,0,657496459,56
0,0,0,0,0,0,0,657496973,56
0,0,0,0,0,0,0,657497483,56
0,0,0,0,0,0,0,657497994,56
0,0,0,0,0,0,0,657498506,56
0,0,0,0,0,0,0,657499017,56
0,0,0,0,0,0,0,657499527,56
0,0,0,0,0,0,0,657500041,56
0,0,0,0,0,0,0,657500551,56
0,0,0,0,0,0,0,657501064,56
0,0,0,0,0,0,0,657501574,56
0,0,0,0,0,0,0,657502086,56
0,0,0,0,0,0,0,657502600,56
0,0,0,0,0,0,0,657503111,56
0,0,0,0,0,0,0,657503624,56
0,0,0,0,0,0,0,657504135,56
0,0,0,0,0,0,0,657504645,56
0,0,0,0,0,0,0,657505155,56
0,0,0,0,0,0,0,657505666,56
0,0,0,0,0,0,0,657506176,56
0,0,0,0,0,0,0,657506687,56
0,0,0,0,0,0,0,657507197,56
0,0,0,0,0,0,0,657507707,56
0,0,0,0,0,0,0,657508217,56
0,0,0,0,0,0,0,657508728,56
0,0,0,0,0,0,0,657509238,56
0,0,0,0,0,0,0,657509748,56
0,0,0,0,0,0,0,657510259,56
0,0,0,0,0,0,0,657510769,56
0,0,0,0,0,0,0,657511280,56
0,0,0,0,0,0,0,657511790,56
0,0,0,0,0,0,0,657512300,56
0,0,0,0,0,0,0,657512811,56
0,0,0,0,0,0,0,657737608,56
0,0,0,0,0,0,0,657738119,56
0,0,0,0,0,0,0,657738629,56
0,0,0,0,0,0,0,657739139,56
0,0,0,0,0,0,0,657739649,56
0,0,0,0,0,0,0,657740160,56
0,0,0,0,0,0,0,657740674,56
0,0,0,0,0,0,0,657741184,56
0,0,0,0,0,0,0,657741695,56
0,0,0,0,0,0,0,657742205,56
0,0,0,0,0,0,0,657742715,56
0,0,0,0,0,0,0,657743226,56
0,0,0,0,0,0,0,657743736,56
0,0,0,0,0,0,0,657744246,56
0,0,0,0,0,0,0,657744757,56
0,0,0,0,0,0,0,657745267,56
0,0,0,0,0,0,0,657745778,56
0,0,0,0,0,0,0,657746288,56
0,0,0,0,0,0,0,657746798,56
0,0,0,0,0,0,0,657747309,56
0,0,0,0,0,0,0,657747819,56
0,0,0,0,0,0,0,657748329,56
0,0,0,0,0,0,0,657748840,56
0,0,0,0,0,0,0,657749350,56
0,0,0,0,0,0,0,657749860,56
0,0,0,0,0,0,0,657750371,56
0,0,0,0,0,0,0,657750881,56
0,0,0,0,0,0,0,657751392,56
0,0,0,0,0,0,0,657751902,56
0,0,0,0,0,0,0,657752412,56
0,0,0,0,0,0,0,657752923,56
0,0,0,0,0,0,0,657753433,56
0,0,0,0,0,0,0,657753943,56
0,0,0,0,0,0,0,657754454,56
0,0,0,0,0,0,0,657754964,56
0,0,0,0,0,0,0,657755474,56
0,0,0,0,0,0,0,657755985,56
0,0,0,0,0,0,0,657756495,56
0,0,0,0,0,0,0,657757007,56
0,0,0,0,0,0,0,657757518,56
0,0,0,0,0,0,0,657758028,56
0,0,0,0,0,0,0,657758538,56
0,0,0,0,0,0,0,657759053,56
0,0,0,0,0,0,0,657759563,56
0,0,0,0,0,0,0,657760075,56
0,0,0,0,0,0,0,657760586,56
0,0,0,0,0,0,0,657761096,56
0,0,0,0,0,0,0,657761611,56
0,0,0,0,0,0,0,657762121,56
0,0,0,0,0,0,0,657762631,56
0,0,0,0,0,0,0,657763142,56
0,0,0,0,0,0,0,657763652,56
0,0,0,0,0,0,0,657764162,56
0,0,0,0,0,0,0,657764676,56
0,0,0,0,0,0,0,657765187,56
0,0,0,0,0,0,0,657765698,56
0,0,0,0,0,0,0,657766208,56
0,0,0,0,0,0,0,657766719,56
0,0,0,0,0,0,0,657767229,56
0,0,0,0,0,0,0,657767739,56
0,0,0,0,0,0,0,657768250,56
0,0,0,0,0,0,0,657768760,56
0,0,0,0,0,0,0,657769271,56
0,0,0,0,0,0,0,657769781,56
0,0,0,0,0,0,0,657770291,56
0,0,0,0,0,0,0,657770802,56
0,0,0,0,0,0,0,657771312,56
0,0,0,0,0,0,0,657771822,56
0,0,0,0,0,0,0,657772333,56
0,0,0,0,0,0,0,657772843,56
0,0,0,0,0,0,0,657773353,56
0,0,0,0,0,0,0,657773864,56
0,0,0,0,0,0,0,657774374,56
0,0,0,0,0,0,0,657774885,56
0,0,0,0,0,0,0,657775395,56
0,0,0,0,0,0,0,657775905,56
0,0,0,0,0,0,0,657776416,56
0,0,0,0,0,0,0,657776926,56
0,0,0,0,0,0,0,657777436,56
0,0,0,0,0,0,0,657777947,56
0,0,0,0,0,0,0,657778457,56
0,0,0,0,0,0,0,657778968,56
0,0,0,0,0,0,0,657779478,56
0,0,0,0,0,0,0,657779988,56
0,0,0,0,0,0,0,657780501,56
0,0,0,0,0,0,0,657781011,56
0,0,0,0,0,0,0,657781521,56
0,0,0,0,0,0,0,657782032,56
0,0,0,0,0,0,0,657782542,56
0,0,0,0,0,0,0,657783056,56
0,0,0,0,0,0,0,657783567,56
0,0,0,0,0,0,0,657784079,56
0,0,0,0,0,0,0,657784589,56
0,0,0,0,0,0,0,657785100,56
0,0,0,0,0,0,0,657785614,56
0,0,0,0,0,0,0,657786124,56
0,0,0,0,0,0,0,657786635,56
0,0,0,0,0,0,0,657787145,56
0,0,0,0,0,0,0,657787655,56
0,0,0,0,0,0,0,657788166,56
0,0,0,0,0,0,0,657788680,56
0,0,0,0,0,0,0,657789190,56
0,0,0,0,0,0,0,657789703,56
0,0,0,0,0,0,0,657790213,56
0,0,0,0,0,0,0,657790724,56
0,0,0,0,0,0,0,657791234,56
0,0,0,0,0,0,0,657791744,56
0,0,0,0,0,0,0,657792255,56
0,0,0,0,0,0,0,657792765,56
0,0,0,0,0,0,0,657793275,56
0,0,0,0,0,0,0,657793786,56
0,0,0,0,0,0,0,657794296,56
0,0,0,0,0,0,0,657794806,56
0,0,0,0,0,0,0,657795317,56
0,0,0,0,0,0,0,657795827,56
0,0,0,0,0,0,0,657796338,56
0,0,0,0,0,0,0,657796848,56
0,0,0,0,0,0,0,657797358,56
0,0,0,0,0,0,0,657797869,56
0,0,0,0,0,0,0,657798379,56
0,0,0,0,0,0,0,657798889,56
0,0,0,0,0,0,0,657799400,56
0,0,0,0,0,0,0,657799910,56
0,0,0,0,0,0,0,657800420,56
0,0,0,0,0,0,0,657800931,56
0,0,0,0,0,0,0,657801443,56
0,0,0,0,0,0,0,657801953,56
0,0,0,0,0,0,0,657802464,56
0,0,0,0,0,0,0,657802974,56
0,0,0,0,0,0,0,657803484,56
0,0,0,0,0,0,0,657803995,56
0,0,0,0,0,0,0,657804507,56
0,0,0,0,0,0,0,657805017,56
0,0,0,0,0,0,0,657805528,56
0,0,0,0,0,0,0,658077483,56
0,0,0,0,0,0,0,658077993,56
0,0,0,0,0,0,0,658078506,56
0,0,0,0,0,0,0,658079016,56
0,0,0,0,0,0,0,658079526,56
0,0,0,0,0,0,0,658080037,56
0,0,0,0,0,0,0,658080547,56
0,0,0,0,0,0,0,658081057,56
0,0,0,0,0,0,0,658081568,56
0,0,0,0,0,0,0,658082080,56
0,0,0,0,0,0,0,658082590,56
0,0,0,0,0,0,0,658083100,56
0,0,0,0,0,0,0,658083611,56
0,0,0,0,0,0,0,658084121,56
0,0,0,0,0,0,0,658084631,56
0,0,0,0,0,0,0,658085146,56
0,0,0,0,0,0,0,658085656,56
0,0,0,0,0,0,0,658086167,56
0,0,0,0,0,0,0,658086677,56
0,0,0,0,0,0,0,658087187,56
0,0,0,0,0,0,0,658087698,56
0,0,0,0,0,0,0,658088212,56
0,0,0,0,0,0,0,658088722,56
0,0,0,0,0,0,0,658089233,56
0,0,0,0,0,0,0,658089743,56
0,0,0,0,0,0,0,658090253,56
0,0,0,0,0,0,0,658090768,56
0,0,0,0,0,0,0,658091278,56
0,0,0,0,0,0,0,658091792,56
0,0,0,0,0,0,0,658092302,56
0,0,0,0,0,0,0,658092813,56
0,0,0,0,0,0,0,658093323,56
0,0,0,0,0,0,0,658093834,56
0,0,0,0,0,0,0,658094344,56
0,0,0,0,0,0,0,658094854,56
0,0,0,0,0,0,0,658095364,56
0,0,0,0,0,0,0,658095875,56
0,0,0,0,0,0,0,658096385,56
0,0,0,0,0,0,0,658096895,56
0,0,0,0,0,0,0,658097406,56
0,0,0,0,0,0,0,658097916,56
0,0,0,0,0,0,0,658098427,56
0,0,0,0,0,0,0,658098937,56
0,0,0,0,0,0,0,658099449,56
0,0,0,0,0,0,0,658099959,56
0,0,0,0,0,0,0,658100469,56
0,0,0,0,0,0,0,658100980,56
0,0,0,0,0,0,0,658101490,56
0,0,0,0,0,0,0,658102002,56
0,0,0,0,0,0,0,658102513,56
0,0,0,0,0,0,0,658103023,56
0,0,0,0,0,0,0,658103533,56
0,0,0,0,0,0,0,658104044,56
0,0,0,0,0,0,0,658104554,56
0,0,0,0,0,0,0,658105066,56
0,0,0,0,0,0,0,658105576,56
0,0,0,0,0,0,0,658106088,56
0,0,0,0,0,0,0,658106599,56
0,0,0,0,0,0,0,658107109,56
0,0,0,0,0,0,0,658107619,56
0,0,0,0,0,0,0,658108130,56
0,0,0,0,0,0,0,658108640,56
0,0,0,0,0,0,0,658109154,56
0,0,0,0,0,0,0,658109665,56
0,0,0,0,0,0,0,658110175,56
0,0,0,0,0,0,0,658110685,56
0,0,0,0,0,0,0,658111196,56
0,0,0,0,0,0,0,658111706,56
0,0,0,0,0,0,0,658112220,56
0,0,0,0,0,0,0,658112731,56
0,0,0,0,0,0,0,658113241,56
0,0,0,0,0,0,0,658113751,56
0,0,0,0,0,0,0,658114262,56
0,0,0,0,0,0,0,658114776,56
0,0,0,0,0,0,0,658115286,56
0,0,0,0,0,0,0,658115800,56
0,0,0,0,0,0,0,658116310,56
0,0,0,0,0,0,0,658116821,56
0,0,0,0,0,0,0,658117331,56
0,0,0,0,0,0,0,658117842,56
0,0,0,0,0,0,0,658118352,56
0,0,0,0,0,0,0,658118863,56
0,0,0,0,0,0,0,658119373,56
0,0,0,0,0,0,0,658119883,56
0,0,0,0,0,0,0,658120394,56
0,0,0,0,0,0,0,658120904,56
0,0,0,0,0,0,0,658121414,56
0,0,0,0,0,0,0,658121925,56
0,0,0,0,0,0,0,658122435,56
0,0,0,0,0,0,0,658122945,56
0,0,0,0,0,0,0,658123456,56
0,0,0,0,0,0,0,658123966,56
0,0,0,0,0,0,0,658124476,56
0,0,0,0,0,0,0,658124987,56
0,0,0,0,0,0,0,658125499,56
0,0,0,0,0,0,0,658126011,56
0,0,0,0,0,0,0,658126521,56
0,0,0,0,0,0,0,658127031,56
0,0,0,0,0,0,0,658127542,56
0,0,0,0,0,0,0,658128052,56
0,0,0,0,0,0,0,658128563,56
0,0,0,0,0,0,0,658129075,56
0,0,0,0,0,0,0,658129585,56
0,0,0,0,0,0,0,658130095,56
0,0,0,0,0,0,0,658130606,56
0,0,0,0,0,0,0,658131116,56
0,0,0,0,0,0,0,658131626,56
0,0,0,0,0,0,0,658132137,56
0,0,0,0,0,0,0,658132647,56
0,0,0,0,0,0,0,658133161,56
0,0,0,0,0,0,0,658133672,56
0,0,0,0,0,0,0,658134182,56
0,0,0,0,0,0,0,658134692,56
0,0,0,0,0,0,0,658135203,56
0,0,0,0,0,0,0,658135713,56
0,0,0,0,0,0,0,658136228,56
0,0,0,0,0,0,0,658136738,56
0,0,0,0,0,0,0,658137248,56
0,0,0,0,0,0,0,658137758,56
0,0,0,0,0,0,0,658138269,56
0,0,0,0,0,0,0,658138783,56
0,0,0,0,0,0,0,658139293,56
0,0,0,0,0,0,0,658139808,56
0,0,0,0,0,0,0,658140318,56
0,0,0,0,0,0,0,658140828,56
0,0,0,0,0,0,0,658141339,56
0,0,0,0,0,0,0,658141849,56
0,0,0,0,0,0,0,658142359,56
0,0,0,0,0,0,0,658142870,56
0,0,0,0,0,0,0,658143380,56
0,0,0,0,0,0,0,658143891,56
0,0,0,0,0,0,0,658144401,56
0,0,0,0,0,0,0,658144911,56
0,0,0,0,0,0,0,658145421,56
0,0,0,0,0,0,0,658145932,56
0,0,0,0,0,0,0,663046513,56
0,0,0,0,0,0,0,663047023,56
0,0,0,0,0,0,0,663047534,56
0,0,0,0,0,0,0,663048044,56
0,0,0,0,0,0,0,663048554,56
0,0,0,0,0,0,0,663049067,56
0,0,0,0,0,0,0,663049577,56
0,0,0,0,0,0,0,663050089,56
0,0,0,0,0,0,0,663050599,56
0,0,0,0,0,0,0,663051110,56
0,0,0,0,0,0,0,663051620,56
0,0,0,0,0,0,0,663052130,56
0,0,0,0,0,0,0,663052641,56
0,0,0,0,0,0,0,663053151,56
0,0,0,0,0,0,0,663053661,56
0,0,0,0,0,0,0,663054172,56
0,0,0,0,0,0,0,663054682,56
0,0,0,0,0,0,0,663055192,56
0,0,0,0,0,0,0,663055703,56
0,0,0,0,0,0,0,663056213,56
0,0,0,0,0,0,0,663056725,56
0,0,0,0,0,0,0,663057236,56
0,0,0,0,0,0,0,663057746,56
0,0,0,0,0,0,0,663058256,56
0,0,0,0,0,0,0,663058767,56
0,0,0,0,0,0,0,663059281,56
0,0,0,0,0,0,0,663059791,56
0,0,0,0,0,0,0,663060302,56
0,0,0,0,0,0,0,663060812,56
0,0,0,0,0,0,0,663061322,56
0,0,0,0,0,0,0,663061833,56
0,0,0,0,0,0,0,663062347,56
0,0,0,0,0,0,0,663062857,56
0,0,0,0,0,0,0,663063369,56
0,0,0,0,0,0,0,663063879,56
0,0,0,0,0,0,0,663064389,56
0,0,0,0,0,0,0,663064900,56
0,0,0,0,0,0,0,663065410,56
0,0,0,0,0,0,0,663065920,56
0,0,0,0,0,0,0,663066431,56
0,0,0,0,0,0,0,663066941,56
0,0,0,0,0,0,0,663067451,56
0,0,0,0,0,0,0,663067962,56
0,0,0,0,0,0,0,663068472,56
0,0,0,0,0,0,0,663068982,56
0,0,0,0,0,0,0,663069493,56
0,0,0,0,0,0,0,663070005,56
0,0,0,0,0,0,0,663070516,56
0,0,0,0,0,0,0,663071026,56
0,0,0,0,0,0,0,663071536,56
0,0,0,0,0,0,0,663072046,56
0,0,0,0,0,0,0,663072557,56
0,0,0,0,0,0,0,663073069,56
0,0,0,0,0,0,0,663073579,56
0,0,0,0,0,0,0,663074091,56
0,0,0,0,0,0,0,663074601,56
0,0,0,0,0,0,0,663075111,56
0,0,0,0,0,0,0,663075622,56
0,0,0,0,0,0,0,663076132,56
0,0,0,0,0,0,0,663076643,56
0,0,0,0,0,0,0,663077153,56
0,0,0,0,0,0,0,663077663,56
0,0,0,0,0,0,0,663078174,56
0,0,0,0,0,0,0,663078684,56
0,0,0,0,0,0,0,663079194,56
0,0,0,0,0,0,0,663079705,56
0,0,0,0,0,0,0,663080215,56
0,0,0,0,0,0,0,663080729,56
0,0,0,0,0,0,0,663081240,56
0,0,0,0,0,0,0,663081750,56
0,0,0,0,0,0,0,663082260,56
0,0,0,0,0,0,0,663082771,56
0,0,0,0,0,0,0,663083281,56
0,0,0,0,0,0,0,663083795,56
0,0,0,0,0,0,0,663084306,56
0,0,0,0,0,0,0,663084816,56
0,0,0,0,0,0,0,663085326,56
0,0,0,0,0,0,0,663085837,56
0,0,0,0,0,0,0,663086351,56
0,0,0,0,0,0,0,663086861,56
0,0,0,0,0,0,0,663087375,56
0,0,0,0,0,0,0,663087886,56
0,0,0,0,0,0,0,663088396,56
0,0,0,0,0,0,0,663088906,56
0,0,0,0,0,0,0,663089417,56
0,0,0,0,0,0,0,663089927,56
0,0,0,0,0,0,0,663090438,56
0,0,0,0,0,0,0,663090948,56
0,0,0,0,0,0,0,663091458,56
0,0,0,0,0,0,0,663091969,56
0,0,0,0,0,0,0,663092479,56
0,0,0,0,0,0,0,663092989,56
0,0,0,0,0,0,0,663093502,56
0,0,0,0,0,0,0,663094012,56
0,0,0,0,0,0,0,663094522,56
0,0,0,0,0,0,0,663095033,56
0,0,0,0,0,0,0,663095543,56
0,0,0,0,0,0,0,663096053,56
0,0,0,0,0,0,0,663096564,56
0,0,0,0,0,0,0,663097076,56
0,0,0,0,0,0,0,663097586,56
0,0,0,0,0,0,0,663098097,56
0,0,0,0,0,0,0,663098607,56
0,0,0,0,0,0,0,663099117,56
0,0,0,0,0,0,0,663099628,56
0,0,0,0,0,0,0,663100138,56
0,0,0,0,0,0,0,663100648,56
0,0,0,0,0,0,0,663101159,56
0,0,0,0,0,0,0,663101669,56
0,0,0,0,0,0,0,663102179,56
0,0,0,0,0,0,0,663102690,56
0,0,0,0,0,0,0,663103200,56
0,0,0,0,0,0,0,663103710,56
0,0,0,0,0,0,0,663104221,56
0,0,0,0,0,0,0,663104735,56
0,0,0,0,0,0,0,663105245,56
0,0,0,0,0,0,0,663105755,56
0,0,0,0,0,0,0,663106266,56
0,0,0,0,0,0,0,663106776,56
0,0,0,0,0,0,0,663107287,56
0,0,0,0,0,0,0,663107801,56
0,0,0,0,0,0,0,663108311,56
0,0,0,0,0,0,0,663108822,56
0,0,0,0,0,0,0,663109332,56
0,0,0,0,0,0,0,663109842,56
0,0,0,0,0,0,0,663110357,56
0,0,0,0,0,0,0,663110867,56
0,0,0,0,0,0,0,663111381,56
0,0,0,0,0,0,0,663111891,56
0,0,0,0,0,0,0,663112401,56
0,0,0,0,0,0,0,663112912,56
0,0,0,0,0,0,0,663113422,56
0,0,0,0,0,0,0,663113933,56
0,0,0,0,0,0,0,663114445,56
0,0,0,0,0,0,0,663114955,56
0,0,0,0,0,0,0,663115466,56
0,0,0,0,0,0,0,663329133,56
0,0,0,0,0,0,0,663329643,56
0,0,0,0,0,0,0,663330154,56
0,0,0,0,0,0,0,663330664,56
0,0,0,0,0,0,0,663331174,56
0,0,0,0,0,0,0,663331685,56
0,0,0,0,0,0,0,663332195,56
0,0,0,0,0,0,0,663332705,56
0,0,0,0,0,0,0,663333216,56
0,0,0,0,0,0,0,663333726,56
0,0,0,0,0,0,0,663334236,56
0,0,0,0,0,0,0,663334747,56
0,0,0,0,0,0,0,663335257,56
0,0,0,0,0,0,0,663335767,56
0,0,0,0,0,0,0,663336278,56
0,0,0,0,0,0,0,663336788,56
0,0,0,0,0,0,0,663337298,56
0,0,0,0,0,0,0,663337813,56
0,0,0,0,0,0,0,663338323,56
0,0,0,0,0,0,0,663338833,56
0,0,0,0,0,0,0,663339344,56
0,0,0,0,0,0,0,663339854,56
0,0,0,0,0,0,0,663340364,56
0,0,0,0,0,0,0,663340879,56
0,0,0,0,0,0,0,663341389,56
0,0,0,0,0,0,0,663341899,56
0,0,0,0,0,0,0,663342410,56
0,0,0,0,0,0,0,663342920,56
0,0,0,0,0,0,0,663343434,56
0,0,0,0,0,0,0,663343945,56
0,0,0,0,0,0,0,663344459,56
0,0,0,0,0,0,0,663344969,56
0,0,0,0,0,0,0,663345479,56
0,0,0,0,0,0,0,663345990,56
0,0,0,0,0,0,0,663346502,56
0,0,0,0,0,0,0,663347012,56
0,0,0,0,0,0,0,663347523,56
0,0,0,0,0,0,0,663348033,56
0,0,0,0,0,0,0,663348543,56
0,0,0,0,0,0,0,663349054,56
0,0,0,0,0,0,0,663349564,56
0,0,0,0,0,0,0,663350076,56
0,0,0,0,0,0,0,663350587,56
0,0,0,0,0,0,0,663351097,56
0,0,0,0,0,0,0,663351607,56
0,0,0,0,0,0,0,663352118,56
0,0,0,0,0,0,0,663352628,56
0,0,0,0,0,0,0,663353138,56
0,0,0,0,0,0,0,663353649,56
0,0,0,0,0,0,0,663354159,56
0,0,0,0,0,0,0,663354669,56
0,0,0,0,0,0,0,663355180,56
0,0,0,0,0,0,0,663355690,56
0,0,0,0,0,0,0,663356200,56
0,0,0,0,0,0,0,663356711,56
0,0,0,0,0,0,0,663357221,56
0,0,0,0,0,0,0,663357731,56
0,0,0,0,0,0,0,663358242,56
0,0,0,0,0,0,0,663358752,56
0,0,0,0,0,0,0,663359263,56
0,0,0,0,0,0,0,663359773,56
0,0,0,0,0,0,0,663360283,56
0,0,0,0,0,0,0,663360794,56
0,0,0,0,0,0,0,663361304,56
0,0,0,0,0,0,0,663361814,56
0,0,0,0,0,0,0,663362325,56
0,0,0,0,0,0,0,663362835,56
0,0,0,0,0,0,0,663363345,56
0,0,0,0,0,0,0,663363856,56
0,0,0,0,0,0,0,663364366,56
0,0,0,0,0,0,0,663364880,56
0,0,0,0,0,0,0,663365392,56
0,0,0,0,0,0,0,663365902,56
0,0,0,0,0,0,0,663366412,56
0,0,0,0,0,0,0,663366923,56
0,0,0,0,0,0,0,663367433,56
0,0,0,0,0,0,0,663367943,56
0,0,0,0,0,0,0,663368457,56
0,0,0,0,0,0,0,663368968,56
0,0,0,0,0,0,0,663369478,56
0,0,0,0,0,0,0,663369989,56
0,0,0,0,0,0,0,663370501,56
0,0,0,0,0,0,0,663371011,56
0,0,0,0,0,0,0,663371522,56
0,0,0,0,0,0,0,663372032,56
0,0,0,0,0,0,0,663372542,56
0,0,0,0,0,0,0,663373053,56
0,0,0,0,0,0,0,663373563,56
0,0,0,0,0,0,0,663374075,56
0,0,0,0,0,0,0,663374586,56
0,0,0,0,0,0,0,663375096,56
0,0,0,0,0,0,0,663375606,56
0,0,0,0,0,0,0,663376117,56
0,0,0,0,0,0,0,663376627,56
0,0,0,0,0,0,0,663377137,56
0,0,0,0,0,0,0,663377648,56
0,0,0,0,0,0,0,663378158,56
0,0,0,0,0,0,0,663378668,56
0,0,0,0,0,0,0,663379179,56
0,0,0,0,0,0,0,663379689,56
0,0,0,0,0,0,0,663380200,56
0,0,0,0,0,0,0,663380710,56
0,0,0,0,0,0,0,663381220,56
0,0,0,0,0,0,0,663381731,56
0,0,0,0,0,0,0,663382241,56
0,0,0,0,0,0,0,663382751,56
0,0,0,0,0,0,0,663383262,56
0,0,0,0,0,0,0,663383772,56
0,0,0,0,0,0,0,663384282,56
0,0,0,0,0,0,0,663384793,56
0,0,0,0,0,0,0,663385303,56
0,0,0,0,0,0,0,663385813,56
0,0,0,0,0,0,0,663386324,56
0,0,0,0,0,0,0,663386838,56
0,0,0,0,0,0,0,663387349,56
0,0,0,0,0,0,0,663387859,56
0,0,0,0,0,0,0,663388369,56
0,0,0,0,0,0,0,663388880,56
0,0,0,0,0,0,0,663389394,56
0,0,0,0,0,0,0,663389904,56
0,0,0,0,0,0,0,663390415,56
0,0,0,0,0,0,0,663390925,56
0,0,0,0,0,0,0,663391436,56
0,0,0,0,0,0,0,663391946,56
0,0,0,0,0,0,0,663392460,56
0,0,0,0,0,0,0,663392970,56
0,0,0,0,0,0,0,663393482,56
0,0,0,0,0,0,0,663393993,56
0,0,0,0,0,0,0,663394505,56
0,0,0,0,0,0,0,663395015,56
0,0,0,0,0,0,0,663395526,56
0,0,0,0,0,0,0,663616281,56
0,0,0,0,0,0,0,663616792,56
0,0,0,0,0,0,0,663617302,56
0,0,0,0,0,0,0,663617812,56
0,0,0,0,0,0,0,663618323,56
0,0,0,0,0,0,0,663618833,56
0,0,0,0,0,0,0,663619343,56
0,0,0,0,0,0,0,663619854,56
0,0,0,0,0,0,0,663620364,56
0,0,0,0,0,0,0,663620874,56
0,0,0,0,0,0,0,663621385,56
0,0,0,0,0,0,0,663621895,56
0,0,0,0,0,0,0,663622405,56
0,0,0,0,0,0,0,663622920,56
0,0,0,0,0,0,0,663623430,56
0,0,0,0,0,0,0,663623941,56
0,0,0,0,0,0,0,663624451,56
0,0,0,0,0,0,0,663624961,56
0,0,0,0,0,0,0,663625475,56
0,0,0,0,0,0,0,663625986,56
0,0,0,0,0,0,0,663626496,56
0,0,0,0,0,0,0,663627009,56
0,0,0,0,0,0,0,663627519,56
0,0,0,0,0,0,0,663628029,56
0,0,0,0,0,0,0,663628543,56
0,0,0,0,0,0,0,663629054,56
0,0,0,0,0,0,0,663629566,56
0,0,0,0,0,0,0,663630078,56
0,0,0,0,0,0,0,663630589,56
0,0,0,0,0,0,0,663631099,56
0,0,0,0,0,0,0,663631609,56
0,0,0,0,0,0,0,663632120,56
0,0,0,0,0,0,0,663632630,56
0,0,0,0,0,0,0,663633140,56
0,0,0,0,0,0,0,663633651,56
0,0,0,0,0,0,0,663634161,56
0,0,0,0,0,0,0,663634671,56
0,0,0,0,0,0,0,663635182,56
0,0,0,0,0,0,0,663635692,56
0,0,0,0,0,0,0,663636202,56
0,0,0,0,0,0,0,663636713,56
0,0,0,0,0,0,0,663637223,56
0,0,0,0,0,0,0,663637733,56
0,0,0,0,0,0,0,663638244,56
0,0,0,0,0,0,0,663638754,56
0,0,0,0,0,0,0,663639264,56
0,0,0,0,0,0,0,663639775,56
0,0,0,0,0,0,0,663640285,56
0,0,0,0,0,0,0,663640796,56
0,0,0,0,0,0,0,663641306,56
0,0,0,0,0,0,0,663641816,56
0,0,0,0,0,0,0,663642327,56
0,0,0,0,0,0,0,663642837,56
0,0,0,0,0,0,0,663643347,56
0,0,0,0,0,0,0,663643858,56
0,0,0,0,0,0,0,663644368,56
0,0,0,0,0,0,0,663644879,56
0,0,0,0,0,0,0,663645389,56
0,0,0,0,0,0,0,663645899,56
0,0,0,0,0,0,0,663646409,56
0,0,0,0,0,0,0,663646920,56
0,0,0,0,0,0,0,663647430,56
0,0,0,0,0,0,0,663647941,56
0,0,0,0,0,0,0,663648451,56
0,0,0,0,0,0,0,663648961,56
0,0,0,0,0,0,0,663649472,56
0,0,0,0,0,0,0,663649986,56
0,0,0,0,0,0,0,663650497,56
0,0,0,0,0,0,0,663651009,56
0,0,0,0,0,0,0,663651519,56
0,0,0,0,0,0,0,663652029,56
0,0,0,0,0,0,0,663652540,56
0,0,0,0,0,0,0,663653050,56
0,0,0,0,0,0,0,663653564,56
0,0,0,0,0,0,0,663654076,56
0,0,0,0,0,0,0,663654587,56
0,0,0,0,0,0,0,663655097,56
0,0,0,0,0,0,0,663655608,56
0,0,0,0,0,0,0,663656118,56
0,0,0,0,0,0,0,663656628,56
0,0,0,0,0,0,0,663657139,56
0,0,0,0,0,0,0,663657649,56
0,0,0,0,0,0,0,663658160,56
0,0,0,0,0,0,0,663658670,56
0,0,0,0,0,0,0,663659180,56
0,0,0,0,0,0,0,663659691,56
0,0,0,0,0,0,0,663660201,56
0,0,0,0,0,0,0,663660711,56
0,0,0,0,0,0,0,663661222,56
0,0,0,0,0,0,0,663661732,56
0,0,0,0,0,0,0,663662242,56
0,0,0,0,0,0,0,663662753,56
0,0,0,0,0,0,0,663663263,56
0,0,0,0,0,0,0,663663774,56
0,0,0,0,0,0,0,663664284,56
0,0,0,0,0,0,0,663664794,56
0,0,0,0,0,0,0,663665304,56
0,0,0,0,0,0,0,663665815,56
0,0,0,0,0,0,0,663666325,56
0,0,0,0,0,0,0,663666836,56
0,0,0,0,0,0,0,663667346,56
0,0,0,0,0,0,0,663667856,56
0,0,0,0,0,0,0,663668367,56
0,0,0,0,0,0,0,663668877,56
0,0,0,0,0,0,0,663669387,56
0,0,0,0,0,0,0,663669898,56
0,0,0,0,0,0,0,663670408,56
0,0,0,0,0,0,0,663670918,56
0,0,0,0,0,0,0,663671429,56
0,0,0,0,0,0,0,663671943,56
0,0,0,0,0,0,0,663672453,56
0,0,0,0,0,0,0,663672964,56
0,0,0,0,0,0,0,663673474,56
0,0,0,0,0,0,0,663673985,56
0,0,0,0,0,0,0,663674499,56
0,0,0,0,0,0,0,663675011,56
0,0,0,0,0,0,0,663675521,56
0,0,0,0,0,0,0,663676032,56
0,0,0,0,0,0,0,663676542,56
0,0,0,0,0,0,0,663677052,56
0,0,0,0,0,0,0,663677566,56
0,0,0,0,0,0,0,663678078,56
0,0,0,0,0,0,0,663678589,56
0,0,0,0,0,0,0,663679099,56
0,0,0,0,0,0,0,663679610,56
0,0,0,0,0,0,0,663680120,56
0,0,0,0,0,0,0,663680630,56
0,0,0,0,0,0,0,663681141,56
0,0,0,0,0,0,0,663681651,56
0,0,0,0,0,0,0,663682162,56
0,0,0,0,0,0,0,663682672,56
0,0,0,0,0,0,0,663683182,56
0,0,0,0,0,0,0,663683693,56
0,0,0,0,0,0,0,663684203,56
0,0,0,0,0,0,0,663684713,56
0,0,0,0,0,0,0,663909514,56
0,0,0,0,0,0,0,663910027,56
0,0,0,0,0,0,0,663910537,56
0,0,0,0,0,0,0,663911047,56
0,0,0,0,0,0,0,663911558,56
0,0,0,0,0,0,0,663912070,56
0,0,0,0,0,0,0,663912584,56
0,0,0,0,0,0,0,663913095,56
0,0,0,0,0,0,0,663913605,56
0,0,0,0,0,0,0,663914116,56
0,0,0,0,0,0,0,663914626,56
0,0,0,0,0,0,0,663915136,56
0,0,0,0,0,0,0,663915650,56
0,0,0,0,0,0,0,663916161,56
0,0,0,0,0,0,0,663916672,56
0,0,0,0,0,0,0,663917182,56
0,0,0,0,0,0,0,663917693,56
0,0,0,0,0,0,0,663918203,56
0,0,0,0,0,0,0,663918713,56
0,0,0,0,0,0,0,663919224,56
0,0,0,0,0,0,0,663919734,56
0,0,0,0,0,0,0,663920244,56
0,0,0,0,0,0,0,663920755,56
0,0,0,0,0,0,0,663921265,56
0,0,0,0,0,0,0,663921775,56
0,0,0,0,0,0,0,663922286,56
0,0,0,0,0,0,0,663922796,56
0,0,0,0,0,0,0,663923306,56
0,0,0,0,0,0,0,663923817,56
0,0,0,0,0,0,0,663924327,56
0,0,0,0,0,0,0,663924837,56
0,0,0,0,0,0,0,663925348,56
0,0,0,0,0,0,0,663925858,56
0,0,0,0,0,0,0,663926369,56
0,0,0,0,0,0,0,663926879,56
0,0,0,0,0,0,0,663927389,56
0,0,0,0,0,0,0,663927900,56
0,0,0,0,0,0,0,663928410,56
0,0,0,0,0,0,0,663928920,56
0,0,0,0,0,0,0,663929431,56
0,0,0,0,0,0,0,663929941,56
0,0,0,0,0,0,0,663930451,56
0,0,0,0,0,0,0,663930962,56
0,0,0,0,0,0,0,663931472,56
0,0,0,0,0,0,0,663931983,56
0,0,0,0,0,0,0,663932493,56
0,0,0,0,0,0,0,663933005,56
0,0,0,0,0,0,0,663933516,56
0,0,0,0,0,0,0,663934030,56
0,0,0,0,0,0,0,663934540,56
0,0,0,0,0,0,0,663935050,56
0,0,0,0,0,0,0,663935561,56
0,0,0,0,0,0,0,663936073,56
0,0,0,0,0,0,0,663936583,56
0,0,0,0,0,0,0,663937098,56
0,0,0,0,0,0,0,663937608,56
0,0,0,0,0,0,0,663938118,56
0,0,0,0,0,0,0,663938629,56
0,0,0,0,0,0,0,663939139,56
0,0,0,0,0,0,0,663939653,56
0,0,0,0,0,0,0,663940164,56
0,0,0,0,0,0,0,663940678,56
0,0,0,0,0,0,0,663941188,56
0,0,0,0,0,0,0,663941699,56
0,0,0,0,0,0,0,663942209,56
0,0,0,0,0,0,0,663942719,56
0,0,0,0,0,0,0,663943230,56
0,0,0,0,0,0,0,663943740,56
0,0,0,0,0,0,0,663944250,56
0,0,0,0,0,0,0,663944761,56
0,0,0,0,0,0,0,663945271,56
0,0,0,0,0,0,0,663945781,56
0,0,0,0,0,0,0,663946292,56
0,0,0,0,0,0,0,663946802,56
0,0,0,0,0,0,0,663947313,56
0,0,0,0,0,0,0,663947823,56
0,0,0,0,0,0,0,663948333,56
0,0,0,0,0,0,0,663948844,56
0,0,0,0,0,0,0,663949354,56
0,0,0,0,0,0,0,663949864,56
0,0,0,0,0,0,0,663950375,56
0,0,0,0,0,0,0,663950885,56
0,0,0,0,0,0,0,663951395,56
0,0,0,0,0,0,0,663951906,56
0,0,0,0,0,0,0,663952416,56
0,0,0,0,0,0,0,663952926,56
0,0,0,0,0,0,0,663953437,56
0,0,0,0,0,0,0,663953947,56
0,0,0,0,0,0,0,663954457,56
0,0,0,0,0,0,0,663954968,56
0,0,0,0,0,0,0,663955478,56
0,0,0,0,0,0,0,663955989,56
0,0,0,0,0,0,0,663956501,56
0,0,0,0,0,0,0,663957011,56
0,0,0,0,0,0,0,663957522,56
0,0,0,0,0,0,0,663958032,56
0,0,0,0,0,0,0,663958542,56
0,0,0,0,0,0,0,663959053,56
0,0,0,0,0,0,0,663959563,56
0,0,0,0,0,0,0,663960075,56
0,0,0,0,0,0,0,663960586,56
0,0,0,0,0,0,0,663961100,56
0,0,0,0,0,0,0,663961611,56
0,0,0,0,0,0,0,663962122,56
0,0,0,0,0,0,0,663962632,56
0,0,0,0,0,0,0,663963142,56
0,0,0,0,0,0,0,663963653,56
0,0,0,0,0,0,0,663964163,56
0,0,0,0,0,0,0,663964677,56
0,0,0,0,0,0,0,663965188,56
0,0,0,0,0,0,0,663965698,56
0,0,0,0,0,0,0,663966208,56
0,0,0,0,0,0,0,663966719,56
0,0,0,0,0,0,0,663967229,56
0,0,0,0,0,0,0,663967740,56
0,0,0,0,0,0,0,663968250,56
0,0,0,0,0,0,0,663968760,56
0,0,0,0,0,0,0,663969271,56
0,0,0,0,0,0,0,663969781,56
0,0,0,0,0,0,0,663970291,56
0,0,0,0,0,0,0,663970802,56
0,0,0,0,0,0,0,663971312,56
0,0,0,0,0,0,0,663971822,56
0,0,0,0,0,0,0,663972333,56
0,0,0,0,0,0,0,663972843,56
0,0,0,0,0,0,0,663973353,56
0,0,0,0,0,0,0,663973864,56
0,0,0,0,0,0,0,663974374,56
0,0,0,0,0,0,0,663974884,56
0,0,0,0,0,0,0,663975395,56
0,0,0,0,0,0,0,663975905,56
0,0,0,0,0,0,0,663976416,56
0,0,0,0,0,0,0,663976926,56
0,0,0,0,0,0,0,663977436,56
0,0,0,0,0,0,0,663977947,56
0,0,0,0,0,0,0,664194649,56
0,0,0,0,0,0,0,664195160,56
0,0,0,0,0,0,0,664195670,56
0,0,0,0,0,0,0,664196181,56
0,0,0,0,0,0,0,664196691,56
0,0,0,0,0,0,0,664197205,56
0,0,0,0,0,0,0,664197716,56
0,0,0,0,0,0,0,664198226,56
0,0,0,0,0,0,0,664198736,56
0,0,0,0,0,0,0,664199247,56
0,0,0,0,0,0,0,664199757,56
0,0,0,0,0,0,0,664200267,56
0,0,0,0,0,0,0,664200782,56
0,0,0,0,0,0,0,664201292,56
0,0,0,0,0,0,0,664201802,56
0,0,0,0,0,0,0,664202313,56
0,0,0,0,0,0,0,664202823,56
0,0,0,0,0,0,0,664203333,56
0,0,0,0,0,0,0,664203844,56
0,0,0,0,0,0,0,664204354,56
0,0,0,0,0,0,0,664204865,56
0,0,0,0,0,0,0,664205375,56
0,0,0,0,0,0,0,664205886,56
0,0,0,0,0,0,0,664206396,56
0,0,0,0,0,0,0,664206906,56
0,0,0,0,0,0,0,664207417,56
0,0,0,0,0,0,0,664207927,56
0,0,0,0,0,0,0,664208437,56
0,0,0,0,0,0,0,664208947,56
0,0,0,0,0,0,0,664209458,56
0,0,0,0,0,0,0,664209968,56
0,0,0,0,0,0,0,664210479,56
0,0,0,0,0,0,0,664210989,56
0,0,0,0,0,0,0,664211501,56
0,0,0,0,0,0,0,664212012,56
0,0,0,0,0,0,0,664212522,56
0,0,0,0,0,0,0,664213033,56
0,0,0,0,0,0,0,664213543,56
0,0,0,0,0,0,0,664214053,56
0,0,0,0,0,0,0,664214563,56
0,0,0,0,0,0,0,664215076,56
0,0,0,0,0,0,0,664215586,56
0,0,0,0,0,0,0,664216096,56
0,0,0,0,0,0,0,664216607,56
0,0,0,0,0,0,0,664217117,56
0,0,0,0,0,0,0,664217627,56
0,0,0,0,0,0,0,664218138,56
0,0,0,0,0,0,0,664218648,56
0,0,0,0,0,0,0,664219158,56
0,0,0,0,0,0,0,664219669,56
0,0,0,0,0,0,0,664220179,56
0,0,0,0,0,0,0,664220689,56
0,0,0,0,0,0,0,664221200,56
0,0,0,0,0,0,0,664221714,56
0,0,0,0,0,0,0,664222225,56
0,0,0,0,0,0,0,664222735,56
0,0,0,0,0,0,0,664223245,56
0,0,0,0,0,0,0,664223755,56
0,0,0,0,0,0,0,664224266,56
0,0,0,0,0,0,0,664224780,56
0,0,0,0,0,0,0,664225290,56
0,0,0,0,0,0,0,664225803,56
0,0,0,0,0,0,0,664226314,56
0,0,0,0,0,0,0,664226824,56
0,0,0,0,0,0,0,664227335,56
0,0,0,0,0,0,0,664227845,56
0,0,0,0,0,0,0,664228355,56
0,0,0,0,0,0,0,664228866,56
0,0,0,0,0,0,0,664229376,56
0,0,0,0,0,0,0,664229887,56
0,0,0,0,0,0,0,664230397,56
0,0,0,0,0,0,0,664230907,56
0,0,0,0,0,0,0,664231418,56
0,0,0,0,0,0,0,664231928,56
0,0,0,0,0,0,0,664232438,56
0,0,0,0,0,0,0,664232949,56
0,0,0,0,0,0,0,664233459,56
0,0,0,0,0,0,0,664233969,56
0,0,0,0,0,0,0,664234480,56
0,0,0,0,0,0,0,664234990,56
0,0,0,0,0,0,0,664235502,56
0,0,0,0,0,0,0,664236013,56
0,0,0,0,0,0,0,664236523,56
0,0,0,0,0,0,0,664237033,56
0,0,0,0,0,0,0,664237544,56
0,0,0,0,0,0,0,664238054,56
0,0,0,0,0,0,0,664238564,56
0,0,0,0,0,0,0,664239076,56
0,0,0,0,0,0,0,664239587,56
0,0,0,0,0,0,0,664240097,56
0,0,0,0,0,0,0,664240607,56
0,0,0,0,0,0,0,664241118,56
0,0,0,0,0,0,0,664241628,56
0,0,0,0,0,0,0,664242138,56
0,0,0,0,0,0,0,664242649,56
0,0,0,0,0,0,0,664243163,56
0,0,0,0,0,0,0,664243673,56
0,0,0,0,0,0,0,664244184,56
0,0,0,0,0,0,0,664244694,56
0,0,0,0,0,0,0,664245205,56
0,0,0,0,0,0,0,664245715,56
0,0,0,0,0,0,0,664246229,56
0,0,0,0,0,0,0,664246740,56
0,0,0,0,0,0,0,664247250,56
0,0,0,0,0,0,0,664247760,56
0,0,0,0,0,0,0,664248271,56
0,0,0,0,0,0,0,664248785,56
0,0,0,0,0,0,0,664249295,56
0,0,0,0,0,0,0,664249810,56
0,0,0,0,0,0,0,664250320,56
0,0,0,0,0,0,0,664250830,56
0,0,0,0,0,0,0,664251341,56
0,0,0,0,0,0,0,664251851,56
0,0,0,0,0,0,0,664252362,56
0,0,0,0,0,0,0,664252872,56
0,0,0,0,0,0,0,664253382,56
0,0,0,0,0,0,0,664253893,56
0,0,0,0,0,0,0,664254403,56
0,0,0,0,0,0,0,664254913,56
0,0,0,0,0,0,0,664255424,56
0,0,0,0,0,0,0,664255934,56
0,0,0,0,0,0,0,664256446,56
0,0,0,0,0,0,0,664256957,56
0,0,0,0,0,0,0,664257467,56
0,0,0,0,0,0,0,664257977,56
0,0,0,0,0,0,0,664258488,56
0,0,0,0,0,0,0,664258998,56
0,0,0,0,0,0,0,664259510,56
0,0,0,0,0,0,0,664260021,56
0,0,0,0,0,0,0,664260531,56
0,0,0,0,0,0,0,664261041,56
0,0,0,0,0,0,0,664261552,56
0,0,0,0,0,0,0,664262064,56
0,0,0,0,0,0,0,664262574,56
0,0,0,0,0,0,0,664263086,56
0,0,0,0,0,0,0,664485880,56
0,0,0,0,0,0,0,664486390,56
0,0,0,0,0,0,0,664486904,56
0,0,0,0,0,0,0,664487415,56
0,0,0,0,0,0,0,664487925,56
0,0,0,0,0,0,0,664488435,56
0,0,0,0,0,0,0,664488946,56
0,0,0,0,0,0,0,664489456,56
0,0,0,0,0,0,0,664489967,56
0,0,0,0,0,0,0,664490477,56
0,0,0,0,0,0,0,664490987,56
0,0,0,0,0,0,0,664491500,56
0,0,0,0,0,0,0,664492011,56
0,0,0,0,0,0,0,664492521,56
0,0,0,0,0,0,0,664493031,56
0,0,0,0,0,0,0,664493542,56
0,0,0,0,0,0,0,664494052,56
0,0,0,0,0,0,0,664494563,56
0,0,0,0,0,0,0,664495075,56
0,0,0,0,0,0,0,664495585,56
0,0,0,0,0,0,0,664496095,56
0,0,0,0,0,0,0,664496606,56
0,0,0,0,0,0,0,664497116,56
0,0,0,0,0,0,0,664497626,56
0,0,0,0,0,0,0,664498137,56
0,0,0,0,0,0,0,664498647,56
0,0,0,0,0,0,0,664499158,56
0,0,0,0,0,0,0,664499668,56
0,0,0,0,0,0,0,664500178,56
0,0,0,0,0,0,0,664500689,56
0,0,0,0,0,0,0,664501199,56
0,0,0,0,0,0,0,664501709,56
0,0,0,0,0,0,0,664502220,56
0,0,0,0,0,0,0,664502730,56
0,0,0,0,0,0,0,664503240,56
0,0,0,0,0,0,0,664503751,56
0,0,0,0,0,0,0,664504261,56
0,0,0,0,0,0,0,664504771,56
0,0,0,0,0,0,0,664505286,56
