202,-40,8882,61936,445,286,20,650105931,57
168,-78,8840,61920,441,286,30,650106443,57
190,-150,8856,61920,440,285,37,650106953,57
190,-150,8856,61920,442,284,36,650107463,57
240,-112,8834,61920,441,286,31,650107974,57
240,-112,8834,61920,439,285,23,650108484,57
200,-60,8818,61952,436,282,17,650108995,57
200,-60,8818,61952,432,279,13,650109507,57
172,-60,8774,61920,424,277,20,650110017,57
172,-60,8774,61920,419,275,31,650110528,57
210,-114,8834,61936,423,272,41,650111038,57
210,-114,8834,61936,434,273,46,650111548,57
250,-90,8810,61936,455,285,39,650112059,57
250,-90,8810,61936,461,297,33,650112569,57
234,-82,8808,61936,454,304,35,650113081,57
234,-82,8808,61904,442,303,31,650113591,57
204,-94,8878,61936,432,303,33,650114102,57
204,-94,8878,61936,425,306,31,650114612,57
242,-84,8906,61936,428,298,36,650115122,57
242,-84,8906,61936,432,287,40,650115633,57
264,-110,8862,61904,438,277,36,650116143,57
264,-110,8862,61968,441,280,30,650116653,57
206,-120,8830,61936,442,288,26,650117164,57
206,-120,8830,61920,440,302,32,650117674,57
196,-118,8866,61920,445,305,39,650118185,57
196,-118,8866,61952,451,300,44,650118695,57
258,-110,8840,61952,448,289,51,650119205,57
258,-110,8840,61920,454,286,59,650119716,57
264,-62,8846,61952,466,283,59,650120226,57
264,-62,8846,61984,457,286,54,650120736,57
196,-94,8850,61920,453,287,48,650121247,57
196,-94,8850,61952,448,297,41,650121757,57
184,-156,8872,61920,441,310,34,650122268,57
184,-156,8872,61920,442,312,33,650122778,57
258,-114,8852,61952,445,307,29,650123288,57
258,-114,8852,61968,448,295,31,650123799,57
244,-48,8876,61936,445,282,28,650124309,57
244,-48,8876,61904,442,282,31,650124819,57
198,-80,8846,61904,436,293,34,650125330,57
198,-80,8846,61936,444,303,36,650125844,57
200,-86,8850,61936,457,306,32,650126354,57
200,-86,8850,61968,455,293,34,650126865,57
208,-68,8822,61936,450,280,35,650127375,57
208,-68,8822,61936,447,276,48,650127885,57
166,-76,8850,61936,450,275,50,650128396,57
166,-76,8850,61936,456,282,41,650128910,57
208,-78,8820,61936,453,292,33,650129420,57
208,-78,8820,61936,449,303,33,650129933,57
270,-140,8872,61952,451,317,26,650130445,57
270,-140,8872,61936,451,319,26,650130956,57
268,-88,8868,61952,444,308,25,650131466,57
202,-98,8826,61920,442,301,18,650131976,57
202,-98,8826,61952,443,292,17,650132487,57
178,-102,8800,61920,451,283,20,650132997,57
178,-102,8800,61920,457,280,24,650133510,57
184,-118,8856,61920,454,294,29,650134020,57
184,-118,8856,61952,451,296,33,650134530,57
250,-82,8876,61920,450,290,27,650135040,57
250,-82,8876,61920,438,277,26,650135551,57
200,-74,8822,61936,437,266,27,650136063,57
200,-74,8822,61936,445,261,37,650136573,57
226,-96,8826,61936,455,270,43,650137085,57
226,-96,8826,61968,461,288,35,650137596,57
226,-108,8840,61936,461,295,26,650138106,57
226,-108,8840,61936,469,295,23,650138616,57
228,-98,8916,61904,469,294,28,650139127,57
228,-98,8916,61936,465,288,37,650139637,57
228,-102,8884,61936,464,281,38,650140148,57
228,-102,8884,61936,466,278,32,650140658,57
236,-94,8810,61936,473,282,27,650141168,57
236,-94,8810,61936,470,280,28,650141679,57
272,-62,8858,61952,461,277,32,650142189,57
272,-62,8858,61952,457,278,49,650142699,57
214,-42,8884,61984,452,280,56,650143210,57
214,-42,8884,61952,448,279,55,650143720,57
224,-84,8870,61952,449,274,47,650144230,57
224,-84,8870,61920,439,270,44,650144741,57
194,-96,8756,61920,441,269,53,650145251,57
194,-96,8756,61920,449,277,54,650145761,57
206,-100,8866,61920,451,282,53,650146272,57
206,-100,8866,61952,455,288,43,650146782,57
180,-104,8892,61920,452,291,27,650147296,57
180,-104,8892,61952,454,290,18,650147807,57
174,-112,8852,61904,452,292,27,650148317,57
174,-112,8852,61936,449,293,45,650148827,57
214,-102,8854,61936,448,297,51,650149338,57
214,-102,8854,61936,445,291,58,650149852,57
254,-88,8830,61936,450,286,56,650150362,57
254,-88,8830,61936,455,287,43,650150873,57
210,-108,8812,61936,461,277,38,650151383,57
210,-108,8812,61936,453,266,31,650151893,57
198,-90,8842,61936,454,267,23,650152404,57
198,-90,8842,61936,452,274,25,650152918,57
216,-90,8840,61936,452,282,29,650153428,57
216,-90,8840,61936,460,292,37,650153941,57
214,-82,8886,61920,465,298,46,650154451,57
214,-82,8886,61904,461,297,47,650154962,57
156,-66,8868,61920,459,288,44,650155472,57
156,-66,8868,61936,465,284,38,650155982,57
162,-102,8842,61952,462,274,34,650156493,57
232,-104,8830,61920,449,273,34,650157005,57
232,-104,8830,61920,440,279,43,650157516,57
196,-112,8848,61920,442,287,41,650158026,57
196,-112,8848,61920,452,294,32,650158536,57
204,-130,8878,61952,452,301,27,650159046,57
204,-130,8878,61920,448,294,31,650159557,57
172,-122,8828,61952,445,286,41,650160069,57
172,-122,8828,61936,440,280,37,650160579,57
168,-72,8824,61936,443,282,23,650161091,57
168,-72,8824,61936,448,294,22,650161601,57
156,-80,8820,61936,460,307,27,650162111,57
156,-80,8820,61936,464,309,43,650162622,57
194,-72,8776,61936,454,303,43,650163132,57
194,-72,8776,61968,448,293,35,650163642,57
222,-80,8806,61936,450,279,31,650164153,57
222,-80,8806,61936,455,270,33,650164663,57
212,-70,8836,61936,450,274,37,650165173,57
212,-70,8836,61936,445,287,44,650165684,57
192,-22,8830,61968,443,290,42,650166194,57
192,-22,8830,61936,442,289,40,650166704,57
232,-96,8846,61920,432,289,37,650167215,57
232,-96,8846,61920,421,285,35,650167725,57
240,-82,8814,61952,427,288,39,650168235,57
240,-82,8814,61952,445,293,34,650168746,57
220,-104,8822,61952,454,293,35,650169256,57
220,-104,8822,61920,456,296,40,650169766,57
214,-96,8864,61920,454,296,41,650170277,57
214,-96,8864,61952,451,294,33,650170787,57
264,-64,8886,61888,449,289,27,650171301,57
264,-64,8886,61920,448,281,33,650171812,57
260,-14,8874,61920,452,276,43,650172322,57
260,-14,8874,61920,449,277,42,650172832,57
230,-50,8858,61904,449,272,26,650173343,57
230,-50,8858,61936,449,266,23,650173853,57
160,-78,8850,61936,447,265,22,650174367,57
160,-78,8850,61936,449,274,25,650174878,57
232,-96,8770,61936,453,289,30,650175388,57
232,-96,8770,61968,458,302,25,650175898,57
244,-98,8836,61904,457,307,25,650176409,57
244,-98,8836,61936,454,304,31,650176923,57
232,-88,8878,61904,448,294,40,650177433,57
232,-88,8878,61936,443,286,35,650177947,57
216,-90,8884,61936,442,279,26,650178457,57
216,-90,8884,61904,447,284,21,650178968,57
216,-72,8858,61952,452,283,27,650179478,57
216,-72,8858,61968,463,285,38,650179989,57
252,-62,8850,61920,465,285,44,650180501,57
252,-62,8850,61936,467,282,39,650181011,57
194,-122,8882,61920,472,288,39,650181522,57
246,-134,8792,61920,460,288,47,650182032,57
246,-134,8792,61888,460,288,54,650182542,57
266,-52,8872,61920,464,294,52,650183053,57
266,-52,8872,61952,461,294,43,650183563,57
214,-96,8920,61952,454,286,28,650184075,57
214,-96,8920,61952,443,284,21,650184586,57
184,-102,8912,61936,437,284,17,650185096,57
184,-102,8912,61936,431,283,23,650185606,57
204,-96,8892,61936,423,290,35,650186117,57
204,-96,8892,61936,434,291,40,650186627,57
256,-58,8870,61936,450,288,42,650187137,57
256,-58,8870,61904,454,281,50,650187648,57
204,-74,8818,61936,445,273,56,650188158,57
204,-74,8818,61936,436,261,54,650188668,57
162,-98,8802,61968,437,255,50,650189179,57
162,-98,8802,61936,450,261,45,650189689,57
244,-38,8880,61936,458,274,41,650190199,57
244,-38,8880,61936,466,288,37,650190710,57
192,-60,8916,61968,475,288,43,650191220,57
192,-60,8916,61952,476,283,45,650191730,57
214,-50,8878,61952,464,282,41,650192241,57
214,-50,8878,61952,453,274,32,650192751,57
220,-102,8828,61920,450,275,29,650193261,57
220,-102,8828,61920,443,283,29,650193772,57
248,-112,8866,61920,442,295,28,650194282,57
248,-112,8866,61952,438,301,27,650194792,57
196,-104,8854,61952,440,301,27,650195307,57
196,-104,8854,61920,449,289,27,650195817,57
108,-84,8790,61920,449,276,28,650196328,57
108,-84,8790,61920,446,268,31,650196838,57
180,-72,8878,61920,447,261,40,650197348,57
180,-72,8878,61936,451,257,50,650197859,57
222,-52,8878,61936,456,258,48,650198373,57
222,-52,8878,61936,454,263,46,650198883,57
194,-102,8860,61904,452,274,51,650199394,57
194,-102,8860,61904,452,278,54,650199904,57
208,-92,8880,61936,452,283,55,650200414,57
208,-92,8880,61936,448,282,52,650200929,57
248,-90,8860,61936,448,286,49,650201441,57
248,-90,8860,61936,449,285,38,650201955,57
220,-102,8816,61936,447,285,26,650202465,57
220,-102,8816,61936,438,282,22,650202975,57
152,-88,8816,61952,437,277,36,650203486,57
152,-88,8816,61936,445,273,43,650203996,57
150,-74,8828,61920,450,277,35,650204509,57
150,-74,8828,61904,452,282,31,650205019,57
228,-84,8792,61952,455,291,35,650205529,57
220,-146,8838,61952,463,296,32,650206040,57
220,-146,8838,61952,463,295,32,650206550,57
198,-148,8902,61920,465,291,35,650207062,57
198,-148,8902,61920,465,283,33,650207572,57
224,-108,8854,61952,460,280,33,650208085,57
224,-108,8854,61920,441,269,32,650208595,57
236,-102,8844,61920,435,265,26,650209105,57
236,-102,8844,61936,431,264,22,650209616,57
194,-112,8868,61936,436,272,26,650210126,57
194,-112,8868,61936,442,272,25,650210636,57
178,-108,8884,61936,451,276,31,650211147,57
178,-108,8884,61936,456,282,33,650211657,57
214,-60,8868,61968,459,281,26,650212167,57
214,-60,8868,61936,460,283,16,650212678,57
216,-82,8874,61936,471,278,8,650213188,57
216,-82,8874,61904,477,274,15,650213698,57
162,-96,8794,61936,467,276,32,650214209,57
162,-96,8794,61936,461,287,43,650214719,57
162,-90,8744,61936,455,299,51,650215229,57
162,-90,8744,61904,437,306,50,650215740,57
210,-108,8784,61952,430,299,42,650216250,57
210,-108,8784,61920,445,285,42,650216760,57
208,-112,8862,61952,453,277,38,650217271,57
208,-112,8862,61920,464,277,34,650217781,57
220,-64,8866,61920,464,278,34,650218291,57
220,-64,8866,61952,454,281,32,650218802,57
248,-112,8828,61952,439,283,30,650219316,57
248,-112,8828,61952,430,285,30,650219826,57
260,-100,8858,61920,443,286,31,650220337,57
260,-100,8858,61920,458,286,36,650220847,57
172,-124,8814,61952,462,278,39,650221357,57
172,-124,8814,61936,458,280,33,650221868,57
146,-118,8764,61936,458,275,20,650222382,57
146,-118,8764,61936,455,284,12,650222892,57
208,-92,8872,61936,454,291,18,650223403,57
208,-92,8872,61936,451,297,22,650223913,57
240,-106,8898,61936,451,306,28,650224423,57
240,-106,8898,61968,453,304,36,650224937,57
178,-128,8810,61968,459,301,32,650225449,57
178,-128,8810,61904,465,296,33,650225963,57
186,-92,8830,61904,466,304,42,650226473,57
186,-92,8830,61936,475,307,41,650226983,57
206,-122,8832,61936,475,296,38,650227494,57
206,-122,8832,61936,469,287,39,650228006,57
186,-100,8886,61952,461,274,44,650228516,57
186,-100,8886,61936,461,270,47,650229027,57
188,-114,8828,61952,455,274,41,650229537,57
188,-114,8828,61904,456,274,38,650230047,57
192,-100,8814,61952,444,277,35,650230558,57
236,-100,8766,61920,442,282,32,650231070,57
236,-100,8766,61952,453,290,33,650231580,57
228,-64,8842,61920,461,290,39,650232091,57
228,-64,8842,61920,467,287,41,650232601,57
202,-56,8802,61952,462,285,39,650233111,57
202,-56,8802,61920,457,278,31,650233622,57
214,-86,8780,61936,450,270,27,650234132,57
214,-86,8780,61936,451,267,25,650234643,57
266,-104,8850,61936,450,267,24,650235153,57
266,-104,8850,61936,455,272,19,650235663,57
202,-100,8868,61936,456,284,23,650236174,57
202,-100,8868,61936,453,290,31,650236684,57
174,-50,8884,61904,450,286,46,650237194,57
174,-50,8884,61904,445,280,46,650237705,57
182,-96,8826,61904,448,287,37,650238215,57
182,-96,8826,61936,446,298,29,650238725,57
208,-92,8842,61968,449,298,17,650239236,57
208,-92,8842,61968,460,287,11,650239746,57
174,-98,8850,61936,458,276,15,650240257,57
174,-98,8850,61952,456,273,20,650240767,57
180,-110,8908,61920,460,279,30,650241277,57
180,-110,8908,61920,467,284,30,650241788,57
196,-100,8872,61920,469,284,32,650242298,57
196,-100,8872,61952,462,283,33,650242808,57
196,-78,8886,61952,463,283,25,650243323,57
196,-78,8886,61984,464,282,23,650243833,57
166,-110,8862,61952,468,282,25,650244343,57
166,-110,8862,61952,462,282,25,650244854,57
196,-126,8834,61920,451,285,32,650245364,57
196,-126,8834,61952,437,294,39,650245875,57
282,-80,8886,61920,433,310,42,650246389,57
282,-80,8886,61936,431,321,44,650246899,57
220,-80,8816,61936,432,317,42,650247410,57
220,-80,8816,61904,439,311,31,650247920,57
172,-76,8826,61936,457,298,28,650248430,57
172,-76,8826,61968,464,291,19,650248944,57
218,-44,8868,61968,450,287,19,650249455,57
218,-44,8868,61968,449,286,34,650249969,57
236,-90,8782,61936,447,279,36,650250479,57
236,-90,8782,61968,443,274,44,650250990,57
172,-72,8856,61968,443,273,52,650251502,57
172,-72,8856,61936,446,266,47,650252012,57
124,-64,8874,61920,454,273,39,650252523,57
124,-64,8874,61936,455,281,23,650253033,57
204,-94,8842,61920,450,288,10,650253543,57
204,-94,8842,61936,454,286,19,650254054,57
214,-86,8830,61920,456,271,20,650254564,57
214,-78,8796,61920,451,267,21,650255076,57
214,-78,8796,61920,451,274,28,650255586,57
190,-100,8796,61920,455,280,34,650256097,57
190,-100,8796,61920,455,283,43,650256607,57
196,-116,8830,61952,451,280,46,650257118,57
196,-116,8830,61920,448,281,50,650257628,57
196,-108,8846,61952,455,278,47,650258138,57
196,-108,8846,61920,462,276,43,650258649,57
182,-78,8834,61936,464,275,45,650259159,57
182,-78,8834,61904,464,275,37,650259669,57
236,-82,8832,61936,460,270,33,650260180,57
236,-82,8832,61936,455,266,27,650260690,57
210,-48,8860,61968,451,261,26,650261200,57
210,-48,8860,61936,443,257,24,650261711,57
210,-60,8848,61936,435,262,29,650262221,57
210,-60,8848,61936,440,276,26,650262731,57
162,-52,8818,61936,450,290,19,650263242,57
162,-52,8818,61936,451,289,6,650263752,57
248,-132,8784,61936,455,287,6,650264263,57
248,-132,8784,61936,459,280,20,650264773,57
228,-118,8892,61952,462,276,35,650265283,57
228,-118,8892,61952,457,273,38,650265794,57
212,-152,8898,61952,446,273,42,650266304,57
212,-152,8898,61920,441,273,39,650266814,57
188,-114,8860,61952,441,276,39,650267329,57
188,-114,8860,61920,441,277,38,650267839,57
260,-132,8822,61920,439,277,33,650268349,57
260,-132,8822,61952,447,286,42,650268860,57
248,-48,8862,61952,458,290,48,650269370,57
248,-48,8862,61952,464,290,51,650269880,57
196,-104,8844,61920,458,291,44,650270395,57
196,-104,8844,61952,454,288,35,650270905,57
158,-128,8846,61968,445,289,21,650271416,57
158,-128,8846,61968,437,295,28,650271926,57
264,-80,8896,61936,437,304,33,650272436,57
264,-80,8896,61936,446,303,33,650272950,57
236,-80,8900,61936,453,297,23,650273461,57
236,-80,8900,61936,446,295,23,650273975,57
206,-82,8836,61936,438,297,29,650274485,57
206,-82,8836,61968,436,298,31,650274996,57
172,-96,8804,61904,447,294,33,650275508,57
172,-96,8804,61904,461,278,39,650276018,57
206,-86,8826,61936,470,263,40,650276529,57
206,-86,8826,61936,467,252,42,650277039,57
228,-92,8850,61920,464,253,38,650277549,57
228,-92,8850,61936,466,257,31,650278062,57
248,-118,8846,61952,450,274,35,650278572,57
248,-118,8846,61936,440,290,35,650279084,57
244,-104,8896,61920,437,312,42,650279594,57
216,-78,8818,61920,447,319,48,650280105,57
216,-78,8818,61952,451,313,41,650280615,57
188,-102,8852,61920,450,304,33,650281125,57
188,-102,8852,61920,452,307,28,650281636,57
176,-114,8842,61920,451,300,35,650282146,57
176,-114,8842,61920,440,295,40,650282656,57
224,-136,8908,61952,429,282,34,650283167,57
224,-136,8908,61936,436,270,27,650283677,57
236,-120,8880,61936,445,258,27,650284188,57
236,-120,8880,61936,452,258,32,650284698,57
192,-94,8878,61936,462,271,33,650285208,57
192,-94,8878,61936,462,283,28,650285719,57
236,-64,8880,61936,461,279,32,650286229,57
236,-64,8880,61936,458,280,29,650286739,57
244,-76,8860,61936,457,288,26,650287250,57
244,-76,8860,61936,457,294,32,650287760,57
214,-26,8882,61904,461,289,41,650288270,57
214,-26,8882,61936,459,283,49,650288781,57
150,-80,8860,61936,445,281,44,650289291,57
150,-80,8860,61936,438,278,43,650289801,57
192,-112,8926,61952,445,276,40,650290311,57
192,-112,8926,61952,446,276,32,650290822,57
202,-110,8880,61952,441,274,34,650291332,57
202,-110,8880,61952,438,275,32,650291842,57
196,-76,8902,61920,443,273,28,650292353,57
196,-76,8902,61920,451,274,25,650292863,57
200,-66,8908,61920,457,283,32,650293374,57
200,-66,8908,61952,459,292,42,650293884,57
198,-94,8910,61952,457,302,48,650294398,57
198,-94,8910,61952,453,303,58,650294909,57
196,-70,8870,61920,453,295,58,650295419,57
196,-70,8870,61920,453,288,48,650295929,57
150,-62,8878,61936,464,290,37,650296442,57
150,-62,8878,61936,465,295,34,650296952,57
204,-92,8890,61904,463,293,34,650297462,57
204,-92,8890,61904,457,284,41,650297976,57
184,-58,8826,61936,460,279,55,650298487,57
184,-58,8826,62000,466,281,54,650298997,57
202,-54,8840,61936,465,283,43,650299510,57
202,-54,8840,61936,457,288,26,650300020,57
208,-108,8848,61936,452,290,14,650300530,57
208,-108,8848,61936,447,292,15,650301041,57
216,-140,8798,61904,445,297,13,650301551,57
216,-140,8798,61936,441,304,19,650302063,57
202,-114,8798,61920,453,316,28,650302574,57
202,-114,8798,61936,458,315,24,650303086,57
200,-112,8886,61952,456,305,24,650303596,57
200,-112,8886,61936,448,297,34,650304106,57
216,-140,8926,61920,433,279,37,650304617,57
230,-54,8842,61920,426,270,35,650305127,57
230,-54,8842,61920,419,267,28,650305637,57
198,-68,8776,61952,455,256,39,650599872,57
304,-130,8854,61952,459,248,41,650600382,57
304,-130,8854,61952,472,258,37,650600893,57
224,-100,8866,61920,473,270,35,650601403,57
224,-100,8866,61952,465,282,32,650601913,57
152,-70,8810,61952,460,296,34,650602424,57
152,-70,8810,61920,462,299,46,650602934,57
176,-152,8810,61952,460,290,57,650603446,57
176,-152,8810,61936,459,282,49,650603957,57
190,-116,8792,61936,456,271,53,650604471,57
190,-116,8792,61936,463,271,43,650604981,57
192,-84,8780,61936,471,271,38,650605492,57
192,-84,8780,61936,464,278,37,650606004,57
220,-102,8800,61936,455,286,41,650606515,57
220,-102,8800,61936,452,301,48,650607025,57
244,-70,8836,61936,455,304,52,650607539,57
244,-70,8836,61936,455,303,55,650608050,57
234,-40,8862,61904,450,300,57,650608560,57
234,-40,8862,61904,451,292,52,650609072,57
214,-82,8842,61920,452,285,42,650609582,57
214,-82,8842,61888,444,282,34,650610097,57
216,-96,8886,61920,435,276,29,650610607,57
216,-96,8886,61952,435,275,23,650611121,57
222,-94,8818,61952,437,278,15,650611631,57
222,-94,8818,61952,431,282,11,650612142,57
192,-56,8846,61952,431,293,17,650612652,57
192,-56,8846,61952,438,299,27,650613163,57
182,-108,8834,61952,444,303,41,650613673,57
182,-108,8834,61952,450,296,46,650614184,57
200,-114,8898,61920,456,298,49,650614694,57
200,-114,8898,61920,452,295,52,650615204,57
202,-112,8922,61936,455,294,46,650615715,57
202,-112,8922,61936,450,280,41,650616225,57
220,-136,8834,61968,449,263,40,650616735,57
220,-136,8834,61936,451,260,42,650617246,57
176,-126,8902,61936,462,269,47,650617756,57
176,-126,8902,61968,462,278,48,650618266,57
214,-68,8870,61936,455,287,44,650618777,57
214,-68,8870,61936,449,296,38,650619287,57
242,-68,8840,61936,455,302,30,650619797,57
242,-68,8840,61936,456,302,31,650620308,57
186,-60,8870,61936,447,303,37,650620818,57
186,-60,8870,61904,441,300,39,650621329,57
190,-112,8866,61904,444,297,38,650621839,57
190,-112,8866,61936,448,289,32,650622349,57
240,-122,8850,61952,447,281,23,650622860,57
240,-122,8850,61936,438,281,23,650623370,57
304,-136,8864,61920,442,284,26,650623880,57
244,-104,8822,61920,455,293,25,650624391,57
244,-104,8822,61920,460,294,24,650624901,57
238,-108,8854,61920,455,291,33,650625412,57
238,-108,8854,61952,458,287,45,650625922,57
218,-74,8882,61920,449,282,57,650626432,57
218,-74,8882,61888,437,282,55,650626943,57
268,-66,8862,61920,437,280,45,650627453,57
268,-66,8862,61920,434,282,39,650627963,57
244,-90,8818,61904,445,282,30,650628474,57
244,-90,8818,61936,443,282,25,650628984,57
212,-98,8798,61904,443,289,28,650629495,57
212,-98,8798,61936,443,292,37,650630007,57
206,-96,8804,61936,443,296,43,650630517,57
206,-96,8804,61936,442,292,40,650631027,57
224,-70,8832,61936,458,284,34,650631542,57
224,-70,8832,61936,471,278,31,650632053,57
208,-72,8822,61904,474,270,35,650632564,57
208,-72,8822,61904,470,270,39,650633076,57
244,-126,8890,61936,450,274,43,650633586,57
244,-126,8890,61936,433,279,44,650634096,57
200,-136,8842,61952,437,279,42,650634607,57
200,-136,8842,61952,450,280,52,650635121,57
196,-120,8830,61952,458,284,49,650635631,57
196,-120,8830,61920,449,291,39,650636142,57
196,-104,8794,61952,451,299,32,650636652,57
196,-104,8794,61952,455,301,22,650637163,57
190,-124,8802,61952,446,294,20,650637673,57
190,-124,8802,61920,441,291,23,650638184,57
168,-110,8868,61920,432,290,42,650638694,57
168,-110,8868,61952,433,295,50,650639204,57
168,-122,8906,61952,435,295,53,650639715,57
168,-122,8906,61952,442,290,56,650640225,57
152,-114,8852,61936,449,274,51,650640735,57
152,-114,8852,61904,452,268,39,650641246,57
226,-40,8856,61904,451,273,34,650641756,57
226,-40,8856,61936,449,272,31,650642266,57
238,-68,8832,61904,451,273,31,650642777,57
238,-68,8832,61936,450,274,35,650643287,57
208,-134,8880,61936,451,277,37,650643798,57
208,-134,8880,61936,455,277,33,650644308,57
194,-126,8858,61936,466,276,29,650644818,57
194,-126,8858,61968,472,283,31,650645329,57
230,-86,8794,61936,468,296,40,650645839,57
230,-86,8794,61936,461,301,41,650646349,57
232,-86,8834,61936,453,305,40,650646860,57
232,-86,8834,61968,444,301,47,650647370,57
172,-64,8858,61952,437,297,48,650647880,57
172,-64,8858,61936,438,294,45,650648391,57
180,-108,8818,61920,451,296,42,650648901,57
180,-108,8818,61968,456,302,41,650649411,57
248,-84,8834,61920,459,317,33,650649922,57
182,-108,8786,61952,462,312,20,650650432,57
182,-108,8786,61952,459,299,18,650650942,57
170,-72,8778,61920,446,282,26,650651453,57
170,-72,8778,61952,442,269,36,650651963,57
238,-92,8886,61920,446,256,44,650652473,57
238,-92,8886,61920,444,254,46,650652984,57
192,-68,8858,61904,440,272,39,650653498,57
192,-68,8858,61936,439,288,40,650654010,57
154,-34,8884,61936,440,291,41,650654521,57
154,-34,8884,61936,448,288,37,650655031,57
196,-84,8844,61936,458,291,32,650655541,57
196,-84,8844,61936,461,293,16,650656055,57
212,-84,8836,61936,459,291,11,650656566,57
212,-84,8836,61936,457,285,10,650657078,57
206,-136,8852,61904,459,282,17,650657588,57
206,-136,8852,61904,459,283,29,650658099,57
204,-116,8850,61936,457,278,35,650658609,57
204,-116,8850,61936,456,281,38,650659123,57
224,-86,8822,61920,464,289,47,650659634,57
224,-86,8822,61920,468,291,46,650660146,57
256,-62,8838,61920,462,294,41,650660656,57
256,-62,8838,61952,463,303,39,650661167,57
206,-54,8852,61888,462,310,35,650661677,57
206,-54,8852,61920,458,311,36,650662188,57
242,-98,8896,61952,456,308,42,650662698,57
242,-98,8896,61952,454,300,42,650663208,57
260,-114,8886,61920,454,290,40,650663719,57
260,-114,8886,61920,454,295,35,650664229,57
190,-134,8850,61920,443,291,33,650911352,57
198,-108,8838,61952,451,296,18,650911862,57
198,-108,8838,61952,454,295,12,650912372,57
176,-130,8826,61952,456,291,19,650912882,57
176,-130,8826,61920,455,293,23,650913393,57
238,-128,8804,61920,452,284,18,650913903,57
238,-128,8804,61952,443,279,14,650914414,57
276,-98,8818,61920,436,281,19,650914924,57
276,-98,8818,61920,435,279,19,650915434,57
222,-120,8824,61952,436,279,22,650915945,57
222,-120,8824,61952,445,282,35,650916455,57
174,-138,8830,61952,451,288,46,650916965,57
174,-138,8830,61936,451,288,51,650917476,57
236,-88,8838,61968,449,290,47,650917986,57
236,-88,8838,61968,449,290,42,650918496,57
248,-86,8824,61904,449,292,38,650919009,57
248,-86,8824,61936,456,291,35,650919519,57
184,-118,8778,61936,453,286,34,650920029,57
184,-118,8778,61936,448,287,31,650920540,57
206,-140,8812,61936,448,289,24,650921050,57
206,-140,8812,61968,442,286,27,650921560,57
248,-102,8852,61936,437,281,30,650922073,57
248,-102,8852,61936,446,276,31,650922583,57
202,-102,8850,61904,456,286,34,650923093,57
202,-102,8850,61936,465,299,30,650923608,57
178,-86,8890,61952,469,304,33,650924118,57
178,-86,8890,61936,464,300,38,650924628,57
244,-118,8878,61920,456,287,32,650925139,57
238,-98,8880,61920,442,278,19,650925649,57
238,-98,8880,61952,442,273,19,650926160,57
184,-102,8942,61920,446,268,25,650926674,57
184,-102,8942,61952,454,264,34,650927185,57
206,-82,8966,61952,462,260,37,650927695,57
206,-82,8966,61952,466,264,40,650928205,57
230,-84,8878,61920,477,274,38,650928715,57
230,-84,8878,61952,473,284,34,650929230,57
196,-82,8856,61936,466,282,34,650929740,57
196,-82,8856,61968,459,276,29,650930254,57
204,-136,8864,61904,450,270,28,650930764,57
204,-136,8864,61936,449,277,43,650931275,57
202,-132,8858,61904,448,285,50,650931785,57
202,-132,8858,61936,461,288,42,650932295,57
218,-96,8874,61936,458,275,39,650932806,57
218,-96,8874,61936,445,269,35,650933316,57
206,-132,8856,61936,448,277,36,650933826,57
206,-132,8856,61968,454,290,31,650934337,57
158,-154,8862,61936,452,299,28,650934847,57
158,-154,8862,61936,443,303,31,650935358,57
172,-108,8908,61920,434,301,42,650935868,57
172,-108,8908,61952,436,300,39,650936378,57
228,-12,8822,61920,441,287,42,650936889,57
228,-12,8822,61920,447,277,38,650937399,57
230,-54,8886,61952,454,267,25,650937909,57
230,-54,8886,61920,455,271,17,650938420,57
202,-64,8864,61920,449,278,28,650938930,57
202,-64,8864,61952,439,287,35,650939442,57
176,-102,8866,61952,435,293,45,650939953,57
176,-102,8866,61920,436,294,39,650940463,57
210,-72,8858,61952,447,291,33,650940973,57
210,-72,8858,61952,458,292,34,650941484,57
204,-106,8872,61936,452,292,39,650941994,57
204,-106,8872,61936,450,294,40,650942507,57
174,-180,8904,61936,451,291,45,650943017,57
174,-180,8904,61904,459,281,50,650943527,57
210,-158,8874,61904,463,274,52,650944037,57
210,-158,8874,61936,451,269,52,650944548,57
204,-120,8892,61936,448,268,46,650945058,57
204,-120,8892,61936,443,275,42,650945568,57
200,-88,8850,61936,437,290,37,650946080,57
200,-88,8850,61936,437,298,43,650946591,57
220,-116,8854,61936,440,302,41,650947101,57
220,-116,8854,61936,436,299,39,650947616,57
214,-90,8874,61952,437,300,39,650948126,57
214,-90,8874,61936,437,296,33,650948636,57
190,-76,8826,61952,447,295,29,650949147,57
190,-76,8826,61936,458,291,35,650949657,57
184,-114,8760,61952,460,289,32,650950167,57
200,-92,8824,61952,451,288,42,650950682,57
200,-92,8824,61952,441,287,44,650951192,57
220,-84,8860,61920,437,284,48,650951702,57
220,-84,8860,61952,440,290,41,650952212,57
180,-74,8834,61952,437,290,38,650952723,57
180,-74,8834,61952,440,281,36,650953237,57
214,-74,8874,61952,450,270,30,650953747,57
214,-74,8874,61968,456,275,22,650954261,57
234,-74,8896,61968,454,289,22,650954772,57
234,-74,8896,61936,461,290,35,650955282,57
212,-104,8830,61968,462,289,41,650955792,57
212,-104,8830,61968,454,282,48,650956303,57
196,-132,8846,61936,454,275,45,650956813,57
196,-132,8846,61936,448,275,44,650957324,57
210,-66,8816,61936,453,283,43,650957834,57
210,-66,8816,61936,464,294,40,650958344,57
210,-66,8834,61936,458,296,35,650958855,57
210,-66,8834,61904,454,291,29,650959365,57
196,-78,8822,61936,459,283,30,650959875,57
196,-78,8822,61984,455,273,36,650960386,57
196,-96,8878,61952,450,277,36,650960896,57
196,-96,8878,61952,448,287,30,650961406,57
218,-86,8836,61920,449,285,27,650961917,57
218,-86,8836,61952,452,287,16,650962427,57
228,-90,8908,61920,452,285,19,650962937,57
228,-90,8908,61920,451,289,22,650963449,57
246,-92,8812,61920,448,285,26,650963959,57
246,-92,8812,61952,443,286,30,650964469,57
236,-90,8864,61952,443,292,30,650964980,57
236,-90,8864,61952,442,298,32,650965490,57
226,-68,8876,61920,450,287,37,650966002,57
226,-68,8876,61936,457,278,32,650966513,57
222,-64,8840,61936,448,279,34,650967023,57
222,-64,8840,61936,444,285,36,650967533,57
214,-78,8846,61936,447,289,40,650968044,57
214,-78,8846,61936,454,292,47,650968554,57
234,-80,8906,61936,452,294,52,650969066,57
234,-80,8906,61936,437,293,47,650969576,57
206,-98,8874,61936,435,296,50,650970088,57
206,-98,8874,61968,434,305,59,650970599,57
226,-72,8882,61936,432,305,61,650971109,57
226,-72,8882,61936,437,304,50,650971623,57
222,-72,8896,61936,445,300,32,650972134,57
222,-72,8896,61936,449,289,15,650972644,57
202,-122,8868,61952,458,274,4,650973154,57
202,-122,8868,61936,457,269,6,650973665,57
192,-96,8906,61920,452,272,16,650974175,57
192,-96,8906,61904,459,276,16,650974689,57
170,-80,8878,61920,468,283,29,650975200,57
188,-106,8860,61920,457,281,29,650975710,57
244,-114,8812,61936,435,275,35,651265916,57
198,-122,8850,61920,435,284,25,651266427,57
198,-122,8850,61936,440,289,28,651266937,57
184,-50,8834,61920,445,292,25,651267449,57
168,-84,8854,61952,441,294,21,651267959,57
168,-84,8854,61952,451,292,26,651268469,57
210,-80,8862,61952,451,289,26,651268980,57
210,-80,8862,61952,443,288,32,651269490,57
192,-116,8782,61920,444,294,31,651270002,57
192,-116,8782,61984,448,288,21,651270513,57
156,-142,8794,61952,440,283,23,651271023,57
156,-142,8794,61968,437,274,38,651271533,57
146,-72,8858,61936,438,274,42,651272044,57
146,-72,8858,61904,446,275,46,651272554,57
194,-74,8852,61936,449,277,44,651273066,57
194,-74,8852,61936,441,277,35,651273577,57
168,-78,8892,61936,436,279,22,651274088,57
168,-78,8892,61936,444,278,17,651274599,57
182,-94,8864,61936,441,281,17,651275109,57
182,-94,8864,61936,438,286,18,651275620,57
180,-52,8882,61904,447,290,26,651276130,57
180,-52,8882,61936,457,288,36,651276640,57
198,-72,8894,61904,459,289,46,651277151,57
198,-72,8894,61920,461,286,44,651277661,57
220,-98,8864,61920,464,286,37,651278172,57
220,-98,8864,61920,459,291,34,651278682,57
196,-112,8828,61920,450,305,30,651279192,57
196,-112,8828,61920,445,305,27,651279703,57
212,-74,8856,61952,444,300,29,651280213,57
212,-74,8856,61920,439,292,26,651280723,57
250,-142,8884,61920,430,283,22,651281234,57
250,-142,8884,61920,429,272,24,651281744,57
192,-158,8846,61920,432,271,32,651282254,57
192,-158,8846,61952,450,275,33,651282765,57
246,-122,8840,61952,467,284,41,651283275,57
246,-122,8840,61920,468,288,40,651283785,57
284,-40,8876,61904,457,286,31,651284296,57
284,-40,8876,61936,443,278,21,651284806,57
220,-80,8886,61904,433,275,9,651285321,57
220,-80,8886,61968,426,279,11,651285831,57
236,-110,8876,61904,431,291,25,651286341,57
236,-110,8876,61904,445,299,33,651286852,57
208,-56,8818,61904,453,293,45,651287362,57
208,-56,8818,61936,455,291,49,651287872,57
262,-58,8862,61936,457,287,51,651288387,57
262,-58,8862,61936,457,280,55,651288897,57
168,-126,8828,61936,459,286,55,651289407,57
168,-126,8828,61936,465,291,54,651289918,57
186,-132,8820,61920,473,283,55,651290428,57
186,-132,8820,61936,475,277,52,651290938,57
218,-86,8838,61952,468,271,40,651291449,57
218,-86,8838,61936,463,267,40,651291959,57
196,-90,8860,61920,452,266,36,651292470,57
188,-112,8810,61920,443,277,27,651292980,57
188,-112,8810,61920,440,288,18,651293490,57
238,-116,8828,61920,446,285,25,651294003,57
238,-116,8828,61920,451,288,40,651294513,57
280,-60,8888,61920,445,289,43,651295023,57
280,-60,8888,61952,451,282,41,651295534,57
222,-108,8932,61920,462,280,34,651296044,57
222,-108,8932,61936,458,276,22,651296554,57
188,-128,8874,61936,452,277,19,651297066,57
188,-128,8874,61936,450,280,22,651297577,57
272,-88,8842,61936,445,285,27,651298089,57
272,-88,8842,61904,441,284,34,651298599,57
268,-60,8804,61968,433,270,39,651299109,57
268,-60,8804,61936,429,262,49,651299620,57
234,-120,8828,61936,444,264,50,651300130,57
234,-120,8828,61936,462,271,41,651300640,57
216,-66,8842,61936,467,282,28,651301151,57
216,-66,8842,61936,467,294,25,651301661,57
190,-90,8802,61936,460,299,26,651302171,57
190,-90,8802,61920,452,298,27,651302682,57
250,-86,8786,61920,445,292,30,651303192,57
250,-86,8786,61952,439,286,39,651303702,57
244,-74,8850,61952,433,286,47,651304213,57
244,-74,8850,61952,429,295,42,651304723,57
270,-80,8874,61952,438,301,35,651305233,57
270,-80,8874,61952,443,304,28,651305744,57
292,-84,8876,61984,456,298,21,651306254,57
292,-84,8876,61952,467,288,27,651306768,57
198,-88,8848,61920,469,278,28,651307279,57
198,-88,8848,61920,471,269,26,651307789,57
184,-74,8772,61952,462,272,27,651308299,57
184,-74,8772,61968,442,283,33,651308810,57
220,-60,8846,61968,425,288,49,651309324,57
220,-60,8846,61936,431,289,48,651309835,57
236,-108,8872,61968,438,291,29,651310345,57
236,-108,8872,61936,440,285,15,651310855,57
180,-76,8890,61968,446,274,13,651311366,57
180,-76,8890,61936,450,263,24,651311876,57
176,-84,8858,61968,454,266,33,651312390,57
176,-84,8858,61936,456,274,35,651312901,57
178,-78,8866,61936,457,288,43,651313414,57
178,-78,8866,61904,455,300,49,651313924,57
204,-90,8806,61936,454,304,47,651314435,57
204,-90,8806,61968,456,302,43,651314945,57
190,-104,8818,61920,452,294,34,651315456,57
190,-104,8818,61936,448,292,25,651315966,57
192,-128,8834,61920,455,296,20,651316476,57
232,-96,8792,61952,462,298,27,651316987,57
232,-96,8792,61920,469,297,36,651317499,57
200,-50,8782,61920,462,297,46,651318011,57
200,-50,8782,61920,456,293,42,651318521,57
206,-76,8826,61952,451,287,38,651319032,57
206,-76,8826,61952,431,285,36,651319542,57
220,-114,8838,61920,413,283,35,651320052,57
220,-114,8838,61952,408,278,34,651320563,57
236,-54,8804,61936,418,271,41,651321075,57
236,-54,8804,61968,441,279,50,651321585,57
184,-88,8840,61936,453,292,56,651322096,57
184,-88,8840,61936,460,295,53,651322606,57
188,-98,8886,61936,469,295,46,651323116,57
188,-98,8886,61968,470,302,43,651323627,57
196,-62,8888,61936,468,298,30,651324137,57
196,-62,8888,61936,459,290,23,651324647,57
200,-66,8866,61936,458,283,25,651325158,57
200,-66,8866,61968,451,278,29,651325668,57
166,-48,8836,61904,446,287,30,651326178,57
166,-48,8836,61904,451,293,23,651326689,57
186,-78,8844,61936,455,295,20,651327199,57
186,-78,8844,61952,463,304,21,651327709,57
188,-100,8860,61952,460,314,19,651328220,57
188,-100,8860,61952,467,319,22,651328730,57
218,-106,8854,61920,463,311,30,651329240,57
218,-106,8854,61920,462,302,46,651329751,57
208,-110,8838,61920,462,283,56,651330261,57
208,-110,8838,61920,464,271,45,651330775,57
232,-102,8840,61888,462,275,22,651331286,57
232,-102,8840,61952,465,281,15,651331796,57
202,-78,8902,61920,458,277,20,651332306,57
202,-78,8902,61920,447,278,29,651332817,57
212,-92,8942,61904,452,278,49,651333327,57
212,-92,8942,61936,456,287,57,651333841,57
240,-78,8840,61936,453,292,50,651334352,57
240,-78,8840,61968,458,291,33,651334862,57
224,-148,8796,61968,462,283,19,651335372,57
192,-34,8886,61936,452,280,41,651568294,57
192,-34,8886,61936,453,276,44,651568805,57
212,-80,8870,61904,449,270,43,651569315,57
212,-80,8870,61968,440,261,41,651569825,57
228,-60,8872,61936,431,264,43,651570336,57
228,-60,8872,61904,439,270,41,651570846,57
236,-52,8892,61904,448,273,44,651571356,57
236,-52,8892,61936,452,280,37,651571867,57
192,-58,8892,61936,458,291,33,651572377,57
192,-58,8892,61904,456,298,32,651572887,57
212,-118,8842,61936,446,299,23,651573398,57
212,-118,8842,61904,438,291,13,651573908,57
248,-108,8826,61936,436,286,16,651574418,57
248,-108,8826,61920,434,280,30,651574929,57
206,-106,8838,61920,431,278,43,651575445,57
206,-106,8838,61920,443,278,48,651575956,57
174,-96,8868,61920,458,280,43,651576466,57
174,-96,8868,61952,461,280,43,651576976,57
228,-132,8874,61920,466,270,43,651577487,57
228,-132,8874,61920,465,260,43,651577997,57
252,-84,8832,61920,457,259,45,651578513,57
252,-84,8832,61920,455,260,45,651579024,57
174,-70,8788,61920,462,265,45,651579534,57
174,-70,8788,61920,459,270,48,651580044,57
178,-78,8806,61936,455,275,46,651580555,57
178,-78,8806,61936,463,279,40,651581067,57
188,-122,8862,61936,459,279,39,651581577,57
188,-122,8862,61936,449,276,31,651582089,57
254,-106,8864,61904,442,279,32,651582599,57
254,-106,8864,61936,438,278,39,651583110,57
232,-108,8802,61904,444,275,40,651583620,57
232,-108,8802,61936,457,283,43,651584130,57
146,-146,8806,61936,447,287,42,651584641,57
146,-146,8806,61936,430,290,42,651585151,57
194,-128,8844,61936,426,293,47,651585661,57
194,-128,8844,61904,428,291,51,651586172,57
186,-86,8796,61952,443,286,46,651586682,57
186,-86,8796,61936,448,284,45,651587193,57
134,-74,8820,61952,449,288,45,651587703,57
134,-74,8820,61936,451,294,41,651588213,57
222,-100,8884,61920,455,277,36,651588724,57
252,-68,8840,61952,458,263,35,651589234,57
252,-68,8840,61920,463,260,41,651589745,57
218,-64,8850,61920,467,268,47,651590255,57
218,-64,8850,61920,460,272,45,651590765,57
184,-100,8878,61952,452,268,41,651591275,57
184,-100,8878,61952,460,275,36,651591786,57
190,-94,8812,61920,464,281,27,651592296,57
190,-94,8812,61920,458,285,28,651592806,57
202,-38,8824,61936,458,292,32,651593317,57
202,-38,8824,61936,459,296,39,651593827,57
182,-48,8858,61936,453,290,42,651594338,57
182,-48,8858,61968,461,280,47,651594848,57
172,-84,8902,61968,467,275,41,651595358,57
172,-84,8902,61968,466,274,38,651595869,57
216,-60,8858,61936,469,279,38,651596379,57
216,-60,8858,61904,470,281,39,651596893,57
230,-72,8870,61968,458,284,32,651597404,57
230,-72,8870,61936,453,291,26,651597914,57
182,-106,8908,61904,449,291,25,651598424,57
182,-106,8908,61904,448,285,19,651598935,57
168,-126,8870,61952,457,277,19,651599447,57
168,-126,8870,61920,467,269,31,651599961,57
218,-122,8830,61920,465,276,42,651600472,57
218,-122,8830,61952,453,287,39,651600982,57
254,-114,8792,61920,448,290,30,651601492,57
254,-114,8792,61920,447,287,31,651602005,57
208,-74,8796,61920,447,285,26,651602519,57
208,-74,8796,61920,444,282,20,651603029,57
220,-92,8858,61920,442,286,27,651603543,57
220,-92,8858,61920,450,295,36,651604053,57
222,-100,8872,61920,458,302,44,651604563,57
222,-100,8872,61936,464,304,43,651605076,57
226,-72,8850,61904,468,299,34,651605586,57
226,-72,8850,61904,471,290,32,651606096,57
180,-78,8796,61936,467,281,39,651606607,57
180,-78,8796,61904,465,282,39,651607117,57
154,-52,8806,61936,464,290,41,651607627,57
154,-52,8806,61936,466,297,39,651608138,57
216,-86,8896,61936,462,299,35,651608648,57
216,-86,8896,61936,464,294,38,651609158,57
200,-98,8846,61904,465,293,42,651609669,57
200,-98,8846,61968,455,292,37,651610179,57
200,-58,8764,61968,450,290,39,651610690,57
200,-58,8764,61936,446,285,38,651611200,57
218,-86,8844,61920,449,271,34,651611710,57
218,-86,8844,61904,452,262,33,651612220,57
200,-78,8928,61920,460,254,33,651612731,57
200,-78,8928,61936,461,254,37,651613241,57
168,-66,8860,61952,465,262,49,651613751,57
150,-74,8848,61952,466,274,52,651614262,57
150,-74,8848,61920,471,284,52,651614772,57
224,-114,8794,61952,468,292,49,651615283,57
224,-114,8794,61920,460,297,46,651615793,57
256,-76,8838,61920,456,293,37,651616303,57
256,-76,8838,61952,460,289,31,651616814,57
220,-132,8866,61952,456,289,26,651617324,57
220,-132,8866,61936,447,291,20,651617834,57
264,-96,8876,61936,436,294,29,651618345,57
264,-96,8876,61936,436,303,43,651618855,57
240,-84,8788,61936,434,312,56,651619366,57
240,-84,8788,61904,434,311,54,651619876,57
200,-86,8834,61968,437,296,48,651620386,57
200,-86,8834,61904,444,283,35,651620901,57
166,-118,8846,61936,454,276,30,651621411,57
166,-118,8846,61904,469,274,28,651621921,57
202,-104,8870,61936,470,278,34,651622432,57
202,-104,8870,61936,454,279,35,651622942,57
206,-94,8836,61936,438,276,26,651623452,57
206,-94,8836,61952,429,271,21,651623967,57
154,-112,8842,61920,430,270,24,651624477,57
154,-112,8842,61920,440,273,29,651624988,57
188,-108,8878,61920,443,276,34,651625500,57
188,-108,8878,61952,454,281,34,651626011,57
232,-176,8826,61952,462,288,29,651626525,57
232,-176,8826,61920,472,283,22,651627035,57
230,-146,8842,61952,469,274,19,651627549,57
230,-146,8842,61952,451,277,31,651628061,57
162,-102,8832,61920,435,281,40,651628572,57
162,-102,8832,61920,437,281,34,651629084,57
178,-104,8824,61920,443,277,36,651629594,57
178,-104,8824,61936,454,278,38,651630105,57
204,-26,8814,61936,451,284,38,651630615,57
204,-26,8814,61904,444,296,43,651631125,57
222,-40,8806,61936,443,298,43,651631636,57
222,-40,8806,61936,450,300,44,651632146,57
228,-64,8814,61936,456,297,40,651632656,57
228,-64,8814,61936,467,293,38,651633167,57
218,-80,8844,61936,480,286,37,651633677,57
218,-80,8844,61968,484,279,38,651634188,57
212,-80,8836,61936,479,274,31,651634698,57
212,-80,8836,61968,468,273,25,651635208,57
242,-90,8796,61936,465,272,21,651635719,57
242,-90,8796,61936,462,279,22,651636229,57
198,-124,8810,61952,453,288,35,651636739,57
194,-116,8928,61920,446,278,24,651875746,57
194,-116,8928,61920,445,275,28,651876257,57
266,-122,8908,61920,445,271,29,651876767,57
266,-122,8908,61920,455,279,22,651877277,57
222,-122,8862,61952,463,287,16,651877788,57
222,-122,8862,61952,464,290,23,651878298,57
190,-106,8902,61904,464,288,36,651878808,57
190,-106,8902,61936,460,288,45,651879319,57
174,-128,8972,61936,459,286,49,651879829,57
174,-128,8972,61936,455,284,47,651880339,57
250,-110,8890,61904,457,288,44,651880850,57
250,-110,8890,61936,458,288,39,651881360,57
222,-60,8792,61936,458,284,44,651881871,57
222,-60,8792,61936,463,282,48,651882381,57
152,-80,8836,61936,453,282,37,651882891,57
152,-80,8836,61936,449,281,35,651883402,57
156,-74,8882,61936,447,286,40,651883912,57
156,-74,8882,61936,444,296,37,651884423,57
204,-26,8906,61936,439,303,27,651884933,57
204,-26,8906,61936,440,294,24,651885445,57
188,-88,8908,61952,450,286,27,651885955,57
188,-88,8908,61936,456,288,36,651886466,57
180,-126,8818,61952,458,277,31,651886976,57
276,-92,8834,61952,448,264,28,651887487,57
276,-92,8834,61952,440,267,18,651887997,57
238,-130,8878,61952,443,275,14,651888509,57
238,-130,8878,61920,447,288,19,651889019,57
192,-98,8852,61952,445,295,24,651889530,57
192,-98,8852,61952,439,292,29,651890040,57
192,-116,8862,61952,445,290,45,651890551,57
192,-116,8862,61952,450,286,55,651891063,57
206,-110,8874,61936,456,284,50,651891577,57
206,-110,8874,61936,461,281,52,651892089,57
192,-84,8886,61936,459,272,45,651892599,57
192,-84,8886,61904,464,273,42,651893110,57
216,-18,8868,61936,466,271,46,651893620,57
216,-18,8868,61936,467,276,50,651894131,57
226,-120,8836,61968,470,283,55,651894645,57
226,-120,8836,61968,462,285,46,651895155,57
244,-122,8868,61936,449,287,49,651895665,57
244,-122,8868,61936,447,293,46,651896176,57
220,-88,8876,61936,452,298,34,651896686,57
220,-88,8876,61936,454,298,25,651897197,57
170,-82,8830,61952,455,292,26,651897707,57
170,-82,8830,61952,460,287,31,651898217,57
228,-74,8874,61920,462,285,39,651898728,57
228,-74,8874,61952,455,287,45,651899238,57
270,-72,8876,61920,458,285,41,651899748,57
270,-72,8876,61920,460,279,34,651900259,57
204,-58,8848,61920,452,281,28,651900769,57
204,-58,8848,61952,444,278,25,651901279,57
192,-104,8798,61952,440,276,28,651901790,57
192,-104,8798,61920,440,271,27,651902300,57
210,-132,8852,61952,443,267,34,651902810,57
210,-132,8852,61920,442,268,39,651903321,57
180,-100,8872,61936,433,276,32,651903831,57
180,-100,8872,61968,431,275,32,651904341,57
180,-94,8848,61936,441,281,29,651904852,57
180,-94,8848,61936,450,287,30,651905362,57
182,-118,8804,61936,453,288,23,651905873,57
182,-118,8804,61936,459,292,28,651906383,57
220,-98,8776,61936,465,283,37,651906893,57
220,-98,8776,61936,472,284,52,651907404,57
240,-78,8838,61936,475,285,56,651907914,57
240,-78,8838,61904,470,286,55,651908424,57
262,-34,8852,61904,454,284,49,651908935,57
262,-34,8852,61968,434,290,36,651909447,57
242,-54,8854,61968,422,289,27,651909957,57
242,-54,8854,61936,424,284,21,651910468,57
286,-32,8836,61920,448,267,27,651910978,57
286,-32,8836,61904,456,257,29,651911488,57
188,-86,8796,61920,470,259,25,651911999,57
196,-170,8840,61920,474,270,29,651912511,57
196,-170,8840,61920,467,272,34,651913025,57
220,-120,8870,61952,457,268,34,651913536,57
220,-120,8870,61952,457,263,32,651914046,57
210,-82,8834,61920,460,270,23,651914556,57
210,-82,8834,61952,459,285,23,651915069,57
184,-132,8852,61952,453,303,26,651915583,57
184,-132,8852,61936,444,309,41,651916093,57
202,-92,8836,61936,453,304,53,651916604,57
202,-92,8836,61936,458,302,56,651917114,57
200,-76,8864,61936,456,302,57,651917624,57
200,-76,8864,61936,452,292,48,651918135,57
238,-32,8846,61968,449,292,41,651918649,57
238,-32,8846,61936,456,293,43,651919159,57
192,-74,8906,61936,454,291,42,651919670,57
192,-74,8906,61968,452,289,37,651920180,57
218,-72,8904,61936,456,288,36,651920690,57
218,-72,8904,61936,460,292,26,651921201,57
270,-58,8852,61936,454,291,23,651921711,57
270,-58,8852,61920,444,282,19,651922221,57
232,-92,8852,61952,437,285,25,651922732,57
232,-92,8852,61920,450,292,30,651923242,57
156,-126,8886,61920,461,297,32,651923752,57
156,-126,8886,61952,468,298,32,651924263,57
200,-106,8878,61920,463,307,36,651924773,57
200,-106,8878,61952,454,305,41,651925283,57
284,-118,8868,61952,453,300,38,651925794,57
284,-118,8868,61952,446,290,40,651926304,57
206,-92,8876,61952,441,285,47,651926815,57
206,-92,8876,61952,441,282,45,651927325,57
214,-72,8772,61952,444,269,39,651927835,57
214,-72,8772,61952,446,261,33,651928346,57
226,-80,8802,61936,446,259,28,651928856,57
226,-80,8802,61904,450,263,21,651929366,57
216,-112,8858,61936,456,270,20,651929877,57
216,-112,8858,61936,459,283,20,651930387,57
214,-100,8766,61936,451,285,24,651930897,57
214,-100,8766,61968,442,278,30,651931408,57
192,-92,8802,61936,435,278,32,651931918,57
192,-92,8802,61936,431,282,26,651932428,57
254,-92,8872,61936,439,293,27,651932939,57
254,-92,8872,61904,446,302,32,651933449,57
206,-80,8898,61968,454,298,36,651933959,57
206,-80,8898,61936,466,288,39,651934470,57
188,-116,8818,61952,466,286,40,651934980,57
188,-116,8818,61936,457,282,39,651935490,57
160,-52,8780,61952,447,275,52,651936003,57
160,-52,8780,61904,440,279,48,651936513,57
214,-48,8820,61920,436,287,31,651937027,57
218,-86,8802,61952,447,293,25,651937538,57
218,-86,8802,61952,456,299,25,651938048,57
172,-122,8856,61920,460,301,30,651938558,57
172,-122,8856,61952,455,299,30,651939071,57
220,-100,8870,61920,448,302,24,651939581,57
220,-100,8870,61920,450,300,22,651940095,57
268,-98,8846,61952,452,293,22,651940606,57
268,-98,8846,61936,451,285,24,651941116,57
180,-80,8812,61904,453,276,27,651941626,57
180,-80,8812,61936,457,268,28,651942137,57
178,-114,8858,61904,454,272,28,651942651,57
178,-114,8858,61936,451,279,35,651943161,57
242,-84,8870,61936,453,289,39,651943675,57
242,-84,8870,61904,458,288,39,651944186,57
222,-88,8834,61936,462,288,36,651944696,57
234,-66,8880,61904,436,287,33,652177623,57
194,-104,8898,61936,431,277,42,652178134,57
194,-104,8898,61936,431,274,43,652178644,57
236,-84,8870,61936,428,288,40,652179154,57
236,-84,8870,61936,437,308,25,652179665,57
244,-110,8824,61968,447,313,11,652180175,57
244,-110,8824,61936,448,305,21,652180689,57
224,-82,8824,61920,445,298,31,652181200,57
224,-82,8824,61936,447,294,37,652181710,57
218,-80,8830,61920,450,280,40,652182220,57
218,-80,8830,61936,449,275,42,652182731,57
226,-78,8848,61952,444,275,42,652183241,57
196,-96,8860,61952,443,279,42,652183755,57
196,-96,8860,61952,441,279,48,652184265,57
136,-86,8868,61920,448,277,42,652184776,57
136,-86,8868,61920,450,285,33,652185286,57
182,-136,8834,61952,447,292,28,652185796,57
182,-136,8834,61952,448,293,28,652186307,57
230,-78,8906,61936,450,286,19,652186817,57
230,-78,8906,61936,453,289,17,652187328,57
198,-76,8910,61936,451,297,11,652187838,57
198,-76,8910,61904,450,303,18,652188348,57
148,-108,8900,61936,453,304,34,652188859,57
148,-108,8900,61936,453,304,44,652189369,57
170,-126,8908,61936,455,302,53,652189880,57
170,-126,8908,61936,456,297,53,652190390,57
198,-130,8892,61904,457,290,48,652190900,57
198,-130,8892,61904,449,285,39,652191411,57
208,-80,8858,61968,443,277,38,652191921,57
208,-80,8858,61936,451,278,40,652192431,57
206,-70,8844,61936,442,281,37,652192941,57
206,-70,8844,61952,437,292,37,652193452,57
204,-78,8796,61952,447,301,46,652193962,57
204,-78,8796,61952,459,299,47,652194473,57
204,-94,8852,61920,460,289,48,652194983,57
204,-94,8852,61920,456,278,46,652195493,57
118,-154,8794,61952,461,266,46,652196006,57
118,-154,8794,61952,465,263,45,652196516,57
142,-104,8858,61920,455,274,43,652197026,57
142,-104,8858,61920,456,288,41,652197536,57
244,-98,8892,61888,462,299,38,652198047,57
244,-98,8892,61920,456,306,36,652198557,57
198,-98,8866,61952,456,309,35,652199069,57
198,-98,8866,61936,449,303,36,652199580,57
184,-114,8848,61936,446,289,40,652200091,57
184,-114,8848,61936,445,272,34,652200601,57
204,-70,8784,61936,447,263,29,652201111,57
204,-70,8784,61936,453,257,28,652201622,57
256,-82,8846,61936,459,267,39,652202136,57
256,-82,8846,61936,452,288,45,652202646,57
168,-108,8834,61936,445,293,46,652203157,57
168,-108,8834,61936,438,295,45,652203667,57
178,-70,8754,61904,427,297,33,652204177,57
178,-70,8754,61936,426,303,29,652204688,57
242,-66,8898,61936,431,299,34,652205202,57
242,-66,8898,61936,427,290,37,652205712,57
224,-98,8906,61952,446,284,37,652206223,57
224,-98,8906,61936,463,279,43,652206733,57
216,-148,8826,61952,469,281,42,652207243,57
198,-116,8840,61952,462,292,44,652207758,57
198,-116,8840,61952,452,294,45,652208268,57
254,-114,8866,61920,447,291,41,652208782,57
254,-114,8866,61952,450,293,37,652209292,57
270,-114,8820,61952,451,296,30,652209803,57
270,-114,8820,61952,447,292,23,652210313,57
220,-122,8868,61920,445,285,20,652210823,57
220,-122,8868,61952,442,281,19,652211334,57
250,-94,8900,61936,441,288,28,652211844,57
250,-94,8900,61904,442,298,30,652212354,57
248,-52,8872,61936,456,308,25,652212865,57
248,-52,8872,61904,470,306,15,652213375,57
224,-120,8850,61936,464,299,19,652213886,57
224,-120,8850,61936,448,294,28,652214396,57
176,-98,8794,61936,441,290,38,652214906,57
176,-98,8794,61936,444,283,34,652215417,57
224,-108,8830,61904,448,280,27,652215927,57
224,-108,8830,61936,451,276,24,652216437,57
246,-100,8830,61936,453,282,23,652216948,57
246,-100,8830,61936,453,285,26,652217458,57
206,-120,8836,61920,448,279,32,652217968,57
206,-120,8836,61920,446,273,37,652218479,57
212,-72,8792,61920,447,274,44,652218989,57
212,-72,8792,61952,450,287,45,652219501,57
278,-54,8818,61920,450,294,42,652220012,57
278,-54,8818,61920,440,292,39,652220522,57
244,-118,8828,61920,434,283,32,652221032,57
244,-118,8828,61952,444,287,26,652221543,57
168,-114,8818,61952,457,296,28,652222053,57
168,-114,8818,61920,465,293,33,652222563,57
156,-128,8850,61920,470,283,47,652223075,57
156,-128,8850,61952,474,278,50,652223586,57
152,-78,8854,61952,472,272,37,652224096,57
152,-78,8854,61936,458,280,33,652224607,57
204,-40,8798,61936,449,284,26,652225117,57
204,-40,8798,61936,435,284,30,652225627,57
192,-92,8828,61936,433,285,36,652226141,57
192,-92,8828,61936,439,292,39,652226652,57
196,-92,8806,61936,441,298,41,652227162,57
196,-92,8806,61904,439,301,42,652227672,57
248,-108,8834,61936,442,301,45,652228183,57
248,-108,8834,61936,448,303,49,652228693,57
218,-122,8892,61936,461,297,50,652229208,57
218,-122,8892,61936,468,283,43,652229718,57
204,-88,8788,61936,466,275,41,652230228,57
204,-88,8788,61936,456,275,36,652230739,57
168,-94,8834,61952,439,282,36,652231249,57
168,-94,8834,61968,439,284,36,652231759,57
202,-148,8860,61920,440,289,24,652232270,57
198,-98,8902,61920,444,297,20,652232784,57
198,-98,8902,61920,451,297,28,652233294,57
208,-120,8906,61920,448,288,42,652233805,57
208,-120,8906,61920,437,272,47,652234315,57
206,-124,8824,61920,432,273,49,652234825,57
206,-124,8824,61984,435,276,41,652235336,57
154,-96,8778,61952,444,278,33,652235846,57
154,-96,8778,61920,452,275,28,652236357,57
170,-72,8788,61936,454,277,29,652236867,57
170,-72,8788,61904,454,286,29,652237377,57
248,-44,8786,61936,457,294,34,652237888,57
248,-44,8786,61904,448,299,37,652238398,57
252,-64,8846,61936,429,294,37,652238908,57
252,-64,8846,61936,423,291,40,652239419,57
194,-86,8830,61936,427,293,41,652239929,57
194,-86,8830,61904,446,289,26,652240441,57
240,-102,8842,61936,467,288,26,652240951,57
240,-102,8842,61936,477,286,27,652241462,57
232,-100,8800,61904,472,287,26,652241972,57
232,-100,8800,61936,472,288,29,652242483,57
234,-108,8866,61952,465,282,32,652242993,57
234,-108,8866,61952,452,274,30,652243505,57
200,-112,8882,61888,439,272,29,652244015,57
200,-112,8882,61952,434,278,37,652244526,57
186,-160,8886,61920,437,285,40,652245036,57
186,-160,8886,61920,431,282,37,652245547,57
190,-56,8776,61952,454,302,41,652475434,57
190,-56,8776,61936,450,301,38,652475945,57
148,-54,8882,61952,443,290,35,652476455,57
148,-54,8882,61936,440,281,33,652476965,57
220,-32,8914,61952,443,272,26,652477476,57
242,-106,8852,61952,448,268,18,652477986,57
242,-106,8852,61920,450,271,22,652478497,57
240,-132,8900,61920,456,274,31,652479009,57
240,-132,8900,61920,461,281,36,652479519,57
188,-66,8912,61920,462,281,28,652480029,57
188,-66,8912,61920,463,283,27,652480540,57
236,-108,8802,61920,461,280,36,652481050,57
236,-108,8802,61920,457,272,40,652481560,57
214,-84,8870,61936,456,278,42,652482073,57
214,-84,8870,61936,453,281,42,652482583,57
206,-106,8834,61968,450,284,30,652483093,57
206,-106,8834,61936,454,287,24,652483604,57
222,-106,8844,61968,455,285,25,652484114,57
222,-106,8844,61936,448,276,23,652484624,57
260,-36,8898,61968,440,276,28,652485135,57
260,-36,8898,61904,436,284,32,652485645,57
228,-70,8882,61904,437,294,31,652486155,57
228,-70,8882,61936,437,298,30,652486666,57
184,-72,8844,61968,441,297,32,652487176,57
184,-72,8844,61936,452,293,31,652487686,57
240,-32,8870,61920,449,288,32,652488197,57
240,-32,8870,61920,446,284,27,652488707,57
226,-62,8866,61952,448,277,24,652489217,57
226,-62,8866,61920,452,278,27,652489728,57
214,-80,8868,61952,458,286,25,652490238,57
214,-80,8868,61952,462,288,27,652490748,57
220,-110,8834,61920,461,283,26,652491259,57
220,-110,8834,61952,465,280,20,652491769,57
242,-70,8822,61952,464,282,31,652492279,57
242,-70,8822,61952,466,287,37,652492790,57
234,-14,8838,61920,467,292,42,652493304,57
234,-14,8838,61920,465,297,43,652493815,57
146,-56,8862,61936,462,299,44,652494325,57
146,-56,8862,61904,467,298,43,652494835,57
140,-164,8888,61936,464,286,44,652495346,57
140,-164,8888,61936,452,277,46,652495856,57
208,-108,8874,61968,442,280,50,652496366,57
208,-108,8874,61936,438,286,44,652496881,57
204,-78,8888,61936,437,291,42,652497391,57
204,-78,8888,61936,438,291,40,652497901,57
170,-94,8900,61936,446,284,36,652498412,57
170,-94,8900,61936,456,270,36,652498922,57
166,-84,8866,61936,460,272,29,652499433,57
166,-84,8866,61936,463,285,29,652499943,57
202,-106,8834,61936,463,302,34,652500453,57
202,-106,8834,61936,460,309,37,652500964,57
222,-134,8854,61920,453,309,37,652501474,57
222,-134,8854,61936,442,308,38,652501984,57
184,-148,8782,61920,432,300,43,652502495,57
192,-110,8822,61952,438,299,44,652503007,57
192,-110,8822,61920,435,293,45,652503517,57
264,-90,8846,61952,431,282,36,652504028,57
264,-90,8846,61952,435,281,23,652504538,57
222,-134,8780,61920,448,290,12,652505048,57
222,-134,8780,61952,462,299,5,652505559,57
208,-114,8806,61952,468,305,13,652506071,57
208,-114,8806,61952,470,305,23,652506581,57
224,-86,8886,61936,457,292,40,652507092,57
224,-86,8886,61936,456,282,43,652507602,57
234,-88,8868,61936,466,279,31,652508112,57
234,-88,8868,61936,468,278,19,652508623,57
214,-130,8862,61936,464,278,26,652509133,57
214,-130,8862,61936,455,272,41,652509644,57
190,-128,8856,61936,452,275,43,652510154,57
190,-128,8856,61968,458,277,39,652510664,57
246,-68,8828,61936,460,281,47,652511175,57
246,-68,8828,61904,450,297,56,652511685,57
246,-54,8762,61936,447,305,51,652512195,57
246,-54,8762,61904,443,305,44,652512705,57
172,-76,8822,61952,450,301,35,652513216,57
172,-76,8822,61920,449,292,26,652513726,57
196,-134,8838,61920,449,285,24,652514236,57
196,-134,8838,61920,457,284,22,652514747,57
232,-94,8864,61920,464,287,29,652515261,57
232,-94,8864,61920,471,296,36,652515772,57
216,-82,8882,61952,469,296,34,652516282,57
216,-82,8882,61920,456,281,30,652516792,57
176,-114,8884,61920,447,277,32,652517303,57
176,-114,8884,61920,445,284,37,652517817,57
190,-68,8842,61920,445,294,46,652518327,57
190,-68,8842,61952,430,293,48,652518838,57
264,-50,8796,61936,428,290,29,652519348,57
264,-50,8796,61936,442,289,18,652519858,57
224,-120,8838,61968,452,292,14,652520369,57
224,-120,8838,61936,453,299,22,652520883,57
224,-90,8874,61968,464,301,34,652521393,57
224,-90,8874,61936,471,295,34,652521906,57
276,-84,8868,61936,472,283,41,652522416,57
276,-84,8868,61936,467,277,49,652522926,57
222,-70,8846,61936,454,281,42,652523437,57
222,-70,8846,61904,439,290,41,652523947,57
218,-84,8848,61936,434,297,42,652524457,57
218,-84,8848,61936,430,296,48,652524968,57
218,-58,8878,61920,431,287,52,652525478,57
218,-58,8878,61936,440,280,46,652525989,57
274,-38,8810,61952,457,276,40,652526501,57
274,-38,8810,61936,460,278,40,652527011,57
244,-48,8820,61920,459,284,47,652527522,57
198,-110,8872,61920,463,291,49,652528032,57
198,-110,8872,61920,459,303,39,652528542,57
190,-84,8902,61920,454,311,30,652529053,57
190,-84,8902,61920,457,308,25,652529563,57
214,-108,8886,61920,456,299,20,652530075,57
214,-108,8886,61920,456,285,15,652530585,57
212,-102,8842,61952,448,277,21,652531096,57
212,-102,8842,61968,449,270,30,652531606,57
204,-146,8838,61936,445,267,37,652532117,57
204,-146,8838,61968,450,268,38,652532627,57
256,-128,8868,61904,453,273,39,652533137,57
256,-128,8868,61936,454,279,44,652533648,57
274,-66,8818,61936,457,282,47,652534158,57
274,-66,8818,61936,459,285,51,652534668,57
204,-66,8794,61936,460,293,55,652535179,57
204,-66,8794,61936,452,300,54,652535689,57
174,-90,8836,61936,441,294,47,652536199,57
174,-90,8836,61936,445,288,44,652536710,57
232,-78,8792,61936,448,288,42,652537220,57
232,-78,8792,61936,447,287,46,652537730,57
246,-72,8856,61952,447,281,46,652538241,57
246,-72,8856,61952,454,282,46,652538751,57
188,-68,8874,61920,467,284,49,652539265,57
188,-68,8874,61920,472,289,42,652539775,57
178,-78,8776,61920,469,291,32,652540286,57
178,-78,8776,61920,464,298,21,652540796,57
240,-112,8854,61952,459,301,18,652541306,57
240,-112,8854,61920,457,303,25,652541817,57
200,-102,8878,61920,449,294,33,652542331,57
200,-102,8878,61920,451,286,29,652542841,57
246,-72,8780,61920,453,276,31,652776772,57
204,-106,8850,61952,451,272,31,652777282,57
204,-106,8850,61952,452,269,24,652777792,57
188,-138,8838,61920,457,278,25,652778303,57
188,-138,8838,61968,461,286,17,652778813,57
226,-144,8836,61936,457,282,21,652779323,57
226,-144,8836,61936,452,278,30,652779834,57
242,-112,8890,61936,448,280,41,652780344,57
242,-112,8890,61936,438,281,41,652780854,57
212,-102,8840,61936,435,278,37,652781365,57
212,-102,8840,61904,437,276,34,652781875,57
168,-104,8794,61936,443,273,31,652782386,57
168,-104,8794,61936,453,274,22,652782896,57
226,-114,8870,61936,463,280,17,652783406,57
226,-114,8870,61936,456,286,19,652783921,57
186,-120,8894,61936,455,287,25,652784431,57
186,-120,8894,61952,448,279,43,652784941,57
154,-104,8836,61952,446,277,56,652785452,57
154,-104,8836,61952,452,277,60,652785962,57
202,-146,8840,61920,450,271,53,652786472,57
202,-146,8840,61920,445,272,36,652786986,57
264,-90,8886,61952,436,284,34,652787497,57
264,-90,8886,61920,432,288,34,652788009,57
200,-18,8878,61952,439,286,26,652788519,57
200,-18,8878,61952,450,283,30,652789030,57
180,-112,8846,61920,454,272,28,652789540,57
180,-112,8846,61952,458,271,29,652790051,57
184,-158,8870,61952,459,276,30,652790561,57
184,-158,8870,61936,447,281,34,652791073,57
198,-102,8900,61936,437,281,35,652791583,57
198,-102,8900,61968,427,278,33,652792094,57
240,-114,8860,61904,432,278,35,652792604,57
240,-114,8860,61904,441,280,36,652793114,57
204,-88,8838,61968,453,284,38,652793625,57
204,-88,8838,61968,468,285,41,652794135,57
220,-92,8862,61936,467,280,39,652794645,57
220,-92,8862,61936,458,275,31,652795156,57
252,-104,8816,61904,443,279,32,652795666,57
252,-104,8816,61936,432,290,33,652796177,57
190,-78,8796,61904,441,298,33,652796687,57
190,-78,8796,61936,451,296,34,652797197,57
208,-68,8842,61920,456,283,29,652797708,57
208,-68,8842,61936,457,280,19,652798218,57
214,-106,8852,61920,455,288,12,652798728,57
214,-106,8852,61968,451,294,13,652799239,57
202,-94,8870,61888,442,294,26,652799749,57
166,-94,8886,61920,434,295,35,652800259,57
166,-94,8886,61952,438,296,45,652800769,57
242,-74,8864,61952,445,287,56,652801280,57
242,-74,8864,61920,455,279,57,652801790,57
290,-82,8878,61952,460,273,47,652802300,57
290,-82,8878,61920,465,271,31,652802811,57
208,-70,8902,61952,464,275,24,652803321,57
208,-70,8902,61936,458,285,30,652803831,57
152,-92,8956,61936,459,294,47,652804342,57
152,-92,8956,61936,460,298,48,652804852,57
198,-122,8838,61936,460,292,36,652805366,57
198,-122,8838,61936,459,286,22,652805877,57
202,-72,8860,61904,457,276,24,652806387,57
202,-72,8860,61936,453,273,34,652806897,57
160,-98,8794,61936,460,286,40,652807408,57
160,-98,8794,61936,462,291,45,652807918,57
192,-154,8794,61936,454,294,42,652808432,57
192,-154,8794,61936,447,296,37,652808943,57
224,-108,8864,61936,454,289,30,652809453,57
224,-108,8864,61952,459,277,30,652809964,57
224,-96,8858,61952,461,274,34,652810474,57
224,-96,8858,61952,459,273,33,652810988,57
154,-80,8824,61952,456,269,31,652811501,57
154,-80,8824,61920,450,271,27,652812015,57
190,-86,8852,61952,438,280,22,652812525,57
190,-86,8852,61952,431,280,27,652813035,57
210,-110,8932,61920,432,273,43,652813546,57
210,-110,8932,61920,439,270,51,652814056,57
222,-104,8868,61920,451,273,51,652814566,57
222,-104,8868,61952,456,276,53,652815078,57
216,-76,8854,61920,462,278,42,652815589,57
216,-76,8854,61936,460,283,29,652816099,57
242,-74,8854,61936,451,281,33,652816610,57
242,-74,8854,61936,447,283,36,652817120,57
240,-30,8862,61936,443,294,39,652817630,57
240,-30,8862,61936,443,297,44,652818141,57
194,-62,8926,61936,451,298,51,652818651,57
194,-62,8926,61968,457,294,52,652819161,57
216,-64,8932,61936,464,289,45,652819672,57
216,-64,8932,61968,472,286,34,652820182,57
188,-136,8860,61936,464,287,28,652820692,57
188,-136,8860,61936,453,290,31,652821203,57
216,-136,8810,61936,449,284,35,652821713,57
216,-136,8810,61936,444,275,38,652822223,57
200,-128,8870,61952,446,272,31,652822734,57
200,-128,8870,61904,453,279,34,652823244,57
200,-90,8862,61920,458,290,31,652823754,57
200,-90,8862,61936,456,288,17,652824265,57
252,-76,8802,61920,458,285,14,652824775,57
214,-52,8834,61920,456,287,16,652825286,57
214,-52,8834,61952,457,293,27,652825796,57
166,-120,8850,61952,451,294,40,652826306,57
166,-120,8850,61952,456,279,44,652826817,57
202,-136,8894,61952,457,269,54,652827327,57
202,-136,8894,61920,454,276,53,652827837,57
262,-84,8848,61920,458,294,52,652828348,57
262,-84,8848,61936,469,307,41,652828858,57
210,-52,8812,61968,470,300,31,652829368,57
210,-52,8812,61968,466,290,24,652829879,57
166,-92,8782,61936,455,282,23,652830389,57
166,-92,8782,61936,443,277,24,652830899,57
184,-112,8850,61968,438,275,32,652831410,57
184,-112,8850,61968,440,277,34,652831920,57
230,-86,8932,61936,450,277,31,652832434,57
230,-86,8932,61936,457,286,28,652832945,57
224,-78,8854,61936,456,297,30,652833455,57
224,-78,8854,61936,458,310,36,652833965,57
188,-58,8804,61936,457,312,47,652834476,57
188,-58,8804,61920,457,309,45,652834986,57
252,-80,8832,61952,457,299,34,652835497,57
252,-80,8832,61952,459,293,29,652836011,57
226,-100,8828,61920,462,290,28,652836521,57
226,-100,8828,61920,464,291,35,652837032,57
214,-84,8828,61952,463,289,46,652837542,57
214,-84,8828,61952,467,294,52,652838052,57
178,-72,8798,61952,467,297,53,652838563,57
178,-72,8798,61952,464,297,51,652839075,57
168,-50,8784,61920,455,292,47,652839585,57
168,-50,8784,61920,445,281,42,652840096,57
170,-64,8826,61952,437,278,35,652840606,57
170,-64,8826,61936,437,282,30,652841116,57
176,-122,8808,61936,452,286,29,652841627,57
176,-122,8808,61936,463,294,27,652842137,57
252,-72,8828,61904,453,303,39,653064911,57
252,-72,8828,61936,455,307,44,653065422,57
172,-124,8886,61920,461,302,44,653065932,57
172,-124,8886,61968,464,299,46,653066444,57
166,-102,8846,61952,459,308,40,653066954,57
198,-78,8888,61952,463,305,45,653067465,57
198,-78,8888,61920,458,300,50,653067975,57
186,-108,8914,61920,459,295,41,653068485,57
186,-108,8914,61952,454,293,38,653068996,57
206,-112,8874,61920,447,294,36,653069508,57
206,-112,8874,61920,452,299,33,653070022,57
262,-70,8878,61920,465,295,36,653070533,57
262,-70,8878,61920,471,288,39,653071043,57
204,-88,8828,61904,468,284,47,653071553,57
204,-88,8828,61904,467,287,51,653072065,57
208,-94,8800,61936,465,290,47,653072576,57
208,-94,8800,61936,450,288,42,653073092,57
250,-70,8844,61936,439,290,34,653073602,57
250,-70,8844,61936,438,292,29,653074112,57
228,-76,8808,61936,433,289,28,653074623,57
228,-76,8808,61936,431,280,34,653075133,57
228,-104,8830,61936,435,273,44,653075644,57
228,-104,8830,61936,443,274,50,653076154,57
192,-116,8794,61936,444,281,47,653076664,57
192,-116,8794,61952,440,285,50,653077175,57
156,-106,8794,61920,441,284,49,653077685,57
156,-106,8794,61952,442,288,41,653078195,57
230,-88,8830,61920,441,291,40,653078706,57
230,-88,8830,61920,445,279,43,653079216,57
208,-108,8858,61920,452,277,45,653079726,57
208,-108,8858,61920,457,267,53,653080237,57
204,-80,8846,61920,461,259,56,653080747,57
204,-80,8846,61952,454,263,56,653081257,57
282,-86,8886,61920,452,277,50,653081768,57
282,-86,8886,61920,450,283,41,653082278,57
276,-66,8876,61920,454,284,32,653082788,57
276,-66,8876,61952,446,281,30,653083299,57
236,-68,8886,61968,444,268,36,653083809,57
236,-68,8886,61936,450,257,42,653084320,57
238,-114,8862,61936,445,260,43,653084830,57
238,-114,8862,61968,447,261,45,653085340,57
208,-104,8828,61968,451,275,43,653085851,57
208,-104,8828,61936,458,296,35,653086361,57
194,-102,8798,61904,464,306,28,653086871,57
194,-102,8798,61936,472,302,21,653087382,57
164,-114,8838,61936,476,299,21,653087892,57
164,-114,8838,61904,479,293,25,653088402,57
172,-114,8860,61936,484,285,23,653088912,57
172,-114,8860,61936,474,283,25,653089423,57
180,-126,8824,61952,446,280,29,653089933,57
180,-126,8824,61936,432,272,34,653090445,57
168,-90,8762,61952,429,268,41,653090956,57
168,-90,8762,61936,432,275,41,653091470,57
158,-134,8774,61920,448,287,43,653091980,57
218,-98,8830,61920,458,293,46,653092491,57
218,-98,8830,61952,458,293,51,653093003,57
268,-30,8832,61952,448,291,46,653093513,57
268,-30,8832,61952,444,287,38,653094027,57
184,-72,8824,61952,433,290,33,653094538,57
184,-72,8824,61952,440,286,29,653095048,57
200,-108,8826,61952,448,277,29,653095558,57
200,-108,8826,61936,450,277,29,653096070,57
236,-44,8804,61936,453,275,25,653096581,57
236,-44,8804,61904,457,271,16,653097095,57
226,-74,8792,61936,456,279,16,653097605,57
226,-74,8792,61936,458,281,19,653098117,57
140,-56,8812,61936,449,280,23,653098627,57
140,-56,8812,61936,445,288,34,653099138,57
152,-82,8816,61936,446,295,42,653099648,57
152,-82,8816,61968,444,291,50,653100158,57
240,-82,8842,61968,447,279,52,653100669,57
240,-82,8842,61904,461,270,49,653101179,57
220,-100,8820,61936,472,267,42,653101689,57
220,-100,8820,61920,476,265,42,653102200,57
178,-78,8844,61952,472,269,40,653102710,57
178,-78,8844,61952,460,279,39,653103220,57
214,-106,8900,61952,441,288,39,653103731,57
214,-106,8900,61920,434,289,33,653104241,57
236,-108,8846,61920,429,283,24,653104751,57
236,-108,8846,61952,436,279,15,653105262,57
206,-146,8880,61920,449,274,15,653105772,57
206,-146,8880,61920,454,272,29,653106282,57
170,-116,8848,61952,452,263,28,653106793,57
170,-116,8848,61952,453,258,31,653107303,57
186,-110,8822,61920,459,268,39,653107813,57
186,-110,8822,61920,462,279,42,653108324,57
182,-70,8810,61936,459,285,43,653108834,57
182,-70,8810,61936,454,289,39,653109344,57
136,-132,8814,61936,460,294,34,653109855,57
136,-132,8814,61904,463,295,38,653110365,57
154,-104,8882,61936,468,294,40,653110876,57
154,-104,8882,61936,468,293,42,653111386,57
236,-116,8924,61936,466,285,38,653111896,57
236,-116,8924,61904,458,284,27,653112407,57
284,-44,8882,61936,451,277,23,653112917,57
284,-44,8882,61936,451,276,30,653113427,57
216,-80,8832,61936,450,276,38,653113938,57
216,-80,8832,61936,451,281,48,653114448,57
178,-120,8836,61952,435,275,47,653114959,57
178,-120,8836,61936,427,272,44,653115473,57
212,-78,8858,61920,432,277,42,653115983,57
212,-78,8858,61936,430,287,40,653116494,57
230,-158,8848,61952,442,296,31,653117006,57
164,-134,8878,61952,454,294,29,653117517,57
164,-134,8878,61952,461,283,35,653118027,57
158,-136,8856,61920,465,273,41,653118541,57
158,-136,8856,61952,459,270,37,653119051,57
174,-94,8840,61952,458,272,29,653119562,57
174,-94,8840,61952,449,280,23,653120074,57
182,-120,8870,61984,445,277,19,653120584,57
182,-120,8870,61968,440,279,16,653121098,57
194,-74,8884,61936,436,279,24,653121609,57
194,-74,8884,61936,444,274,35,653122123,57
194,-44,8864,61936,454,270,43,653122633,57
194,-44,8864,61936,456,272,44,653123143,57
262,-34,8834,61968,455,282,46,653123654,57
262,-34,8834,61936,451,283,51,653124164,57
170,-80,8878,61968,451,287,49,653124675,57
170,-80,8878,61904,451,290,46,653125185,57
178,-108,8908,61936,449,286,36,653125695,57
178,-108,8908,61968,453,284,25,653126206,57
208,-138,8870,61952,461,275,17,653126716,57
208,-138,8870,61920,463,279,21,653127226,57
226,-84,8844,61920,464,286,22,653127737,57
226,-84,8844,61952,457,295,26,653128247,57
228,-70,8858,61952,449,295,33,653128757,57
228,-70,8858,61920,443,288,44,653129268,57
218,-66,8818,61952,440,284,56,653129778,57
218,-66,8818,61920,442,282,53,653130289,57
250,-82,8794,61920,455,285,46,653130799,57
250,-82,8794,61952,454,294,43,653131309,57
256,-56,8838,61920,447,293,34,653131819,57
256,-56,8838,61920,441,278,28,653132330,57
186,-54,8856,61920,434,264,23,653132840,57
186,-54,8856,61936,435,262,29,653133351,57
276,-106,8854,61920,456,280,26,653363235,57
222,-92,8854,61952,446,286,28,653363745,57
222,-92,8854,61920,443,286,39,653364256,57
182,-92,8876,61920,441,286,54,653364766,57
182,-92,8876,61920,443,289,52,653365277,57
196,-90,8856,61952,434,291,48,653365787,57
196,-90,8856,61936,432,293,45,653366297,57
206,-62,8820,61968,441,290,46,653366807,57
206,-62,8820,61968,455,287,50,653367318,57
170,-84,8882,61936,464,289,56,653367828,57
170,-84,8882,61968,464,286,60,653368339,57
224,-34,8938,61936,455,277,55,653368849,57
224,-34,8938,61904,437,278,43,653369359,57
208,-54,8902,61904,429,288,33,653369870,57
208,-54,8902,61936,426,302,26,653370380,57
188,-116,8860,61968,422,298,30,653370890,57
188,-116,8860,61936,432,286,35,653371401,57
224,-118,8840,61936,445,276,32,653371911,57
224,-118,8840,61952,463,273,38,653372421,57
274,-80,8838,61920,463,275,45,653372932,57
274,-80,8838,61920,453,282,47,653373444,57
232,-64,8912,61952,447,285,51,653373954,57
232,-64,8912,61920,440,287,43,653374465,57
208,-92,8810,61984,447,285,37,653374975,57
208,-92,8810,61952,452,279,28,653375485,57
176,-142,8830,61920,463,269,19,653375996,57
176,-142,8830,61920,472,268,12,653376508,57
226,-98,8916,61920,468,274,2,653377018,57
226,-98,8916,61952,455,292,-5,653377529,57
236,-108,8822,61952,452,297,1,653378039,57
236,-108,8822,61936,444,283,12,653378549,57
194,-134,8814,61936,438,268,18,653379062,57
194,-134,8814,61904,445,264,33,653379576,57
152,-126,8810,61936,449,266,40,653380088,57
152,-126,8810,61968,451,273,37,653380598,57
184,-126,8842,61936,458,278,31,653381108,57
184,-126,8842,61936,452,275,25,653381619,57
232,-62,8872,61936,445,271,33,653382129,57
232,-62,8872,61936,449,269,34,653382643,57
204,-116,8932,61936,451,273,33,653383154,57
204,-116,8932,61904,443,277,33,653383664,57
224,-106,8906,61936,435,279,33,653384174,57
224,-106,8906,61936,433,283,37,653384685,57
198,-60,8878,61952,437,287,42,653385199,57
198,-60,8878,61968,440,292,38,653385709,57
190,-82,8830,61952,449,294,23,653386223,57
166,-116,8900,61920,449,292,27,653386734,57
166,-116,8900,61952,456,289,38,653387244,57
224,-50,8864,61952,455,283,45,653387754,57
224,-50,8864,61920,455,278,43,653388265,57
240,-94,8838,61984,460,280,45,653388775,57
240,-94,8838,61952,455,286,46,653389286,57
212,-106,8878,61952,457,290,41,653389796,57
212,-106,8878,61952,454,286,34,653390306,57
194,-100,8814,61936,454,276,32,653390817,57
194,-100,8814,61936,457,278,37,653391327,57
262,-42,8830,61936,455,285,36,653391837,57
262,-42,8830,61936,454,290,30,653392348,57
240,-68,8842,61936,459,297,23,653392858,57
240,-68,8842,61936,461,298,22,653393369,57
162,-108,8846,61936,457,301,28,653393879,57
162,-108,8846,61936,453,294,36,653394389,57
176,-86,8878,61968,453,291,40,653394900,57
176,-86,8878,61936,456,282,41,653395410,57
192,-88,8836,61936,448,278,46,653395920,57
192,-88,8836,61936,446,282,47,653396431,57
166,-74,8822,61920,445,282,39,653396941,57
166,-74,8822,61920,449,279,29,653397451,57
154,-66,8828,61920,446,272,16,653397962,57
154,-66,8828,61952,448,268,11,653398472,57
228,-78,8806,61952,445,274,16,653398982,57
228,-78,8806,61952,441,287,14,653399493,57
220,-102,8846,61920,445,303,24,653400005,57
220,-102,8846,61920,448,306,39,653400515,57
264,-112,8824,61920,447,304,46,653401026,57
264,-112,8824,61920,450,297,45,653401536,57
198,-96,8850,61920,441,292,39,653402046,57
198,-96,8850,61952,437,285,40,653402557,57
218,-52,8818,61936,441,289,45,653403069,57
218,-52,8818,61936,445,284,43,653403583,57
248,-78,8810,61936,447,269,42,653404094,57
248,-78,8810,61936,449,263,41,653404604,57
188,-70,8826,61968,446,266,39,653405114,57
188,-70,8826,61968,448,276,39,653405625,57
224,-86,8780,61904,447,282,27,653406135,57
224,-86,8780,61936,444,289,21,653406650,57
224,-96,8818,61936,450,292,27,653407160,57
224,-96,8818,61936,452,292,38,653407670,57
152,-98,8892,61936,452,291,43,653408180,57
152,-98,8892,61904,446,284,44,653408691,57
158,-118,8848,61952,437,282,42,653409205,57
158,-118,8848,61936,443,287,42,653409715,57
218,-124,8856,61920,453,281,34,653410229,57
218,-124,8856,61968,452,274,29,653410740,57
272,-88,8844,61952,439,263,24,653411250,57
208,-68,8862,61952,431,262,18,653411760,57
208,-68,8862,61920,437,267,29,653412271,57
226,-50,8824,61920,443,269,39,653412781,57
226,-50,8824,61952,443,277,37,653413292,57
246,-68,8812,61920,441,281,39,653413802,57
246,-68,8812,61952,443,291,38,653414312,57
252,-100,8848,61920,445,293,33,653414823,57
252,-100,8848,61904,445,285,35,653415333,57
188,-54,8848,61936,457,280,37,653415843,57
188,-54,8848,61904,466,274,33,653416354,57
188,-56,8870,61936,469,272,32,653416864,57
188,-56,8870,61936,463,276,29,653417374,57
240,0,8852,61904,459,283,28,653417885,57
240,0,8852,61936,456,290,27,653418395,57
236,-34,8874,61936,448,292,27,653418905,57
236,-34,8874,61968,443,287,27,653419416,57
188,-74,8842,61904,446,282,24,653419926,57
188,-74,8842,61936,449,283,21,653420436,57
202,-88,8856,61936,445,281,32,653420947,57
202,-88,8856,61984,432,274,28,653421457,57
232,-84,8846,61952,430,270,31,653421967,57
232,-84,8846,61920,441,273,37,653422478,57
188,-80,8888,61920,445,266,38,653422988,57
188,-80,8888,61952,449,264,41,653423501,57
176,-74,8828,61952,460,273,43,653424011,57
176,-74,8828,61920,464,286,44,653424521,57
192,-44,8872,61920,463,299,36,653425032,57
192,-44,8872,61920,458,297,28,653425542,57
236,-136,8846,61952,465,293,31,653426052,57
236,-136,8846,61920,469,289,28,653426562,57
182,-98,8854,61888,463,291,22,653427075,57
182,-98,8854,61968,460,275,22,653427589,57
196,-112,8836,61936,458,271,24,653428099,57
196,-112,8836,61936,458,273,27,653428610,57
244,-98,8850,61936,463,283,33,653429120,57
244,-98,8850,61904,457,292,34,653429630,57
210,-50,8772,61936,446,291,33,653430141,57
210,-50,8772,61936,446,284,43,653430655,57
164,-74,8774,61904,453,280,49,653431165,57
246,-116,8852,61936,448,271,42,653661557,57
214,-80,8822,61936,439,282,39,653662070,57
214,-80,8822,61904,430,289,34,653662580,57
174,-142,8858,61936,429,289,25,653663090,57
174,-142,8858,61968,438,288,25,653663601,57
220,-126,8902,61936,445,294,21,653664111,57
220,-126,8902,61904,447,297,27,653664621,57
218,-86,8902,61936,446,296,35,653665132,57
218,-86,8902,61968,446,289,40,653665642,57
136,-108,8786,61968,447,280,41,653666153,57
136,-108,8786,61968,452,265,39,653666663,57
168,-104,8840,61952,451,256,40,653667173,57
168,-104,8840,61952,449,259,42,653667688,57
224,-90,8876,61952,443,263,44,653668198,57
224,-90,8876,61952,446,276,40,653668708,57
234,-106,8846,61952,451,283,32,653669219,57
234,-106,8846,61984,455,288,22,653669729,57
164,-132,8782,61920,458,287,14,653670239,57
164,-132,8782,61920,451,283,21,653670754,57
208,-120,8842,61920,445,285,28,653671264,57
208,-120,8842,61920,447,297,36,653671774,57
216,-80,8844,61952,457,302,37,653672285,57
216,-80,8844,61920,455,297,36,653672795,57
182,-86,8840,61904,448,292,34,653673309,57
182,-86,8840,61936,441,286,42,653673820,57
176,-92,8872,61904,440,284,46,653674334,57
176,-92,8872,61936,441,275,51,653674844,57
262,-82,8876,61936,440,276,46,653675355,57
262,-82,8876,61904,439,284,36,653675865,57
266,-98,8842,61936,430,292,26,653676375,57
266,-98,8842,61936,439,288,20,653676886,57
236,-98,8848,61936,447,276,18,653677396,57
236,-98,8848,61968,448,274,19,653677906,57
228,-74,8854,61904,444,281,28,653678417,57
228,-74,8854,61936,439,288,40,653678927,57
260,-60,8832,61952,427,301,42,653679437,57
260,-60,8832,61936,429,305,41,653679948,57
232,-60,8864,61920,437,302,33,653680458,57
232,-60,8864,61936,442,303,25,653680968,57
226,-60,8820,61920,452,301,29,653681479,57
194,-92,8820,61920,450,296,36,653681989,57
194,-92,8820,61952,449,294,34,653682501,57
208,-44,8862,61920,454,286,27,653683012,57
208,-44,8862,61920,451,274,28,653683522,57
198,-36,8852,61952,450,258,26,653684032,57
198,-36,8852,61920,453,251,31,653684543,57
196,-76,8852,61920,453,256,42,653685053,57
196,-76,8852,61936,454,276,51,653685563,57
290,-90,8818,61936,446,287,42,653686075,57
290,-90,8818,61936,440,296,28,653686586,57
304,-68,8818,61968,443,311,30,653687096,57
304,-68,8818,61968,442,315,30,653687606,57
262,-54,8816,61936,452,296,30,653688117,57
262,-54,8816,61936,457,276,29,653688627,57
230,-88,8834,61936,458,270,33,653689137,57
230,-88,8834,61904,454,270,39,653689648,57
246,-112,8766,61936,451,269,43,653690158,57
246,-112,8766,61968,450,269,45,653690669,57
284,-76,8796,61936,448,266,44,653691179,57
284,-76,8796,61952,459,266,39,653691689,57
208,-64,8856,61920,461,273,36,653692200,57
208,-64,8856,61920,459,285,47,653692710,57
236,-92,8882,61952,459,288,57,653693220,57
236,-92,8882,61952,454,295,51,653693731,57
284,-72,8848,61920,444,304,46,653694241,57
284,-72,8848,61920,440,304,41,653694751,57
250,-118,8848,61952,444,289,36,653695266,57
250,-118,8848,61952,445,277,34,653695776,57
236,-118,8824,61952,445,276,32,653696286,57
236,-118,8824,61920,441,277,39,653696797,57
212,-72,8754,61920,436,280,36,653697307,57
212,-72,8754,61952,433,283,39,653697817,57
208,-76,8854,61968,431,284,37,653698332,57
208,-76,8854,61904,434,279,43,653698842,57
204,-96,8860,61936,442,271,47,653699352,57
204,-96,8860,61936,447,265,50,653699862,57
192,-62,8872,61936,446,265,39,653700373,57
192,-62,8872,61904,448,265,30,653700883,57
192,-92,8848,61936,450,275,27,653701394,57
192,-92,8848,61936,451,288,25,653701904,57
186,-124,8780,61936,447,296,27,653702415,57
186,-124,8780,61936,445,305,26,653702925,57
204,-110,8824,61904,440,306,26,653703435,57
204,-110,8824,61936,453,300,36,653703945,57
224,-112,8874,61920,463,294,32,653704456,57
224,-112,8874,61904,454,286,31,653704966,57
242,-104,8870,61952,459,274,35,653705477,57
242,-104,8870,61904,472,275,27,653705987,57
216,-96,8876,61920,481,277,31,653706499,57
184,-160,8888,61920,468,271,32,653707011,57
184,-160,8888,61952,456,268,33,653707521,57
196,-160,8900,61920,454,273,38,653708032,57
196,-160,8900,61920,458,273,36,653708542,57
230,-90,8890,61920,455,277,35,653709052,57
230,-90,8890,61920,455,279,37,653709562,57
258,-14,8858,61952,455,286,41,653710075,57
258,-14,8858,61936,450,290,38,653710585,57
176,-76,8854,61936,437,298,32,653711095,57
176,-76,8854,61936,442,303,22,653711606,57
142,-64,8890,61936,453,299,24,653712116,57
142,-64,8890,61968,452,295,28,653712626,57
252,-88,8870,61936,455,278,32,653713137,57
252,-88,8870,61936,460,268,37,653713647,57
238,-98,8798,61936,463,267,32,653714157,57
238,-98,8798,61936,463,268,31,653714668,57
188,-58,8874,61936,466,272,34,653715178,57
188,-58,8874,61936,460,284,35,653715688,57
182,-74,8912,61968,453,293,28,653716199,57
182,-74,8912,61952,453,290,32,653716713,57
256,-90,8898,61952,450,286,39,653717223,57
256,-90,8898,61952,451,290,41,653717734,57
200,-110,8894,61920,458,293,47,653718244,57
200,-110,8894,61952,462,297,58,653718755,57
184,-84,8840,61920,454,297,56,653719265,57
184,-84,8840,61920,449,286,49,653719779,57
256,-88,8862,61920,454,276,40,653720290,57
256,-88,8862,61920,456,269,31,653720800,57
220,-60,8858,61920,457,273,26,653721310,57
220,-60,8858,61920,457,281,31,653721821,57
184,-88,8902,61920,446,289,36,653722335,57
184,-88,8902,61904,446,290,42,653722845,57
244,-108,8826,61904,451,293,41,653723359,57
244,-108,8826,61936,452,295,41,653723870,57
282,-80,8804,61936,452,290,39,653724380,57
282,-80,8804,61936,444,290,40,653724890,57
250,-92,8820,61936,445,297,39,653725401,57
250,-92,8820,61968,445,299,43,653725911,57
210,-82,8846,61936,433,300,41,653726422,57
210,-82,8846,61968,432,305,35,653726932,57
206,-112,8840,61904,443,309,34,653727444,57
206,-112,8840,61936,446,315,33,653727954,57
222,-98,8886,61936,446,312,27,653728465,57
204,-86,8816,61904,438,292,51,653960882,57
206,-120,8870,61936,427,297,49,653961393,57
206,-120,8870,61904,420,298,49,653961903,57
262,-136,8988,61936,412,300,37,653962413,57
262,-136,8988,61952,422,300,24,653962924,57
270,-124,8894,61952,428,294,18,653963438,57
270,-124,8894,61920,437,289,16,653963948,57
244,-142,8808,61920,443,286,14,653964459,57
244,-142,8808,61952,445,286,15,653964969,57
190,-134,8830,61952,444,284,20,653965479,57
190,-134,8830,61920,456,280,32,653965990,57
264,-106,8826,61952,457,278,42,653966502,57
264,-106,8826,61952,452,278,47,653967012,57
240,-96,8874,61952,455,281,54,653967523,57
240,-96,8874,61952,455,287,49,653968033,57
162,-114,8826,61952,451,288,41,653968543,57
162,-114,8826,61936,448,281,38,653969054,57
174,-88,8822,61936,448,277,37,653969564,57
174,-88,8822,61936,455,272,46,653970076,57
250,-70,8882,61936,456,269,55,653970587,57
250,-70,8882,61936,450,280,58,653971097,57
242,-74,8794,61936,445,285,59,653971607,57
242,-74,8794,61968,443,284,43,653972118,57
188,-94,8896,61968,450,278,31,653972628,57
188,-94,8896,61936,450,280,30,653973138,57
178,-86,8834,61968,450,277,28,653973649,57
178,-86,8834,61936,441,276,25,653974159,57
272,-62,8784,61904,440,282,19,653974669,57
272,-62,8784,61936,441,284,14,653975180,57
216,-60,8854,61920,433,288,27,653975690,57
216,-60,8854,61936,437,289,34,653976200,57
200,-38,8914,61952,446,282,26,653976711,57
200,-38,8914,61936,447,285,22,653977221,57
252,-66,8866,61952,446,283,18,653977732,57
224,-86,8866,61952,454,278,23,653978242,57
224,-86,8866,61920,452,274,28,653978752,57
154,-108,8870,61920,439,280,30,653979263,57
154,-108,8870,61920,436,285,31,653979773,57
168,-122,8830,61920,440,291,27,653980283,57
168,-122,8830,61952,439,292,20,653980794,57
218,-94,8832,61920,449,293,14,653981304,57
218,-94,8832,61936,451,293,15,653981818,57
218,-38,8866,61936,450,292,22,653982329,57
218,-38,8866,61936,453,288,37,653982839,57
196,-66,8896,61936,457,284,42,653983349,57
196,-66,8896,61936,458,284,51,653983860,57
190,-88,8872,61936,455,284,46,653984370,57
190,-88,8872,61936,450,280,39,653984885,57
226,-108,8834,61936,453,281,33,653985395,57
226,-108,8834,61936,449,278,36,653985905,57
216,-96,8816,61936,440,279,36,653986416,57
216,-96,8816,61936,431,285,32,653986926,57
154,-128,8842,61936,440,285,22,653987440,57
154,-128,8842,61920,447,291,22,653987950,57
224,-118,8886,61920,449,298,29,653988464,57
224,-118,8886,61920,447,297,35,653988975,57
208,-80,8854,61920,447,291,35,653989485,57
208,-80,8854,61920,450,288,31,653989996,57
206,-48,8898,61920,449,285,31,653990508,57
206,-48,8898,61952,448,283,28,653991018,57
208,-62,8912,61920,445,282,17,653991529,57
208,-62,8912,61952,447,280,16,653992039,57
242,-94,8866,61920,447,272,28,653992549,57
242,-94,8866,61920,451,267,35,653993061,57
266,-110,8918,61952,453,268,43,653993572,57
266,-110,8918,61936,453,275,51,653994084,57
180,-100,8846,61936,441,275,54,653994594,57
180,-100,8846,61936,442,276,57,653995105,57
200,-126,8876,61936,439,277,47,653995615,57
200,-126,8876,61936,439,289,39,653996125,57
194,-90,8844,61936,432,302,29,653996636,57
194,-90,8844,61936,428,303,21,653997146,57
214,-62,8882,61936,430,301,22,653997656,57
214,-62,8882,61904,428,299,28,653998167,57
218,-80,8810,61936,433,293,35,653998677,57
218,-80,8810,61936,447,284,39,653999187,57
198,-78,8796,61936,456,281,44,653999698,57
198,-78,8796,61936,464,287,42,654000208,57
214,-84,8790,61920,454,296,44,654000718,57
214,-84,8790,61904,450,298,37,654001229,57
204,-116,8778,61952,457,292,27,654001739,57
204,-116,8778,61936,465,286,33,654002249,57
222,-104,8780,61952,459,274,31,654002760,57
252,-116,8820,61920,456,275,35,654003270,57
252,-116,8820,61952,462,284,34,654003781,57
232,-82,8838,61920,469,292,36,654004291,57
232,-82,8838,61920,476,294,42,654004801,57
212,-66,8770,61920,481,291,49,654005312,57
212,-66,8770,61920,478,295,52,654005822,57
206,-92,8856,61952,471,292,50,654006332,57
206,-92,8856,61936,455,289,35,654006843,57
188,-84,8878,61936,443,287,26,654007353,57
188,-84,8878,61936,442,284,28,654007864,57
200,-102,8860,61936,440,280,31,654008374,57
200,-102,8860,61936,436,279,40,654008888,57
160,-44,8834,61936,436,282,44,654009399,57
160,-44,8834,61904,445,288,48,654009909,57
234,-116,8894,61904,453,291,44,654010420,57
234,-116,8894,61936,454,291,43,654010930,57
256,-74,8886,61936,453,281,48,654011442,57
256,-74,8886,61936,454,279,50,654011953,57
228,-70,8886,61952,454,282,47,654012467,57
228,-70,8886,61920,454,287,41,654012977,57
190,-66,8890,61952,450,293,29,654013488,57
190,-66,8890,61920,452,291,26,654013998,57
208,-96,8812,61920,452,277,32,654014510,57
208,-96,8812,61888,446,269,35,654015021,57
188,-98,8792,61920,444,267,38,654015531,57
188,-98,8792,61920,444,272,37,654016042,57
198,-30,8852,61920,444,279,39,654016552,57
198,-30,8852,61920,447,287,39,654017064,57
198,-66,8838,61920,453,290,39,654017574,57
198,-66,8838,61920,455,290,33,654018086,57
272,-104,8862,61936,453,292,32,654018597,57
272,-104,8862,61936,450,288,26,654019107,57
242,-102,8884,61936,445,283,31,654019617,57
242,-102,8884,61936,447,283,44,654020128,57
230,-114,8874,61904,449,276,35,654020638,57
230,-114,8874,61936,451,271,35,654021148,57
210,-116,8836,61936,452,273,38,654021659,57
210,-116,8836,61968,456,282,30,654022169,57
190,-66,8860,61936,458,288,26,654022679,57
190,-66,8860,61936,458,299,23,654023190,57
212,-94,8902,61936,462,300,27,654023700,57
212,-94,8902,61936,460,295,35,654024211,57
220,-70,8838,61936,456,295,45,654024721,57
220,-70,8838,61904,468,287,48,654025231,57
264,-92,8782,61952,465,276,45,654025742,57
264,-92,8782,61968,453,278,45,654026252,57
252,-64,8858,61952,449,284,51,654026762,57
252,-64,8858,61904,447,286,51,654027273,57
200,-96,8862,61920,439,290,44,654027783,57
202,-102,8834,61920,443,294,42,654028293,57
202,-102,8834,61920,454,293,36,654028804,57
198,-82,8800,61936,461,309,34,654248037,57
176,-124,8846,61936,456,315,35,654248551,57
176,-124,8846,61968,450,314,36,654249063,57
204,-84,8868,61968,446,311,31,654249573,57
204,-84,8868,61936,442,306,27,654250086,57
204,-78,8856,61936,442,304,23,654250596,57
204,-78,8856,61936,446,296,26,654251106,57
152,-108,8862,61936,450,281,39,654251617,57
152,-108,8862,61904,455,261,50,654252127,57
184,-112,8814,61936,455,257,47,654252638,57
184,-112,8814,61904,459,263,49,654253148,57
264,-88,8848,61936,464,275,46,654253658,57
264,-88,8848,61888,475,293,35,654254169,57
230,-24,8812,61920,474,295,38,654254679,57
230,-24,8812,61920,464,290,45,654255189,57
184,-34,8838,61920,458,288,44,654255700,57
184,-34,8838,61952,459,291,37,654256210,57
190,-44,8810,61952,457,293,37,654256720,57
190,-44,8810,61952,449,296,32,654257231,57
208,-42,8844,61952,447,288,21,654257741,57
208,-42,8844,61952,447,291,21,654258251,57
162,-96,8850,61920,446,294,30,654258761,57
162,-96,8850,61920,443,292,32,654259272,57
188,-126,8852,61920,443,289,33,654259782,57
188,-126,8852,61936,448,287,35,654260293,57
214,-108,8818,61936,446,288,36,654260803,57
214,-108,8818,61936,445,291,35,654261313,57
222,-48,8770,61904,460,294,29,654261824,57
222,-48,8770,61936,468,295,22,654262334,57
194,-60,8842,61936,470,296,20,654262844,57
194,-60,8842,61936,469,292,18,654263355,57
176,-74,8906,61936,457,288,25,654263865,57
176,-74,8906,61936,454,283,39,654264376,57
220,-64,8866,61968,453,277,51,654264886,57
220,-64,8866,61968,444,282,57,654265396,57
224,-100,8832,61936,437,290,56,654265907,57
224,-100,8832,61968,445,293,52,654266417,57
210,-122,8898,61920,463,302,45,654266931,57
210,-122,8898,61936,468,306,38,654267444,57
176,-108,8910,61952,463,304,21,654267954,57
176,-108,8910,61904,456,304,22,654268464,57
210,-108,8862,61920,453,300,25,654268975,57
188,-106,8878,61920,448,290,34,654269489,57
188,-106,8878,61952,443,286,34,654270002,57
196,-94,8854,61920,445,283,33,654270512,57
196,-94,8854,61920,453,278,30,654271022,57
196,-44,8842,61952,449,281,31,654271533,57
196,-44,8842,61920,442,282,42,654272043,57
222,-66,8838,61936,442,285,43,654272557,57
222,-66,8838,61968,442,286,37,654273069,57
222,-78,8868,61968,451,289,35,654273580,57
222,-78,8868,61904,463,293,30,654274091,57
230,-116,8906,61904,471,286,25,654274601,57
230,-116,8906,61936,475,284,27,654275111,57
266,-86,8822,61936,462,295,29,654275622,57
266,-86,8822,61904,451,301,32,654276132,57
190,-86,8766,61904,444,294,42,654276642,57
190,-86,8766,61904,436,279,45,654277153,57
200,-128,8822,61904,439,270,39,654277663,57
200,-128,8822,61936,446,265,35,654278173,57
192,-78,8870,61920,456,268,34,654278684,57
192,-78,8870,61952,462,269,37,654279194,57
224,-84,8804,61888,466,272,29,654279705,57
224,-84,8804,61920,464,273,25,654280215,57
268,-44,8814,61952,455,278,33,654280725,57
268,-44,8814,61920,448,288,33,654281236,57
236,-70,8850,61952,440,292,30,654281746,57
236,-70,8850,61920,440,288,28,654282256,57
160,-102,8890,61920,439,282,31,654282767,57
160,-102,8890,61920,444,279,45,654283277,57
240,-96,8860,61920,445,275,50,654283787,57
240,-96,8860,61952,438,275,46,654284298,57
206,-40,8842,61952,439,285,50,654284808,57
206,-40,8842,61904,445,301,46,654285318,57
232,-98,8826,61936,452,307,45,654285829,57
232,-98,8826,61936,461,310,42,654286339,57
212,-94,8888,61936,459,306,44,654286850,57
212,-94,8888,61936,451,304,48,654287360,57
268,-68,8928,61904,446,297,51,654287870,57
268,-68,8928,61936,435,288,64,654288381,57
248,-30,8882,61904,424,283,70,654288891,57
248,-30,8882,61936,436,270,66,654289402,57
180,-120,8808,61968,453,263,48,654289912,57
180,-120,8808,61904,462,258,31,654290422,57
240,-96,8844,61936,454,272,20,654290937,57
240,-96,8844,61936,449,280,27,654291449,57
260,-94,8844,61952,449,288,29,654291959,57
260,-94,8844,61936,442,289,30,654292469,57
206,-78,8880,61920,438,280,32,654292980,57
206,-98,8910,61920,430,280,28,654293494,57
206,-98,8910,61920,435,284,26,654294006,57
270,-62,8856,61920,439,291,34,654294517,57
270,-62,8856,61920,439,296,35,654295027,57
218,-84,8866,61920,446,297,28,654295537,57
218,-84,8866,61920,449,288,33,654296047,57
164,-100,8890,61920,450,280,39,654296562,57
164,-100,8890,61936,441,270,38,654297074,57
232,-106,8868,61904,438,270,43,654297584,57
232,-106,8868,61936,441,275,42,654298095,57
274,-64,8878,61904,449,277,35,654298605,57
274,-64,8878,61936,453,276,32,654299115,57
190,-64,8836,61968,460,272,39,654299626,57
190,-64,8836,61936,472,272,56,654300136,57
140,-108,8874,61904,466,270,56,654300646,57
140,-108,8874,61936,451,283,47,654301157,57
182,-150,8912,61936,445,289,41,654301667,57
182,-150,8912,61936,444,287,33,654302177,57
240,-116,8858,61936,442,280,40,654302688,57
240,-116,8858,61936,447,277,42,654303198,57
178,-54,8826,61920,454,273,37,654303708,57
178,-54,8826,61920,460,275,37,654304219,57
166,-98,8872,61952,459,286,35,654304729,57
166,-98,8872,61952,454,295,33,654305239,57
184,-96,8882,61952,446,296,36,654305750,57
184,-96,8882,61920,432,291,44,654306260,57
246,-72,8878,61952,435,291,43,654306770,57
246,-72,8878,61920,442,284,31,654307281,57
214,-20,8860,61952,449,279,23,654307791,57
214,-20,8860,61952,450,274,20,654308301,57
178,8,8848,61952,453,276,13,654308812,57
178,8,8848,61952,448,287,11,654309322,57
206,-68,8850,61936,447,290,21,654309832,57
206,-68,8850,61968,447,287,20,654310343,57
212,-100,8784,61904,451,286,23,654310853,57
212,-100,8784,61936,450,285,24,654311364,57
204,-112,8776,61936,451,285,26,654311874,57
204,-112,8776,61936,454,282,40,654312384,57
226,-86,8826,61904,459,284,54,654312895,57
226,-86,8826,61936,449,293,55,654313405,57
270,-64,8874,61968,437,287,50,654313915,57
270,-64,8874,61936,439,276,45,654314426,57
240,-118,8940,61904,443,273,44,654314940,57
240,-118,8940,61904,444,278,45,654315450,57
190,-92,8838,61920,450,276,40,654539758,57
190,-92,8838,61936,440,279,36,654540268,57
212,-124,8902,61936,433,283,35,654540779,57
212,-124,8902,61936,429,279,34,654541289,57
276,-82,8894,61968,435,281,39,654541799,57
276,-82,8894,61968,438,289,44,654542310,57
208,-88,8852,61968,444,295,49,654542820,57
208,-88,8852,61936,452,297,53,654543330,57
226,-94,8852,61904,455,296,47,654543841,57
226,-94,8852,61904,446,293,40,654544351,57
222,-58,8860,61936,436,290,41,654544861,57
222,-58,8860,61936,440,283,42,654545372,57
248,-62,8858,61936,448,279,41,654545882,57
248,-62,8858,61920,460,279,22,654546392,57
188,-76,8930,61952,463,282,18,654546903,57
188,-76,8930,61920,459,287,14,654547413,57
176,-70,8870,61952,445,288,12,654547923,57
176,-70,8870,61920,438,292,32,654548434,57
218,-66,8838,61920,428,293,36,654548944,57
218,-66,8838,61920,419,283,39,654549454,57
200,-86,8850,61952,429,270,44,654549965,57
200,-86,8850,61920,437,267,44,654550475,57
202,-120,8818,61920,441,274,41,654550986,57
202,-120,8818,61952,449,284,34,654551496,57
218,-130,8842,61920,460,290,35,654552008,57
218,-130,8842,61920,467,290,39,654552519,57
192,-50,8906,61904,460,290,31,654553029,57
192,-50,8906,61936,454,289,28,654553539,57
170,-92,8834,61936,456,293,32,654554049,57
170,-92,8834,61936,455,290,29,654554560,57
232,-112,8822,61904,448,286,28,654555072,57
232,-112,8822,61936,456,282,34,654555587,57
238,-86,8804,61904,471,274,37,654556097,57
238,-86,8804,61936,481,270,47,654556607,57
172,-78,8908,61968,479,268,54,654557118,57
172,-78,8908,61936,471,262,53,654557628,57
174,-88,8880,61936,468,265,55,654558138,57
174,-88,8880,61936,455,270,51,654558652,57
204,-96,8814,61920,441,280,38,654559163,57
204,-96,8814,61936,442,281,30,654559673,57
188,-72,8782,61920,452,286,25,654560184,57
188,-72,8782,61904,456,283,29,654560694,57
202,-70,8824,61920,450,283,42,654561205,57
194,-74,8876,61920,438,288,46,654561715,57
194,-74,8876,61920,447,285,53,654562225,57
190,-118,8814,61952,457,281,43,654562736,57
190,-118,8814,61920,457,285,40,654563246,57
224,-92,8894,61952,454,298,43,654563756,57
224,-92,8894,61952,453,304,39,654564267,57
160,-100,8770,61920,448,300,35,654564777,57
160,-100,8770,61904,442,294,40,654565287,57
142,-94,8814,61936,436,281,35,654565798,57
142,-94,8814,61936,437,266,28,654566308,57
170,-28,8920,61904,446,261,25,654566818,57
170,-28,8920,61904,440,269,28,654567329,57
224,-76,8832,61936,439,279,31,654567839,57
224,-76,8832,61904,444,285,32,654568349,57
146,-170,8798,61936,450,290,34,654568860,57
146,-170,8798,61904,452,288,41,654569370,57
154,-122,8838,61904,453,287,42,654569881,57
154,-122,8838,61936,450,285,40,654570391,57
204,-56,8798,61936,442,285,32,654570901,57
204,-56,8798,61952,433,286,23,654571412,57
240,-42,8760,61920,431,281,18,654571922,57
240,-42,8760,61920,438,273,20,654572432,57
128,-62,8788,61952,442,268,24,654572943,57
128,-62,8788,61952,438,278,23,654573453,57
186,-90,8804,61952,437,288,31,654573963,57
186,-90,8804,61920,438,293,34,654574474,57
270,-80,8832,61920,446,296,34,654574984,57
270,-80,8832,61920,454,298,38,654575495,57
234,-66,8810,61952,454,296,40,654576007,57
234,-66,8810,61952,449,288,34,654576517,57
212,-102,8878,61920,445,277,26,654577031,57
212,-102,8878,61936,446,267,22,654577542,57
222,-130,8896,61904,446,271,11,654578052,57
222,-130,8896,61936,438,276,12,654578562,57
226,-60,8864,61904,435,279,9,654579075,57
226,-60,8864,61936,438,287,20,654579585,57
204,-66,8790,61936,442,293,30,654580099,57
204,-66,8790,61936,446,294,34,654580610,57
186,-100,8768,61968,452,288,38,654581120,57
186,-100,8768,61936,457,291,47,654581630,57
216,-130,8874,61968,459,297,51,654582140,57
216,-130,8874,61936,461,290,46,654582655,57
200,-84,8854,61936,459,280,30,654583165,57
200,-84,8854,61936,456,275,16,654583679,57
230,-86,8840,61920,454,275,19,654584189,57
230,-86,8840,61936,443,275,21,654584700,57
194,-122,8814,61920,439,277,26,654585210,57
234,-132,8866,61952,445,272,33,654585721,57
234,-132,8866,61920,441,272,41,654586231,57
158,-122,8894,61952,434,275,47,654586741,57
158,-122,8894,61952,437,277,54,654587252,57
180,-120,8806,61952,438,280,44,654587762,57
180,-120,8806,61952,433,283,35,654588272,57
214,-112,8800,61920,438,284,32,654588783,57
214,-112,8800,61920,447,290,25,654589293,57
242,-72,8852,61904,455,294,23,654589803,57
242,-72,8852,61936,457,293,26,654590314,57
226,-82,8810,61936,457,292,31,654590824,57
226,-82,8810,61936,451,290,44,654591334,57
174,-102,8766,61936,451,285,45,654591845,57
174,-102,8766,61936,453,281,42,654592355,57
192,-76,8800,61936,451,277,37,654592865,57
192,-76,8800,61904,442,279,29,654593376,57
214,-54,8870,61904,441,283,22,654593886,57
214,-54,8870,61936,447,276,21,654594396,57
190,-56,8872,61936,438,283,25,654594907,57
190,-56,8872,61936,434,290,33,654595417,57
204,-100,8864,61936,441,300,35,654595928,57
204,-100,8864,61920,446,303,41,654596438,57
272,-98,8820,61952,450,306,39,654596948,57
272,-98,8820,61920,449,313,38,654597459,57
238,-102,8828,61920,451,311,32,654597969,57
238,-102,8828,61952,453,295,30,654598480,57
220,-92,8856,61920,461,286,37,654598990,57
220,-92,8856,61920,460,288,29,654599502,57
208,-90,8842,61920,452,288,20,654600013,57
208,-90,8842,61920,439,291,23,654600523,57
224,-88,8804,61920,445,294,25,654601037,57
224,-88,8804,61952,455,294,18,654601548,57
188,-52,8790,61952,456,290,17,654602058,57
188,-52,8790,61936,443,292,28,654602568,57
176,-96,8860,61936,431,289,32,654603081,57
176,-96,8860,61936,422,279,36,654603591,57
260,-138,8916,61904,430,266,47,654604105,57
260,-138,8916,61904,448,265,50,654604616,57
264,-64,8924,61968,455,272,44,654605126,57
264,-64,8924,61936,462,284,42,654605636,57
208,-74,8804,61920,442,294,31,654828944,57
208,-74,8804,61952,439,297,30,654829454,57
208,-78,8844,61920,445,300,32,654829964,57
208,-78,8844,61920,444,298,25,654830475,57
204,-112,8874,61920,444,294,25,654830985,57
204,-112,8874,61920,439,293,26,654831496,57
238,-96,8862,61936,450,287,26,654832008,57
238,-96,8862,61936,457,278,31,654832518,57
246,-122,8872,61936,457,272,39,654833029,57
246,-122,8872,61904,450,271,39,654833539,57
216,-136,8860,61904,444,277,40,654834049,57
216,-136,8860,61936,440,272,41,654834560,57
216,-88,8870,61904,438,260,43,654835072,57
216,-88,8870,61936,445,258,46,654835582,57
216,-44,8824,61904,454,269,40,654836093,57
216,-44,8824,61936,457,279,34,654836603,57
192,-102,8864,61904,458,288,22,654837113,57
192,-102,8864,61936,458,289,14,654837624,57
158,-120,8894,61920,463,293,22,654838135,57
158,-120,8894,61952,460,285,34,654838646,57
204,-112,8868,61952,451,284,45,654839156,57
204,-112,8868,61952,449,283,48,654839667,57
228,-88,8856,61952,445,281,42,654840177,57
228,-88,8856,61952,435,291,31,654840691,57
234,-114,8834,61888,427,297,23,654841202,57
234,-114,8834,61888,430,291,15,654841712,57
182,-146,8824,61952,438,287,10,654842222,57
182,-146,8824,61920,445,285,17,654842732,57
224,-162,8816,61952,444,291,15,654843243,57
224,-162,8816,61920,441,298,21,654843757,57
218,-140,8860,61936,450,292,22,654844267,57
218,-140,8860,61936,451,286,21,654844780,57
208,-114,8868,61968,454,289,23,654845290,57
208,-114,8868,61936,461,292,28,654845800,57
204,-88,8876,61936,460,292,30,654846311,57
204,-88,8876,61936,458,293,30,654846821,57
210,-90,8862,61904,450,291,31,654847331,57
210,-90,8862,61936,444,284,34,654847842,57
168,-36,8818,61936,445,279,34,654848352,57
168,-36,8818,61936,444,283,30,654848863,57
152,-68,8842,61936,443,284,31,654849373,57
152,-68,8842,61904,446,287,29,654849883,57
210,-84,8866,61920,455,282,30,654850394,57
210,-84,8866,61936,458,287,33,654850904,57
250,-50,8826,61920,457,287,21,654851414,57
250,-50,8826,61936,460,282,19,654851925,57
216,-82,8820,61920,455,274,20,654852435,57
186,-122,8846,61952,442,262,16,654852946,57
186,-122,8846,61920,437,263,21,654853456,57
238,-110,8866,61920,447,279,20,654853966,57
238,-110,8866,61952,449,288,18,654854477,57
224,-90,8842,61920,459,287,16,654854987,57
224,-90,8842,61952,467,287,23,654855499,57
222,-126,8778,61952,457,282,34,654856011,57
222,-126,8778,61920,457,280,33,654856521,57
214,-140,8844,61936,460,271,30,654857032,57
214,-140,8844,61936,455,272,39,654857542,57
256,-120,8860,61904,453,273,34,654858052,57
256,-120,8860,61936,454,279,32,654858563,57
238,-76,8906,61936,445,281,26,654859075,57
238,-76,8906,61936,440,285,11,654859585,57
232,-76,8890,61904,440,288,5,654860095,57
232,-76,8890,61936,444,287,7,654860606,57
250,-84,8802,61968,450,291,11,654861116,57
250,-84,8802,61936,455,301,23,654861626,57
244,-86,8822,61936,458,305,36,654862141,57
244,-86,8822,61904,464,301,46,654862651,57
228,-44,8838,61920,459,296,45,654863162,57
228,-44,8838,61920,453,291,41,654863672,57
226,-110,8812,61920,449,291,35,654864182,57
226,-110,8812,61920,451,295,31,654864692,57
220,-108,8834,61920,445,298,28,654865207,57
220,-108,8834,61920,440,307,31,654865717,57
204,-86,8890,61952,435,312,39,654866228,57
204,-86,8890,61920,441,307,42,654866738,57
186,-122,8856,61920,457,299,44,654867248,57
186,-122,8856,61952,460,287,34,654867762,57
186,-88,8804,61952,453,286,29,654868273,57
186,-88,8804,61904,457,285,29,654868787,57
218,-56,8772,61936,461,284,29,654869297,57
218,-56,8772,61936,459,280,42,654869807,57
234,-54,8802,61936,457,280,45,654870318,57
234,-54,8802,61936,452,282,39,654870828,57
222,-94,8806,61936,442,279,35,654871339,57
222,-94,8806,61904,443,280,32,654871849,57
212,-114,8814,61936,447,285,33,654872359,57
212,-114,8814,61936,446,293,32,654872870,57
240,-130,8870,61904,451,300,31,654873380,57
240,-130,8870,61936,464,304,37,654873890,57
206,-66,8854,61936,464,298,44,654874401,57
206,-66,8854,61936,460,288,51,654874911,57
216,-110,8832,61952,456,268,57,654875421,57
216,-110,8832,61936,455,263,58,654875932,57
240,-98,8806,61920,448,274,53,654876444,57
240,-98,8806,61936,441,283,45,654876954,57
198,-84,8856,61920,437,298,30,654877465,57
232,-82,8848,61920,443,307,22,654877975,57
232,-82,8848,61888,454,291,20,654878486,57
222,-80,8774,61952,459,276,18,654878996,57
222,-80,8774,61952,454,265,19,654879508,57
176,-102,8792,61920,442,267,23,654880019,57
176,-102,8792,61888,433,274,22,654880529,57
228,-124,8814,61920,433,283,30,654881039,57
228,-124,8814,61936,439,290,36,654881550,57
196,-88,8810,61904,445,282,36,654882062,57
196,-88,8810,61904,440,281,31,654882572,57
156,-84,8834,61936,438,284,23,654883084,57
156,-84,8834,61936,448,282,22,654883595,57
190,-76,8834,61936,456,283,24,654884105,57
190,-76,8834,61904,461,286,25,654884616,57
242,-98,8834,61936,464,286,25,654885126,57
242,-98,8834,61936,455,282,34,654885636,57
186,-128,8872,61936,451,277,42,654886151,57
186,-128,8872,61904,452,277,48,654886661,57
156,-74,8892,61936,449,283,41,654887171,57
156,-74,8892,61920,460,288,43,654887682,57
210,-102,8860,61952,461,294,41,654888192,57
210,-102,8860,61920,455,303,39,654888702,57
230,-126,8868,61920,456,302,38,654889217,57
230,-126,8868,61952,457,288,32,654889727,57
184,-120,8904,61920,450,277,26,654890237,57
184,-120,8904,61920,447,276,23,654890748,57
220,-160,8924,61952,446,282,21,654891258,57
220,-160,8924,61920,447,286,23,654891772,57
214,-92,8900,61952,460,284,32,654892283,57
214,-92,8900,61920,461,283,34,654892796,57
180,-68,8810,61904,450,269,33,654893307,57
180,-68,8810,61936,443,257,35,654893817,57
150,-88,8754,61904,432,261,33,654894328,57
150,-88,8754,61936,418,268,31,654894838,57
220,-84,8750,61936,421,280,32,654895348,57
220,-84,8750,61936,441,290,35,654895859,57
238,-44,8788,61904,454,296,42,654896369,57
238,-44,8788,61904,457,302,39,654896879,57
188,-94,8824,61936,456,311,36,654897390,57
188,-94,8824,61936,459,314,38,654897900,57
212,-58,8846,61904,456,309,32,654898410,57
212,-58,8846,61936,451,300,28,654898921,57
196,-78,8854,61952,449,277,36,655120691,57
180,-92,8880,61920,454,274,38,655121201,57
180,-92,8880,61888,456,271,36,655121712,57
192,-96,8890,61888,452,272,40,655122222,57
192,-96,8890,61920,448,273,39,655122732,57
230,-78,8860,61904,454,279,29,655123243,57
230,-78,8860,61904,454,283,31,655123753,57
190,-60,8844,61936,457,284,36,655124264,57
190,-60,8844,61936,453,287,40,655124774,57
142,-74,8798,61936,446,293,39,655125284,57
142,-74,8798,61936,437,291,31,655125799,57
190,-68,8742,61936,433,289,32,655126309,57
190,-68,8742,61936,440,285,39,655126819,57
280,-56,8862,61904,451,275,36,655127330,57
280,-56,8862,61936,453,269,35,655127840,57
234,-66,8890,61936,450,270,35,655128350,57
234,-66,8890,61936,447,274,41,655128865,57
228,-132,8810,61920,446,270,42,655129375,57
228,-132,8810,61920,443,265,42,655129885,57
236,-118,8766,61920,453,268,33,655130396,57
236,-118,8766,61920,454,286,22,655130906,57
250,-84,8804,61920,446,302,17,655131416,57
250,-84,8804,61920,449,306,27,655131927,57
212,-134,8762,61952,459,303,41,655132437,57
212,-134,8762,61920,469,295,36,655132948,57
208,-106,8862,61952,473,289,38,655133458,57
208,-106,8862,61920,464,284,35,655133968,57
228,-106,8960,61920,455,283,33,655134479,57
228,-106,8960,61920,447,283,34,655134989,57
208,-94,8940,61936,447,287,29,655135501,57
208,-94,8940,61936,441,291,28,655136012,57
206,-74,8912,61904,451,288,28,655136522,57
206,-74,8912,61936,455,283,37,655137032,57
224,-66,8858,61904,454,281,44,655137543,57
224,-66,8858,61904,449,283,39,655138053,57
242,-62,8862,61904,445,286,36,655138563,57
242,-62,8862,61936,438,299,31,655139075,57
200,-72,8862,61936,442,300,24,655139586,57
200,-72,8862,61968,456,294,19,655140096,57
162,-66,8756,61936,460,277,18,655140606,57
162,-66,8756,61936,460,270,18,655141117,57
252,4,8790,61936,450,281,21,655141627,57
252,4,8790,61904,448,290,22,655142137,57
232,-98,8876,61952,445,291,23,655142648,57
232,-98,8876,61968,446,288,34,655143158,57
200,-84,8838,61888,453,286,40,655143668,57
200,-84,8838,61904,455,290,40,655144179,57
244,-90,8796,61920,446,290,36,655144689,57
254,-108,8834,61920,439,288,26,655145199,57
254,-108,8834,61888,440,290,27,655145710,57
242,-88,8862,61952,450,291,25,655146220,57
242,-88,8862,61920,451,290,20,655146730,57
212,-92,8912,61920,447,289,32,655147245,57
212,-92,8912,61920,448,293,36,655147755,57
206,-136,8876,61936,450,304,28,655148265,57
206,-136,8876,61936,446,299,41,655148776,57
238,-120,8878,61936,437,295,52,655149286,57
238,-120,8878,61904,439,287,47,655149796,57
254,-66,8880,61904,440,280,46,655150311,57
254,-66,8880,61936,435,276,34,655150821,57
228,-100,8860,61936,428,271,23,655151332,57
228,-100,8860,61904,432,274,8,655151842,57
232,-120,8834,61968,436,273,7,655152352,57
232,-120,8834,61936,438,280,13,655152866,57
244,-100,8804,61936,452,287,27,655153377,57
244,-100,8804,61920,455,282,45,655153891,57
190,-138,8778,61920,459,281,59,655154401,57
190,-138,8778,61952,452,279,59,655154911,57
200,-126,8826,61920,448,277,53,655155422,57
200,-126,8826,61952,456,285,43,655155932,57
248,-78,8850,61920,458,286,31,655156444,57
248,-78,8850,61920,452,288,32,655156955,57
246,-44,8786,61952,452,286,25,655157465,57
246,-44,8786,61952,460,274,16,655157976,57
200,-80,8858,61920,453,267,17,655158486,57
200,-80,8858,61920,458,265,20,655158996,57
198,-120,8858,61920,457,267,30,655159509,57
198,-120,8858,61920,449,271,36,655160019,57
220,-110,8920,61904,443,279,32,655160529,57
220,-110,8920,61904,435,288,30,655161040,57
208,-108,8936,61904,433,292,26,655161550,57
208,-108,8936,61936,432,289,24,655162062,57
142,-90,8874,61936,440,283,33,655162572,57
142,-90,8874,61904,444,286,35,655163085,57
232,-98,8874,61936,442,285,31,655163595,57
232,-98,8874,61936,441,292,28,655164105,57
250,-72,8884,61936,440,301,33,655164616,57
250,-72,8884,61936,439,298,44,655165126,57
218,-72,8890,61936,437,289,50,655165636,57
218,-72,8890,61936,435,284,49,655166147,57
160,-106,8866,61920,451,276,40,655166657,57
160,-106,8866,61936,464,275,30,655167167,57
182,-102,8850,61920,462,273,21,655167678,57
182,-102,8850,61936,459,277,16,655168188,57
206,-110,8828,61920,457,288,10,655168698,57
244,-88,8852,61920,453,293,5,655169209,57
244,-88,8852,61920,450,297,10,655169719,57
220,-72,8818,61920,448,298,17,655170230,57
220,-72,8818,61920,446,299,27,655170740,57
234,-78,8866,61920,444,301,28,655171254,57
234,-78,8866,61920,443,303,29,655171764,57
240,-72,8860,61920,442,298,35,655172275,57
240,-72,8860,61904,448,298,43,655172785,57
196,-26,8812,61904,458,288,42,655173295,57
196,-26,8812,61936,468,285,40,655173806,57
196,-94,8874,61936,464,287,32,655174320,57
196,-94,8874,61936,467,286,39,655174830,57
232,-84,8828,61936,467,285,42,655175341,57
232,-84,8828,61936,461,286,42,655175851,57
192,-100,8778,61968,457,289,42,655176361,57
192,-100,8778,61936,454,286,37,655176876,57
126,-90,8852,61904,449,284,29,655177386,57
126,-90,8852,61904,450,284,31,655177900,57
170,-40,8864,61936,453,279,32,655178410,57
170,-40,8864,61888,453,271,37,655178921,57
212,-40,8850,61888,457,266,45,655179431,57
212,-40,8850,61920,459,267,43,655179942,57
208,-68,8800,61952,453,276,39,655180452,57
208,-68,8800,61920,450,286,32,655180962,57
154,-112,8858,61952,453,293,33,655181473,57
154,-112,8858,61952,461,291,37,655181983,57
204,-136,8842,61920,458,297,35,655182494,57
204,-136,8842,61952,451,301,33,655183006,57
200,-102,8854,61920,451,299,21,655183516,57
200,-102,8854,61920,450,300,14,655184026,57
236,-72,8896,61920,449,307,19,655184537,57
236,-72,8896,61904,460,308,33,655185047,57
230,-94,8872,61936,462,307,39,655185557,57
230,-94,8872,61968,456,305,44,655186070,57
246,-74,8798,61968,448,303,40,655186580,57
246,-74,8798,61904,447,304,36,655187091,57
246,-62,8814,61936,447,306,28,655187601,57
246,-62,8814,61936,441,303,26,655188111,57
230,-66,8844,61920,466,293,27,655411406,57
230,-66,8844,61920,454,292,28,655411916,57
212,-118,8854,61920,454,289,44,655412426,57
212,-118,8854,61920,463,280,51,655412936,57
226,-128,8850,61920,467,276,43,655413449,57
226,-128,8850,61952,460,289,38,655413963,57
196,-108,8844,61936,448,299,31,655414473,57
196,-108,8844,61936,447,297,36,655414985,57
194,-78,8866,61936,440,295,36,655415496,57
194,-78,8866,61904,435,292,39,655416008,57
158,-104,8824,61936,441,289,43,655416518,57
158,-104,8824,61904,439,278,40,655417028,57
188,-92,8846,61936,440,270,36,655417539,57
188,-92,8846,61936,452,273,35,655418049,57
234,-130,8846,61936,461,284,30,655418560,57
234,-130,8846,61904,467,289,35,655419072,57
216,-90,8898,61904,465,293,40,655419582,57
216,-90,8898,61904,460,300,37,655420092,57
234,-98,8858,61952,451,304,40,655420603,57
234,-98,8858,61920,442,299,41,655421113,57
224,-78,8870,61920,431,291,36,655421623,57
224,-78,8870,61920,431,288,29,655422134,57
224,-66,8858,61952,435,290,21,655422644,57
224,-66,8858,61920,449,291,35,655423155,57
170,-92,8828,61952,459,297,49,655423665,57
170,-92,8828,61920,461,292,54,655424175,57
156,-92,8862,61952,460,284,55,655424686,57
156,-92,8862,61920,457,279,48,655425196,57
176,-76,8844,61952,450,278,38,655425706,57
176,-76,8844,61920,450,276,36,655426217,57
232,-64,8832,61920,447,273,31,655426727,57
232,-64,8832,61904,460,273,24,655427238,57
206,-124,8892,61936,467,277,23,655427748,57
206,-124,8892,61904,464,279,27,655428258,57
192,-74,8846,61904,459,275,36,655428768,57
192,-74,8846,61936,455,273,30,655429279,57
244,-82,8830,61936,445,277,21,655429789,57
244,-82,8830,61936,429,286,19,655430299,57
252,-82,8872,61936,425,294,24,655430810,57
252,-82,8872,61904,434,289,24,655431320,57
186,-98,8856,61904,447,286,19,655431830,57
186,-98,8856,61904,464,286,21,655432345,57
244,-68,8880,61936,463,278,28,655432855,57
244,-68,8880,61904,461,273,40,655433365,57
232,-72,8822,61920,454,266,46,655433876,57
232,-72,8822,61936,438,269,50,655434386,57
240,-104,8870,61920,423,290,53,655434897,57
218,-102,8886,61952,426,300,45,655435411,57
218,-102,8886,61952,444,306,44,655435921,57
220,-46,8836,61952,452,302,45,655436432,57
220,-46,8836,61920,452,295,37,655436942,57
204,-74,8850,61920,448,288,37,655437452,57
204,-74,8850,61920,449,282,33,655437966,57
184,-50,8816,61920,442,276,32,655438477,57
184,-50,8816,61936,430,277,21,655438991,57
236,-58,8842,61936,436,286,17,655439503,57
236,-58,8842,61936,435,293,20,655440013,57
268,-112,8830,61936,432,291,24,655440524,57
268,-112,8830,61968,433,290,30,655441034,57
218,-94,8824,61936,441,292,37,655441544,57
218,-94,8824,61936,447,290,41,655442055,57
186,-58,8822,61936,458,288,53,655442565,57
186,-58,8822,61904,459,285,48,655443077,57
200,-76,8814,61904,455,282,38,655443588,57
200,-76,8814,61936,454,277,36,655444098,57
234,-118,8894,61936,457,279,43,655444608,57
234,-118,8894,61904,451,280,43,655445119,57
220,-46,8894,61920,448,287,40,655445629,57
220,-46,8894,61952,453,284,39,655446139,57
198,-90,8838,61920,464,283,41,655446650,57
198,-90,8838,61920,456,283,35,655447160,57
208,-104,8864,61952,437,279,29,655447670,57
208,-104,8864,61952,435,275,31,655448181,57
220,-84,8836,61920,439,276,28,655448691,57
220,-84,8836,61920,446,285,34,655449201,57
176,-112,8822,61952,456,287,33,655449712,57
176,-112,8822,61920,459,288,33,655450222,57
152,-66,8878,61952,465,290,37,655450732,57
152,-66,8878,61952,464,290,37,655451243,57
216,-122,8866,61904,473,286,30,655451753,57
216,-122,8866,61936,470,279,30,655452263,57
252,-102,8800,61904,467,276,24,655452774,57
252,-102,8800,61936,464,277,23,655453284,57
232,-80,8834,61936,452,279,21,655453794,57
232,-80,8834,61936,448,283,22,655454305,57
242,-68,8952,61936,454,291,28,655454815,57
242,-68,8952,61936,453,290,34,655455326,57
290,-98,8950,61968,451,290,36,655455836,57
290,-98,8950,61936,454,287,33,655456350,57
206,-68,8854,61904,460,282,33,655456860,57
206,-68,8854,61936,465,278,37,655457371,57
146,-94,8748,61936,469,283,38,655457881,57
146,-94,8748,61936,467,286,36,655458392,57
192,-134,8728,61952,457,286,34,655458902,57
192,-134,8728,61936,453,283,34,655459416,57
204,-112,8852,61952,446,277,26,655459927,57
162,-100,8796,61920,448,277,23,655460437,57
162,-100,8796,61952,456,275,22,655460947,57
192,-120,8850,61952,455,275,24,655461457,57
192,-120,8850,61920,449,276,27,655461972,57
252,-180,8880,61920,447,277,36,655462482,57
252,-180,8880,61920,455,283,33,655462996,57
200,-110,8874,61920,457,288,27,655463508,57
200,-110,8874,61936,458,280,29,655464019,57
144,-54,8834,61904,461,271,31,655464529,57
144,-54,8834,61936,466,272,35,655465040,57
202,-58,8888,61936,463,274,38,655465550,57
202,-58,8888,61936,460,276,44,655466062,57
210,-84,8850,61936,457,277,37,655466572,57
210,-84,8850,61936,456,291,21,655467085,57
214,-68,8796,61904,452,301,22,655467595,57
214,-68,8796,61936,459,298,27,655468105,57
166,-146,8782,61936,466,289,30,655468616,57
166,-146,8782,61936,469,283,28,655469126,57
200,-118,8814,61936,469,280,17,655469636,57
200,-118,8814,61920,466,279,17,655470147,57
256,-110,8894,61920,461,279,17,655470657,57
256,-110,8894,61920,460,283,20,655471168,57
186,-124,8866,61920,463,284,25,655471678,57
186,-124,8866,61920,465,284,34,655472188,57
178,-144,8820,61888,456,290,48,655472699,57
178,-144,8820,61920,441,286,52,655473209,57
186,-114,8828,61920,444,275,51,655473719,57
186,-114,8828,61920,450,273,46,655474230,57
212,-54,8860,61952,456,274,36,655474740,57
212,-54,8860,61920,451,279,30,655475250,57
196,-88,8874,61952,447,287,25,655475761,57
196,-88,8874,61936,454,283,20,655476271,57
236,-98,8850,61936,460,282,16,655476781,57
236,-98,8850,61936,465,283,17,655477292,57
288,-80,8824,61904,471,291,21,655477802,57
288,-80,8824,61904,462,294,34,655478313,57
228,-142,8794,61936,459,279,47,655700592,57
194,-126,8838,61920,457,272,38,655701102,57
264,-124,8838,61920,440,273,37,655701613,57
264,-124,8838,61920,437,279,40,655702123,57
224,-124,8912,61920,436,291,36,655702634,57
224,-124,8912,61920,439,292,33,655703144,57
194,-132,8818,61952,450,295,30,655703654,57
194,-132,8818,61920,448,293,32,655704165,57
186,-104,8818,61952,445,282,38,655704675,57
186,-104,8818,61920,440,277,45,655705185,57
176,-76,8862,61904,441,279,47,655705696,57
176,-76,8862,61936,452,282,42,655706206,57
184,-72,8832,61968,460,288,36,655706716,57
184,-72,8832,61936,462,304,27,655707227,57
176,-122,8882,61936,453,306,26,655707737,57
176,-122,8882,61936,450,288,34,655708247,57
190,-94,8906,61968,452,284,47,655708758,57
190,-94,8906,61936,457,286,53,655709268,57
206,-70,8942,61936,453,285,58,655709778,57
206,-70,8942,61936,444,284,54,655710289,57
152,-102,8886,61904,434,285,42,655710799,57
152,-102,8886,61936,432,286,37,655711310,57
228,-106,8834,61936,434,286,27,655711820,57
228,-106,8834,61920,444,287,15,655712330,57
226,-104,8778,61920,454,291,19,655712840,57
226,-104,8778,61920,460,294,27,655713351,57
272,-96,8802,61920,454,299,32,655713861,57
272,-96,8802,61952,441,304,30,655714371,57
216,-94,8832,61952,436,304,33,655714882,57
216,-94,8832,61920,445,286,29,655715392,57
216,-124,8868,61920,440,270,31,655715903,57
216,-124,8868,61952,442,260,36,655716413,57
228,-120,8866,61952,453,263,37,655716923,57
228,-120,8866,61952,466,278,43,655717437,57
214,-102,8870,61952,470,290,44,655717947,57
214,-102,8870,61936,475,301,53,655718457,57
186,-106,8874,61904,470,302,56,655718968,57
186,-106,8874,61904,456,306,44,655719478,57
232,-122,8864,61936,444,305,40,655719992,57
232,-122,8864,61936,438,295,42,655720504,57
200,-72,8840,61936,440,294,46,655721015,57
200,-72,8840,61936,438,296,40,655721525,57
168,-74,8890,61936,436,292,34,655722035,57
168,-74,8890,61936,439,290,34,655722546,57
178,-118,8822,61936,447,297,42,655723062,57
178,-118,8822,61968,456,294,51,655723572,57
278,-84,8806,61952,464,277,45,655724084,57
278,-84,8806,61904,470,271,37,655724594,57
284,-86,8786,61920,471,273,33,655725105,57
284,-86,8786,61936,465,277,37,655725615,57
146,-100,8800,61920,452,280,31,655726126,57
196,-106,8878,61952,441,290,32,655726636,57
196,-106,8878,61920,437,292,30,655727147,57
232,-120,8892,61952,443,291,24,655727657,57
232,-120,8892,61920,461,290,10,655728167,57
234,-92,8870,61920,471,287,8,655728677,57
234,-92,8870,61920,472,283,17,655729188,57
156,-92,8778,61920,476,284,42,655729698,57
156,-92,8778,61952,476,289,51,655730209,57
220,-96,8836,61936,459,292,57,655730719,57
220,-96,8836,61904,442,295,47,655731229,57
270,-68,8842,61904,444,294,39,655731740,57
270,-68,8842,61904,458,294,36,655732250,57
212,-102,8822,61904,462,293,31,655732760,57
212,-102,8822,61936,454,295,24,655733270,57
200,-110,8856,61936,445,297,15,655733781,57
200,-110,8856,61936,443,296,12,655734291,57
226,-60,8878,61904,449,292,11,655734801,57
226,-60,8878,61904,451,286,14,655735312,57
236,-60,8868,61904,460,280,25,655735822,57
236,-60,8868,61904,467,280,39,655736332,57
196,-54,8846,61952,470,287,35,655736843,57
196,-54,8846,61952,466,290,29,655737353,57
134,-84,8842,61952,455,296,31,655737863,57
134,-84,8842,61920,451,304,38,655738374,57
192,-84,8870,61920,450,311,51,655738884,57
192,-84,8870,61952,451,313,59,655739395,57
224,-110,8898,61920,457,307,56,655739905,57
224,-110,8898,61920,453,294,48,655740415,57
170,-124,8874,61920,448,283,36,655740926,57
170,-124,8874,61888,439,273,24,655741442,57
192,-98,8788,61920,443,271,20,655741952,57
192,-98,8788,61952,451,277,25,655742462,57
200,-102,8810,61904,448,276,33,655742973,57
200,-102,8810,61936,440,257,41,655743483,57
206,-70,8802,61936,444,246,51,655743993,57
206,-70,8802,61936,449,245,58,655744510,57
206,-112,8866,61936,449,242,61,655745020,57
206,-112,8866,61936,453,246,54,655745530,57
236,-84,8808,61936,454,260,47,655746041,57
236,-84,8808,61936,461,285,34,655746551,57
252,-74,8810,61936,473,304,21,655747067,57
252,-74,8810,61936,460,310,21,655747577,57
166,-60,8872,61904,450,300,34,655748091,57
166,-60,8872,61936,455,297,42,655748601,57
162,-110,8818,61920,449,297,57,655749111,57
162,-110,8818,61936,445,293,55,655749622,57
212,-122,8790,61920,448,288,48,655750132,57
212,-122,8790,61968,447,289,40,655750643,57
236,-84,8840,61952,442,283,34,655751153,57
194,-76,8826,61920,429,267,32,655751663,57
194,-76,8826,61920,427,261,31,655752174,57
210,-76,8788,61920,438,264,31,655752684,57
210,-76,8788,61920,448,270,38,655753195,57
248,-88,8906,61952,452,280,48,655753705,57
248,-88,8906,61920,454,288,54,655754215,57
188,-64,8866,61920,454,291,49,655754725,57
188,-64,8866,61904,448,295,30,655755236,57
182,-62,8816,61936,445,302,19,655755746,57
182,-62,8816,61936,442,300,23,655756257,57
188,-84,8856,61936,441,302,35,655756767,57
188,-84,8856,61904,446,306,37,655757277,57
240,-50,8810,61936,449,300,28,655757788,57
240,-50,8810,61936,451,290,21,655758298,57
232,-98,8790,61936,448,290,24,655758808,57
232,-98,8790,61936,453,287,22,655759319,57
200,-90,8812,61904,457,279,31,655759829,57
200,-90,8812,61936,461,276,40,655760339,57
232,-118,8850,61936,461,278,42,655760850,57
232,-118,8850,61904,457,278,39,655761360,57
224,-94,8830,61920,441,285,39,655761871,57
224,-94,8830,61920,435,289,39,655762381,57
170,-78,8794,61920,436,290,31,655762891,57
170,-78,8794,61920,433,293,23,655763402,57
152,-106,8882,61920,424,301,23,655763912,57
152,-106,8882,61920,422,295,32,655764422,57
240,-84,8890,61920,441,283,40,655764933,57
240,-84,8890,61920,460,276,48,655765449,57
172,-68,8890,61920,464,271,50,655765959,57
172,-68,8890,61920,457,267,47,655766470,57
164,-64,8830,61920,454,282,42,655766980,57
164,-64,8830,61920,453,293,38,655767491,57
178,-86,8818,61904,447,300,38,655768003,57
200,-106,8806,61936,458,271,37,656001429,57
220,-98,8826,61904,452,269,35,656001939,57
220,-98,8826,61872,456,273,29,656002450,57
222,-48,8866,61904,463,278,34,656002960,57
222,-48,8866,61968,459,281,36,656003470,57
242,-68,8934,61936,457,290,41,656003981,57
242,-68,8934,61936,452,298,43,656004491,57
244,-86,8896,61904,451,301,34,656005003,57
244,-86,8896,61904,452,296,28,656005514,57
162,-80,8878,61904,441,293,24,656006024,57
162,-80,8878,61936,441,298,23,656006534,57
206,-92,8858,61936,445,303,34,656007045,57
206,-92,8858,61920,457,307,37,656007555,57
272,-112,8890,61920,455,306,37,656008067,57
272,-112,8890,61920,453,300,40,656008581,57
214,-126,8826,61952,452,289,44,656009092,57
214,-126,8826,61920,449,288,41,656009602,57
164,-52,8896,61952,446,285,44,656010113,57
164,-52,8896,61920,449,283,41,656010623,57
222,-78,8918,61888,447,282,44,656011133,57
222,-78,8918,61952,453,286,43,656011643,57
210,-88,8838,61952,454,293,48,656012158,57
210,-88,8838,61920,452,299,47,656012668,57
206,-94,8828,61904,456,299,36,656013179,57
206,-94,8828,61936,448,302,29,656013689,57
184,-100,8872,61904,439,297,33,656014199,57
184,-100,8872,61936,439,284,38,656014709,57
220,-72,8916,61936,442,277,45,656015220,57
220,-72,8916,61968,441,286,46,656015730,57
226,-102,8858,61936,437,295,45,656016241,57
226,-102,8858,61904,432,300,40,656016751,57
196,-124,8836,61936,434,296,22,656017261,57
196,-124,8836,61936,444,293,11,656017772,57
204,-70,8796,61936,448,289,13,656018282,57
204,-70,8796,61904,452,280,20,656018792,57
262,-92,8846,61904,466,273,30,656019303,57
262,-92,8846,61904,467,272,39,656019813,57
196,-84,8888,61920,456,273,34,656020323,57
196,-84,8888,61936,455,278,26,656020834,57
172,-132,8824,61920,449,286,20,656021344,57
172,-132,8824,61936,451,291,27,656021854,57
188,-134,8798,61920,443,293,34,656022365,57
224,-84,8792,61888,436,292,34,656022875,57
224,-84,8792,61920,438,291,31,656023386,57
202,-112,8848,61920,438,287,35,656023896,57
202,-112,8848,61920,433,286,38,656024406,57
184,-134,8822,61920,434,277,42,656024917,57
184,-134,8822,61920,450,273,48,656025427,57
176,-96,8810,61904,460,269,47,656025937,57
176,-96,8810,61904,446,276,42,656026448,57
236,-40,8846,61936,438,282,35,656026959,57
236,-40,8846,61904,437,285,32,656027469,57
194,-84,8856,61936,432,291,32,656027979,57
194,-84,8856,61936,438,287,28,656028490,57
192,-98,8846,61936,447,275,35,656029002,57
192,-98,8846,61904,460,271,42,656029513,57
230,-120,8832,61904,459,276,35,656030023,57
230,-120,8832,61936,454,273,39,656030535,57
216,-112,8796,61936,444,273,37,656031045,57
216,-112,8796,61904,437,278,38,656031556,57
184,-78,8860,61920,438,292,25,656032068,57
184,-78,8860,61920,440,295,23,656032578,57
188,-134,8836,61920,444,290,26,656033094,57
188,-134,8836,61888,447,284,36,656033604,57
212,-98,8870,61952,449,279,44,656034115,57
212,-98,8870,61952,450,273,39,656034625,57
196,-74,8864,61920,448,272,34,656035135,57
196,-74,8864,61952,442,282,28,656035646,57
168,-86,8834,61920,441,295,23,656036160,57
168,-86,8834,61952,440,290,24,656036670,57
200,-64,8828,61920,435,282,32,656037181,57
200,-64,8828,61920,433,281,31,656037691,57
196,-78,8874,61936,438,277,30,656038201,57
196,-78,8874,61936,439,275,32,656038712,57
150,-50,8884,61936,434,282,38,656039222,57
150,-50,8884,61936,440,286,36,656039732,57
216,-96,8856,61904,446,283,35,656040243,57
216,-96,8856,61968,458,284,31,656040753,57
212,-144,8838,61904,463,282,27,656041264,57
212,-144,8838,61936,465,276,22,656041774,57
222,-106,8842,61936,466,278,21,656042284,57
222,-106,8842,61936,462,293,23,656042795,57
168,-36,8828,61936,455,302,27,656043305,57
168,-36,8828,61936,451,309,30,656043815,57
158,-58,8810,61920,445,314,31,656044326,57
158,-58,8810,61904,450,308,32,656044836,57
220,-60,8834,61920,452,296,29,656045347,57
220,-60,8834,61936,446,296,27,656045857,57
252,-96,8800,61952,441,296,33,656046367,57
224,-96,8804,61920,442,296,44,656046878,57
224,-96,8804,61920,443,289,44,656047388,57
204,-40,8840,61952,443,281,36,656047898,57
204,-40,8840,61952,450,274,35,656048409,57
230,-24,8904,61920,465,278,36,656048919,57
230,-24,8904,61888,468,288,32,656049429,57
216,-64,8818,61920,461,296,29,656049940,57
216,-64,8818,61952,449,288,26,656050450,57
212,-86,8814,61936,436,283,37,656050960,57
212,-86,8814,61904,435,280,46,656051471,57
192,-78,8856,61936,431,274,50,656051981,57
192,-78,8856,61904,430,271,48,656052491,57
232,-102,8908,61904,428,270,39,656053004,57
232,-102,8908,61936,437,276,28,656053514,57
214,-94,8902,61904,441,285,30,656054024,57
214,-94,8902,61936,443,293,31,656054538,57
224,-62,8906,61904,450,297,38,656055049,57
224,-62,8906,61936,454,299,46,656055559,57
216,-82,8870,61968,452,295,53,656056071,57
216,-82,8870,61936,455,288,51,656056582,57
176,-108,8888,61888,466,275,43,656057096,57
176,-108,8888,61920,475,273,42,656057606,57
158,-152,8846,61952,464,281,40,656058117,57
158,-152,8846,61920,445,297,30,656058627,57
202,-72,8826,61920,435,307,26,656059137,57
202,-72,8826,61920,437,303,30,656059648,57
244,-54,8858,61920,441,296,33,656060162,57
244,-54,8858,61952,451,290,41,656060672,57
218,-68,8858,61920,456,289,42,656061186,57
218,-68,8858,61952,450,289,42,656061696,57
196,-76,8810,61952,444,281,40,656062206,57
196,-76,8810,61936,433,284,30,656062717,57
214,-126,8822,61936,438,285,20,656063227,57
214,-126,8822,61936,444,283,24,656063737,57
264,-106,8832,61904,451,285,31,656064248,57
264,-106,8832,61936,448,292,38,656064758,57
220,-128,8870,61936,445,291,41,656065269,57
220,-128,8870,61936,457,291,32,656065779,57
216,-76,8880,61904,462,293,20,656066289,57
216,-76,8880,61936,459,291,12,656066800,57
166,-52,8864,61904,461,286,4,656067310,57
166,-52,8864,61936,460,278,7,656067820,57
170,-100,8840,61936,459,279,14,656068331,57
170,-100,8840,61904,455,278,31,656068841,57
118,-42,8828,61952,461,277,41,656069352,57
216,-124,8842,61936,440,279,23,656298720,57
196,-82,8824,61936,439,276,31,656299234,57
196,-82,8824,61936,439,278,38,656299744,57
186,-50,8816,61904,449,281,39,656300257,57
186,-50,8816,61920,460,284,42,656300767,57
188,-68,8874,61952,463,280,43,656301277,57
188,-68,8874,61920,470,285,49,656301788,57
252,-80,8808,61920,465,290,55,656302298,57
252,-80,8808,61920,459,287,44,656302808,57
250,-70,8826,61920,450,280,35,656303319,57
250,-70,8826,61920,442,273,30,656303829,57
202,-118,8854,61952,441,270,19,656304339,57
202,-118,8854,61920,437,270,11,656304850,57
190,-118,8842,61920,440,277,11,656305360,57
190,-118,8842,61920,449,281,19,656305871,57
218,-60,8848,61920,453,286,36,656306381,57
218,-60,8848,61920,452,291,50,656306891,57
220,-74,8884,61936,448,294,55,656307402,57
220,-74,8884,61936,454,295,55,656307912,57
186,-90,8838,61936,451,292,49,656308422,57
186,-90,8838,61936,448,287,37,656308933,57
186,-102,8808,61936,449,279,22,656309445,57
186,-102,8808,61936,447,276,22,656309955,57
252,-136,8786,61936,452,270,36,656310466,57
252,-136,8786,61904,466,269,48,656310976,57
224,-120,8782,61968,471,277,47,656311486,57
224,-120,8782,61936,466,286,54,656311997,57
206,-104,8842,61936,460,291,53,656312509,57
206,-104,8842,61936,455,294,41,656313019,57
270,-138,8856,61920,461,290,28,656313530,57
270,-138,8856,61936,455,288,28,656314040,57
256,-110,8886,61952,451,285,39,656314550,57
256,-110,8886,61936,454,285,38,656315063,57
184,-112,8866,61920,462,283,40,656315573,57
188,-86,8842,61952,462,280,50,656316085,57
188,-86,8842,61920,465,289,50,656316595,57
218,-82,8826,61920,465,300,52,656317106,57
218,-82,8826,61920,464,302,55,656317620,57
232,-86,8834,61920,458,302,52,656318130,57
232,-86,8834,61920,452,298,48,656318641,57
240,-102,8860,61952,452,298,47,656319151,57
240,-102,8860,61968,445,294,49,656319662,57
246,-98,8860,61968,444,287,44,656320176,57
246,-98,8860,61936,450,287,39,656320686,57
242,-104,8852,61936,452,284,45,656321197,57
242,-104,8852,61904,451,283,48,656321707,57
208,-84,8844,61904,457,285,51,656322217,57
208,-84,8844,61936,463,285,43,656322728,57
144,-112,8806,61936,459,279,37,656323242,57
144,-112,8806,61904,459,279,33,656323752,57
162,-124,8772,61936,459,282,37,656324264,57
162,-124,8772,61936,451,284,42,656324774,57
252,-92,8818,61936,446,289,34,656325285,57
252,-92,8818,61952,451,293,33,656325795,57
164,-96,8850,61920,451,299,29,656326305,57
164,-96,8850,61920,443,291,31,656326816,57
194,-48,8772,61920,442,284,42,656327326,57
194,-48,8772,61952,447,282,48,656327837,57
212,-60,8762,61920,441,286,45,656328347,57
212,-60,8762,61952,441,286,35,656328857,57
188,-68,8854,61952,436,282,32,656329368,57
188,-68,8854,61952,435,280,34,656329878,57
136,-74,8832,61952,439,281,37,656330388,57
136,-74,8832,61952,445,285,34,656330899,57
162,-86,8866,61952,440,289,30,656331409,57
162,-86,8866,61936,434,295,31,656331919,57
226,-112,8870,61936,437,293,29,656332430,57
226,-112,8870,61936,443,288,38,656332940,57
234,-102,8892,61904,446,284,35,656333450,57
234,-102,8892,61872,446,279,34,656333961,57
192,-116,8830,61936,445,280,31,656334471,57
192,-116,8830,61936,447,283,30,656334981,57
220,-86,8878,61936,445,287,43,656335492,57
220,-86,8878,61936,440,289,48,656336004,57
178,-84,8932,61904,451,285,43,656336514,57
178,-84,8932,61968,463,293,36,656337025,57
198,-70,8850,61936,460,300,19,656337535,57
198,-70,8850,61968,462,302,14,656338045,57
134,-110,8832,61920,474,298,17,656338556,57
134,-110,8832,61936,466,294,20,656339068,57
206,-78,8854,61920,447,278,32,656339578,57
206,-78,8854,61904,444,272,39,656340090,57
254,-66,8846,61920,447,264,41,656340600,57
198,-90,8784,61952,439,264,31,656341111,57
198,-90,8784,61920,433,271,21,656341625,57
168,-88,8902,61920,435,277,20,656342135,57
168,-88,8902,61952,434,276,25,656342646,57
208,-92,8886,61920,436,279,22,656343156,57
208,-92,8886,61920,436,286,16,656343666,57
240,-90,8886,61904,438,303,26,656344177,57
240,-90,8886,61936,440,298,34,656344691,57
222,-78,8846,61936,447,289,34,656345201,57
222,-78,8846,61936,448,286,41,656345712,57
136,-78,8862,61936,448,288,49,656346222,57
136,-78,8862,61904,450,284,51,656346732,57
178,-72,8806,61936,446,281,47,656347246,57
178,-72,8806,61936,451,280,43,656347757,57
216,-100,8826,61936,454,285,39,656348271,57
216,-100,8826,61904,453,290,32,656348781,57
156,-120,8824,61936,451,286,20,656349291,57
156,-120,8824,61936,444,277,23,656349802,57
212,-140,8850,61920,439,283,28,656350312,57
212,-140,8850,61952,441,292,30,656350823,57
240,-74,8874,61920,448,295,28,656351333,57
240,-74,8874,61952,454,286,26,656351843,57
216,-86,8826,61952,459,281,32,656352354,57
216,-86,8826,61920,455,282,35,656352864,57
220,-106,8836,61920,458,277,40,656353375,57
220,-106,8836,61920,457,270,38,656353885,57
260,-108,8800,61920,456,265,30,656354395,57
260,-108,8800,61952,452,266,33,656354906,57
228,-112,8842,61952,453,277,34,656355416,57
228,-112,8842,61920,459,286,29,656355926,57
204,-130,8806,61904,455,293,31,656356437,57
204,-130,8806,61936,448,301,29,656356947,57
224,-88,8742,61936,446,300,27,656357457,57
224,-88,8742,61904,446,298,30,656357968,57
220,-110,8832,61936,446,290,38,656358478,57
220,-110,8832,61936,448,289,49,656358989,57
200,-112,8824,61904,456,290,44,656359501,57
200,-112,8824,61936,461,294,32,656360011,57
180,-100,8858,61936,452,294,28,656360522,57
180,-100,8858,61936,452,291,32,656361032,57
202,-126,8850,61904,448,286,32,656361542,57
202,-126,8850,61936,441,286,32,656362053,57
234,-124,8790,61904,447,285,28,656362563,57
234,-124,8790,61904,462,282,27,656363075,57
214,-78,8786,61920,477,285,27,656363586,57
214,-78,8786,61904,472,278,33,656364096,57
188,-74,8852,61952,465,274,47,656364606,57
146,-82,8874,61920,464,280,48,656365117,57
146,-82,8874,61952,463,287,43,656365631,57
204,-70,8906,61920,461,289,51,656366141,57
204,-70,8906,61920,463,294,49,656366652,57
218,-86,8890,61920,450,312,32,656582348,57
218,-86,8890,61936,439,308,41,656582859,57
234,-54,8896,61968,440,303,40,656583369,57
234,-54,8896,61936,446,297,41,656583879,57
206,-108,8882,61904,452,288,33,656584390,57
206,-108,8882,61936,455,276,27,656584900,57
242,-106,8870,61936,453,278,27,656585410,57
242,-106,8870,61936,446,285,26,656585921,57
306,-64,8894,61936,451,278,25,656586431,57
306,-64,8894,61904,450,272,27,656586941,57
230,-38,8886,61936,442,270,30,656587452,57
230,-38,8886,61904,438,279,37,656587962,57
222,-108,8826,61936,438,281,37,656588472,57
222,-108,8826,61968,446,275,38,656588983,57
254,-146,8836,61920,455,276,31,656589493,57
254,-146,8836,61920,454,274,28,656590005,57
212,-150,8864,61920,452,270,25,656590516,57
212,-150,8864,61952,449,270,26,656591026,57
194,-122,8904,61920,446,273,27,656591536,57
194,-122,8904,61920,458,266,30,656592047,57
204,-50,8874,61888,460,265,34,656592557,57
204,-50,8874,61952,454,285,36,656593069,57
216,-34,8802,61920,451,305,35,656593579,57
216,-34,8802,61920,455,322,27,656594091,57
218,-90,8896,61920,461,330,27,656594601,57
218,-90,8896,61920,463,327,35,656595111,57
202,-122,8884,61936,446,309,48,656595622,57
202,-122,8884,61904,442,293,51,656596132,57
156,-98,8834,61904,446,283,41,656596642,57
156,-98,8834,61936,459,283,37,656597153,57
226,-44,8882,61936,464,288,35,656597663,57
226,-44,8882,61936,463,284,42,656598173,57
192,-42,8840,61904,445,281,39,656598684,57
192,-42,8840,61936,434,273,35,656599194,57
188,-64,8814,61936,427,274,31,656599708,57
188,-64,8814,61936,428,277,35,656600219,57
256,-108,8794,61936,440,283,42,656600729,57
256,-108,8794,61936,458,293,41,656601239,57
234,-92,8880,61920,457,312,34,656601750,57
234,-92,8880,61936,450,315,33,656602264,57
230,-76,8854,61920,445,312,38,656602774,57
230,-76,8854,61936,451,308,41,656603285,57
200,-86,8854,61920,450,299,30,656603795,57
208,-60,8856,61920,447,292,20,656604305,57
208,-60,8856,61952,454,275,15,656604816,57
214,-72,8838,61952,465,258,8,656605330,57
214,-72,8838,61920,468,252,11,656605840,57
218,-96,8842,61920,460,262,18,656606353,57
218,-96,8842,61920,459,280,27,656606864,57
184,-102,8800,61952,453,277,41,656607374,57
184,-102,8800,61968,441,265,52,656607884,57
248,-64,8830,61904,429,264,54,656608395,57
248,-64,8830,61936,424,270,48,656608905,57
256,-112,8806,61936,437,278,38,656609415,57
256,-112,8806,61936,447,285,25,656609926,57
170,-74,8850,61936,450,290,25,656610436,57
170,-74,8850,61936,448,293,29,656610946,57
210,-52,8872,61936,448,291,30,656611456,57
210,-52,8872,61936,446,291,31,656611967,57
232,-110,8818,61936,439,299,42,656612477,57
232,-110,8818,61904,443,306,47,656612988,57
188,-98,8792,61936,445,300,49,656613500,57
188,-98,8792,61920,445,291,43,656614011,57
228,-114,8882,61920,446,290,36,656614521,57
228,-114,8882,61920,448,288,31,656615032,57
218,-68,8830,61920,443,289,34,656615542,57
218,-68,8830,61952,445,284,31,656616052,57
212,-78,8852,61920,440,283,32,656616563,57
212,-78,8852,61952,437,282,33,656617075,57
202,-114,8840,61920,439,281,34,656617585,57
202,-114,8840,61920,438,285,29,656618095,57
194,-160,8838,61920,431,290,24,656618606,57
194,-160,8838,61920,443,295,22,656619116,57
216,-130,8826,61920,460,297,26,656619626,57
216,-130,8826,61936,462,304,30,656620137,57
196,-90,8836,61936,454,302,33,656620647,57
196,-90,8836,61936,453,293,37,656621157,57
176,-128,8830,61936,447,285,32,656621668,57
176,-128,8830,61904,450,278,24,656622178,57
216,-80,8856,61904,453,284,24,656622688,57
216,-80,8856,61936,455,289,20,656623199,57
224,-62,8880,61936,451,289,36,656623713,57
224,-62,8880,61936,448,284,50,656624223,57
220,-44,8876,61904,443,287,58,656624734,57
220,-44,8876,61904,425,291,60,656625244,57
186,-58,8846,61936,422,283,51,656625755,57
186,-58,8846,61936,436,275,43,656626265,57
226,-98,8848,61920,445,274,42,656626779,57
226,-98,8848,61904,445,275,42,656627290,57
200,-62,8878,61920,452,282,36,656627800,57
200,-62,8878,61904,457,287,32,656628310,57
178,-88,8896,61952,454,280,22,656628821,57
182,-116,8868,61952,454,272,22,656629335,57
182,-116,8868,61952,455,278,23,656629845,57
224,-126,8808,61920,461,287,31,656630359,57
224,-126,8808,61920,459,293,41,656630869,57
228,-124,8818,61920,444,288,38,656631380,57
228,-124,8818,61920,437,277,35,656631890,57
174,-98,8826,61936,437,269,26,656632401,57
174,-98,8826,61968,443,268,24,656632911,57
202,-78,8872,61936,437,272,27,656633421,57
202,-78,8872,61936,439,282,36,656633932,57
234,-82,8928,61936,446,282,32,656634444,57
234,-82,8928,61936,452,274,30,656634954,57
144,-64,8878,61936,451,279,29,656635465,57
144,-64,8878,61936,454,287,37,656635975,57
190,-86,8852,61936,463,287,39,656636485,57
190,-86,8852,61904,465,285,38,656636996,57
240,-146,8850,61936,459,288,31,656637508,57
240,-146,8850,61904,445,285,29,656638018,57
254,-118,8818,61920,446,282,20,656638529,57
254,-118,8818,61952,453,285,18,656639039,57
260,-82,8786,61952,459,293,19,656639550,57
260,-82,8786,61920,460,291,26,656640062,57
196,-108,8832,61952,462,285,25,656640572,57
196,-108,8832,61920,457,274,21,656641084,57
224,-100,8820,61920,445,277,26,656641595,57
224,-100,8820,61920,436,283,33,656642105,57
232,-88,8880,61920,436,300,31,656642615,57
232,-88,8880,61920,442,312,31,656643126,57
236,-98,8882,61888,440,316,38,656643636,57
236,-98,8882,61920,439,310,48,656644146,57
174,-100,8858,61936,452,291,45,656644657,57
174,-100,8858,61936,452,284,44,656645167,57
230,-78,8850,61904,443,281,46,656645677,57
230,-78,8850,61904,433,276,50,656646188,57
226,-138,8866,61904,430,269,45,656646698,57
226,-138,8866,61904,435,263,42,656647208,57
188,-114,8914,61936,441,266,38,656647723,57
188,-114,8914,61904,454,271,28,656648233,57
246,-96,8916,61936,463,272,27,656648743,57
204,-118,8870,61904,470,310,33,656864949,57
204,-118,8870,61936,482,295,32,656865459,57
208,-76,8842,61888,471,279,34,656865969,57
208,-76,8842,61904,460,269,35,656866480,57
224,-66,8826,61920,447,269,49,656866990,57
168,-64,8802,61952,447,279,51,656867503,57
168,-64,8802,61920,447,288,55,656868013,57
164,-120,8798,61952,440,292,55,656868523,57
164,-120,8798,61888,442,281,45,656869033,57
204,-110,8800,61920,449,274,44,656869544,57
204,-110,8800,61952,454,278,43,656870054,57
230,-96,8796,61920,450,279,42,656870564,57
230,-96,8796,61952,451,281,41,656871077,57
186,-96,8782,61936,462,285,27,656871587,57
186,-96,8782,61904,465,294,24,656872097,57
184,-100,8786,61904,461,296,19,656872608,57
184,-100,8786,61936,458,302,12,656873118,57
210,-92,8818,61904,457,305,9,656873629,57
210,-92,8818,61904,451,304,12,656874139,57
170,-86,8838,61936,441,306,23,656874649,57
170,-86,8838,61904,435,301,38,656875160,57
194,-132,8838,61936,434,286,43,656875670,57
194,-132,8838,61904,436,279,43,656876180,57
204,-104,8836,61936,446,276,45,656876691,57
204,-104,8836,61936,459,269,52,656877201,57
216,-98,8818,61920,471,269,50,656877711,57
216,-98,8818,61920,461,270,38,656878222,57
178,-38,8808,61920,445,280,23,656878732,57
178,-38,8808,61920,433,297,16,656879242,57
182,-32,8822,61920,429,302,16,656879753,57
182,-32,8822,61952,434,304,17,656880263,57
220,-70,8866,61920,444,301,23,656880773,57
220,-70,8866,61920,441,293,34,656881284,57
216,-70,8788,61920,445,298,41,656881798,57
216,-70,8788,61888,458,292,43,656882308,57
190,-112,8846,61920,461,279,35,656882819,57
190,-112,8846,61920,449,268,28,656883329,57
228,-132,8884,61936,452,261,38,656883840,57
228,-132,8884,61936,458,263,40,656884350,57
248,-82,8784,61936,456,273,39,656884864,57
248,-82,8784,61936,454,282,32,656885375,57
224,-120,8810,61936,453,287,30,656885885,57
224,-120,8810,61936,458,294,28,656886395,57
168,-114,8786,61936,456,291,29,656886906,57
168,-114,8786,61936,452,288,30,656887420,57
184,-84,8790,61904,447,283,33,656887930,57
184,-84,8790,61936,450,289,30,656888444,57
228,-66,8862,61936,455,293,26,656888955,57
228,-66,8862,61936,453,294,25,656889465,57
192,-70,8822,61952,449,288,31,656889975,57
192,-70,8822,61936,447,282,33,656890486,57
210,-106,8822,61952,449,275,33,656890996,57
210,-106,8822,61936,448,276,35,656891508,57
260,-120,8810,61920,454,273,27,656892019,57
218,-122,8862,61920,456,271,27,656892529,57
218,-122,8862,61952,454,265,30,656893039,57
168,-98,8888,61920,451,262,30,656893550,57
168,-98,8888,61920,445,268,31,656894062,57
146,-98,8862,61952,443,279,39,656894572,57
146,-98,8862,61920,450,288,40,656895085,57
266,-112,8844,61920,450,294,37,656895595,57
266,-112,8844,61936,445,290,39,656896105,57
260,-126,8856,61936,448,283,41,656896616,57
260,-126,8856,61936,460,280,45,656897126,57
192,-156,8814,61936,465,276,43,656897637,57
192,-156,8814,61904,466,280,40,656898147,57
208,-132,8816,61936,473,287,37,656898657,57
208,-132,8816,61936,471,289,40,656899168,57
262,-58,8818,61936,455,292,42,656899678,57
262,-58,8818,61904,445,286,47,656900188,57
224,-96,8804,61904,441,282,50,656900699,57
224,-96,8804,61904,443,283,48,656901209,57
174,-152,8794,61936,451,282,37,656901719,57
174,-152,8794,61920,441,288,28,656902230,57
184,-114,8862,61952,428,292,29,656902740,57
184,-114,8862,61920,425,299,30,656903250,57
238,-100,8846,61920,431,295,40,656903761,57
238,-100,8846,61920,444,295,49,656904271,57
198,-100,8848,61920,454,291,50,656904781,57
198,-100,8848,61952,460,285,49,656905292,57
202,-106,8826,61920,464,281,47,656905806,57
202,-106,8826,61920,462,271,39,656906316,57
176,-88,8792,61920,454,267,33,656906827,57
176,-88,8792,61920,450,262,17,656907337,57
212,-70,8818,61920,452,260,5,656907848,57
212,-70,8818,61936,455,270,8,656908362,57
180,-96,8840,61936,457,278,13,656908872,57
180,-96,8840,61904,456,287,17,656909382,57
142,-70,8854,61904,460,289,32,656909893,57
142,-70,8854,61904,460,284,43,656910403,57
220,-106,8844,61904,454,282,48,656910913,57
220,-106,8844,61936,446,283,49,656911428,57
232,-98,8828,61904,440,288,47,656911938,57
232,-98,8828,61936,434,298,48,656912452,57
184,-100,8836,61936,436,301,38,656912962,57
184,-100,8836,61936,447,305,37,656913472,57
216,-48,8832,61936,455,307,47,656913983,57
216,-48,8832,61936,459,310,46,656914493,57
268,-48,8766,61920,457,293,35,656915005,57
268,-48,8766,61936,453,287,32,656915516,57
194,-68,8762,61952,454,286,20,656916026,57
180,-84,8800,61920,450,286,23,656916536,57
180,-84,8800,61920,446,289,27,656917047,57
228,-66,8846,61920,443,294,29,656917557,57
228,-66,8846,61920,448,291,34,656918069,57
248,-58,8924,61952,447,292,28,656918580,57
248,-58,8924,61920,447,291,22,656919091,57
186,-62,8876,61920,439,287,16,656919601,57
186,-62,8876,61920,439,281,14,656920111,57
184,-76,8880,61936,438,274,21,656920622,57
184,-76,8880,61904,440,280,27,656921132,57
220,-56,8902,61904,437,281,42,656921643,57
220,-56,8902,61936,444,284,53,656922153,57
198,-66,8900,61936,451,289,52,656922663,57
198,-66,8900,61936,456,295,48,656923173,57
208,-108,8884,61936,448,302,41,656923684,57
208,-108,8884,61936,448,296,34,656924194,57
180,-98,8852,61936,450,293,37,656924704,57
180,-98,8852,61936,448,297,42,656925215,57
164,-80,8902,61936,461,296,54,656925725,57
164,-80,8902,61904,466,294,52,656926236,57
214,-88,8882,61936,463,287,47,656926746,57
214,-88,8882,61920,467,285,40,656927256,57
188,-92,8930,61952,473,280,34,656927767,57
188,-92,8930,61920,473,273,29,656928277,57
174,-86,8862,61920,467,275,29,656928787,57
174,-86,8862,61920,446,286,29,656929298,57
190,-74,8852,61952,436,295,25,656929812,57
190,-74,8852,61920,443,307,27,656930322,57
168,-88,8882,61920,442,316,26,656930833,57
168,-88,8882,61952,438,313,26,656931343,57
138,-106,8802,61952,440,303,21,656931853,57
138,-106,8802,61920,446,291,15,656932364,57
204,-114,8852,61904,465,272,24,656932878,57
204,-114,8852,61936,467,267,41,656933388,57
196,-156,8834,61904,478,267,44,656933899,57
206,-130,8812,61936,466,268,61,657154148,57
206,-130,8812,61904,461,275,50,657154658,57
204,-112,8814,61936,453,279,43,657155169,57
204,-112,8814,61904,457,288,27,657155679,57
194,-80,8866,61952,455,286,17,657156189,57
194,-80,8866,61936,452,287,14,657156700,57
240,-58,8838,61952,448,288,27,657157210,57
224,-74,8862,61952,445,281,32,657157720,57
224,-74,8862,61920,439,272,30,657158231,57
152,-110,8842,61920,436,270,27,657158741,57
152,-110,8842,61920,445,274,30,657159251,57
186,-154,8768,61920,450,276,35,657159762,57
186,-154,8768,61952,451,281,41,657160272,57
226,-94,8822,61952,453,292,38,657160782,57
226,-94,8822,61920,456,297,38,657161293,57
200,-132,8840,61936,450,294,53,657161803,57
200,-132,8840,61936,444,291,57,657162314,57
166,-128,8836,61936,451,294,50,657162824,57
166,-128,8836,61936,454,299,47,657163334,57
214,-116,8940,61904,455,301,39,657163845,57
214,-116,8940,61936,461,290,31,657164355,57
248,-78,8864,61936,466,279,35,657164866,57
248,-78,8864,61968,463,271,38,657165376,57
222,-76,8882,61936,457,262,41,657165888,57
222,-76,8882,61904,457,261,40,657166398,57
166,-54,8892,61936,453,273,34,657166908,57
166,-54,8892,61904,450,287,31,657167419,57
216,-74,8822,61920,444,290,31,657167929,57
216,-74,8822,61920,436,285,31,657168445,57
224,-126,8820,61952,435,282,37,657168956,57
224,-126,8820,61952,445,286,33,657169466,57
210,-70,8786,61920,455,289,38,657169976,57
210,-70,8786,61952,458,293,38,657170487,57
222,-102,8848,61952,456,296,37,657170997,57
222,-102,8848,61920,455,291,42,657171513,57
232,-126,8888,61920,451,276,46,657172023,57
232,-126,8888,61952,455,263,44,657172534,57
184,-108,8854,61952,454,259,42,657173044,57
184,-108,8854,61952,448,258,39,657173555,57
194,-88,8832,61936,457,271,29,657174067,57
194,-88,8832,61936,458,282,27,657174577,57
206,-78,8798,61936,455,288,28,657175089,57
206,-78,8798,61936,454,294,35,657175599,57
210,-66,8850,61968,462,290,32,657176110,57
210,-66,8850,61936,462,286,29,657176620,57
156,-70,8832,61936,460,283,27,657177130,57
156,-70,8832,61936,450,287,31,657177641,57
146,-60,8840,61968,452,293,31,657178151,57
146,-60,8840,61904,448,297,30,657178661,57
240,-72,8858,61936,440,292,30,657179172,57
240,-72,8858,61904,441,288,34,657179682,57
240,-74,8876,61888,438,286,39,657180192,57
240,-74,8876,61936,437,290,38,657180703,57
138,-58,8870,61952,454,285,34,657181213,57
138,-58,8870,61968,465,279,32,657181723,57
154,-58,8854,61952,477,277,44,657182234,57
224,-104,8878,61952,470,287,45,657182744,57
224,-104,8878,61952,459,289,36,657183254,57
214,-124,8846,61920,452,281,25,657183765,57
214,-124,8846,61920,453,289,24,657184275,57
172,-146,8882,61920,452,300,22,657184786,57
172,-146,8882,61920,455,311,18,657185296,57
192,-106,8834,61920,454,313,16,657185806,57
192,-106,8834,61952,457,309,25,657186317,57
242,-76,8866,61904,463,293,33,657186827,57
242,-76,8866,61936,463,282,42,657187337,57
172,-84,8894,61904,454,279,42,657187848,57
172,-84,8894,61904,444,279,39,657188358,57
170,-102,8812,61904,450,290,42,657188869,57
170,-102,8812,61904,458,302,46,657189379,57
200,-74,8812,61936,464,306,51,657189893,57
200,-74,8812,61936,461,304,46,657190404,57
228,-46,8832,61936,458,294,43,657190914,57
228,-46,8832,61936,456,280,33,657191424,57
210,-106,8866,61904,450,269,25,657191935,57
210,-106,8866,61920,437,267,24,657192451,57
218,-160,8844,61920,444,272,25,657192961,57
218,-160,8844,61920,441,286,31,657193472,57
254,-112,8882,61920,447,289,42,657193982,57
254,-112,8882,61952,455,282,35,657194493,57
258,-30,8856,61920,461,284,36,657195005,57
258,-30,8856,61920,460,287,35,657195519,57
218,-54,8840,61920,459,286,33,657196029,57
218,-54,8840,61952,460,277,25,657196540,57
164,-92,8846,61920,460,264,20,657197050,57
164,-92,8846,61952,466,263,22,657197560,57
166,-92,8844,61952,465,272,27,657198073,57
166,-92,8844,61936,469,272,32,657198583,57
204,-98,8842,61904,471,271,40,657199093,57
204,-98,8842,61904,465,278,46,657199604,57
170,-84,8894,61904,459,284,39,657200114,57
170,-84,8894,61968,456,293,37,657200624,57
192,-82,8848,61936,451,299,27,657201135,57
192,-82,8848,61904,453,301,26,657201645,57
254,-94,8932,61936,452,294,23,657202155,57
254,-94,8932,61968,458,287,22,657202666,57
242,-128,8898,61904,466,278,25,657203176,57
242,-128,8898,61936,472,272,39,657203686,57
192,-130,8886,61936,466,269,48,657204197,57
192,-130,8886,61936,461,275,53,657204707,57
244,-124,8876,61952,467,287,45,657205217,57
244,-124,8876,61936,471,289,37,657205728,57
272,-74,8884,61920,474,289,32,657206238,57
272,-74,8884,61904,476,295,21,657206748,57
168,-66,8904,61920,473,293,16,657207259,57
200,-74,8884,61920,461,283,18,657207769,57
200,-74,8884,61952,454,282,20,657208279,57
204,-52,8874,61920,459,278,29,657208790,57
204,-52,8874,61952,465,274,42,657209300,57
190,-74,8952,61952,464,289,54,657209810,57
190,-74,8952,61920,466,296,59,657210321,57
182,-90,8894,61920,471,292,53,657210831,57
182,-90,8894,61936,467,281,50,657211341,57
192,-106,8884,61936,455,277,51,657211852,57
192,-106,8884,61936,446,282,57,657212362,57
226,-86,8912,61936,442,292,56,657212872,57
226,-86,8912,61968,446,290,54,657213383,57
210,-78,8856,61936,446,274,48,657213897,57
210,-78,8856,61904,446,268,41,657214408,57
216,-64,8870,61904,447,266,37,657214918,57
216,-64,8870,61936,439,268,37,657215428,57
252,-40,8868,61936,442,268,34,657215939,57
252,-40,8868,61936,447,268,31,657216449,57
236,-44,8894,61904,452,276,28,657216963,57
236,-44,8894,61952,450,273,30,657217474,57
186,-102,8860,61952,452,267,35,657217984,57
186,-102,8860,61920,458,266,44,657218494,57
232,-136,8762,61920,451,264,36,657219006,57
232,-136,8762,61920,450,265,25,657219521,57
246,-142,8840,61920,459,276,25,657220031,57
246,-142,8840,61952,459,293,33,657220544,57
248,-110,8840,61920,462,297,39,657221055,57
248,-110,8840,61952,459,293,49,657221565,57
194,-160,8810,61952,455,289,59,657222077,57
194,-160,8810,61920,456,279,59,657222588,57
132,-168,8912,61936,451,275,41,657223098,57
132,-168,8912,61904,448,279,29,657223609,57
208,-106,8872,61904,445,290,26,657224119,57
276,-110,8836,61904,448,289,14,657444365,57
276,-110,8836,61936,455,290,12,657444875,57
228,-88,8842,61952,449,289,18,657445385,57
228,-88,8842,61936,448,285,22,657445896,57
198,-100,8906,61952,453,287,37,657446406,57
198,-100,8906,61936,450,287,46,657446916,57
158,-134,8820,61920,445,277,56,657447427,57
192,-112,8802,61952,443,273,54,657447937,57
192,-112,8802,61952,441,274,49,657448449,57
210,-52,8860,61920,451,278,56,657448963,57
210,-52,8860,61952,456,285,59,657449473,57
170,-28,8886,61952,460,295,48,657449984,57
170,-28,8886,61952,456,296,29,657450494,57
208,-94,8848,61920,458,292,17,657451006,57
208,-94,8848,61904,463,289,25,657451516,57
216,-134,8874,61904,461,283,38,657452031,57
216,-134,8874,61904,460,286,43,657452541,57
234,-106,8860,61936,458,289,42,657453051,57
234,-106,8860,61936,455,283,38,657453561,57
254,-132,8856,61904,448,279,34,657454074,57
254,-132,8856,61936,441,274,35,657454588,57
268,-78,8878,61936,447,281,38,657455098,57
268,-78,8878,61936,462,283,47,657455610,57
242,-90,8884,61904,467,280,57,657456121,57
242,-90,8884,61936,470,272,59,657456631,57
170,-88,8838,61920,471,279,63,657457142,57
170,-88,8838,61920,465,285,58,657457652,57
244,-142,8858,61920,450,290,43,657458162,57
244,-142,8858,61920,450,300,31,657458673,57
260,-150,8828,61920,454,307,19,657459183,57
260,-150,8828,61920,452,304,18,657459694,57
240,-66,8808,61920,460,288,20,657460204,57
240,-66,8808,61920,463,277,24,657460714,57
216,-118,8786,61920,464,278,34,657461225,57
216,-118,8786,61920,464,278,36,657461735,57
260,-112,8790,61920,453,277,33,657462245,57
260,-112,8790,61952,440,274,30,657462756,57
248,-112,8882,61920,441,276,27,657463266,57
248,-112,8882,61936,449,276,25,657463776,57
198,-80,8866,61936,452,285,39,657464287,57
198,-80,8866,61936,453,288,47,657464797,57
174,-74,8820,61904,454,285,47,657465307,57
174,-74,8820,61936,457,282,47,657465818,57
220,-52,8820,61936,458,289,45,657466328,57
220,-52,8820,61936,459,295,51,657466838,57
248,-44,8896,61936,457,300,53,657467349,57
248,-44,8896,61936,458,300,39,657467859,57
200,-80,8824,61968,454,296,32,657468370,57
200,-80,8824,61936,446,292,27,657468880,57
218,-74,8832,61936,445,289,32,657469390,57
218,-74,8832,61936,445,296,36,657469901,57
226,-66,8866,61920,447,301,27,657470411,57
226,-66,8866,61936,446,298,19,657470921,57
188,-46,8854,61888,448,285,18,657471432,57
188,-46,8854,61904,447,279,22,657471942,57
188,-102,8830,61920,447,279,27,657472453,57
192,-124,8874,61952,451,280,24,657472967,57
192,-124,8874,61920,458,289,26,657473477,57
206,-40,8908,61920,470,302,33,657473988,57
206,-40,8908,61920,476,303,38,657474500,57
220,-80,8808,61920,471,294,33,657475011,57
220,-80,8808,61952,465,285,30,657475521,57
170,-122,8848,61936,463,290,23,657476035,57
170,-122,8848,61968,469,305,26,657476546,57
196,-114,8826,61936,461,312,26,657477056,57
196,-114,8826,61904,451,297,31,657477566,57
226,-84,8870,61936,444,287,28,657478078,57
226,-84,8870,61904,444,277,25,657478593,57
226,-96,8856,61904,451,276,29,657479103,57
226,-96,8856,61936,457,277,31,657479617,57
220,-94,8862,61936,467,281,33,657480127,57
220,-94,8862,61904,464,294,34,657480638,57
240,-72,8868,61968,467,295,29,657481148,57
240,-72,8868,61920,455,287,22,657481658,57
242,-102,8862,61920,454,283,29,657482169,57
242,-102,8862,61952,447,285,38,657482679,57
176,-104,8836,61952,441,284,45,657483189,57
176,-104,8836,61888,441,275,47,657483700,57
228,-126,8780,61920,437,261,48,657484210,57
228,-126,8780,61920,444,260,44,657484720,57
256,-100,8882,61888,451,265,41,657485231,57
256,-100,8882,61952,457,266,45,657485741,57
268,-76,8914,61952,456,266,50,657486251,57
268,-76,8914,61920,452,275,56,657486762,57
240,-80,8860,61920,453,292,57,657487272,57
240,-80,8860,61920,444,306,55,657487783,57
192,-122,8770,61936,445,306,41,657488293,57
192,-122,8770,61936,455,299,37,657488803,57
190,-92,8806,61904,459,298,42,657489314,57
190,-92,8806,61936,461,293,44,657489824,57
216,-58,8892,61936,465,281,42,657490334,57
216,-58,8892,61936,457,268,38,657490845,57
222,-100,8874,61936,461,264,23,657491355,57
222,-100,8874,61936,462,266,23,657491865,57
210,-108,8852,61936,466,274,20,657492376,57
210,-108,8852,61936,461,279,22,657492886,57
272,-100,8842,61936,451,288,20,657493397,57
272,-100,8842,61904,455,291,24,657493907,57
242,-126,8792,61920,454,280,30,657494417,57
242,-126,8792,61936,451,278,27,657494928,57
242,-96,8824,61920,449,283,19,657495438,57
242,-96,8824,61936,450,285,19,657495948,57
240,-78,8830,61920,457,291,10,657496459,57
236,-92,8836,61920,447,303,15,657496973,57
236,-92,8836,61952,437,304,31,657497483,57
216,-98,8820,61920,438,297,35,657497994,57
216,-98,8820,61920,430,291,35,657498506,57
170,-96,8888,61952,432,289,34,657499017,57
170,-96,8888,61920,449,285,35,657499527,57
204,-78,8856,61920,458,272,50,657500041,57
204,-78,8856,61904,456,268,51,657500551,57
252,-108,8860,61936,452,275,50,657501064,57
252,-108,8860,61936,449,277,51,657501574,57
186,-84,8904,61904,446,283,46,657502086,57
186,-84,8904,61936,444,285,45,657502600,57
232,-96,8906,61968,449,291,39,657503111,57
232,-96,8906,61936,450,293,37,657503624,57
226,-82,8886,61936,446,287,42,657504135,57
226,-82,8886,61936,440,292,40,657504645,57
186,-80,8892,61936,440,299,32,657505155,57
186,-80,8892,61936,453,299,32,657505666,57
174,-134,8822,61952,460,298,36,657506176,57
174,-134,8822,61920,452,304,39,657506687,57
184,-140,8812,61920,444,303,37,657507197,57
184,-140,8812,61920,438,301,41,657507707,57
216,-78,8818,61920,435,292,41,657508217,57
216,-78,8818,61920,438,282,33,657508728,57
184,-120,8832,61920,442,276,26,657509238,57
184,-120,8832,61920,448,270,28,657509748,57
204,-128,8818,61920,451,280,36,657510259,57
204,-128,8818,61888,451,292,50,657510769,57
254,-90,8814,61920,453,304,59,657511280,57
254,-90,8814,61920,467,310,57,657511790,57
222,-78,8876,61920,474,307,52,657512300,57
222,-78,8876,61936,460,297,47,657512811,57
246,-122,8832,61920,449,290,38,657737608,57
246,-122,8832,61936,444,302,29,657738119,57
198,-120,8836,61952,457,301,19,657738629,57
198,-120,8836,61936,460,294,23,657739139,57
260,-96,8766,61920,454,273,24,657739649,57
244,-80,8850,61920,444,269,31,657740160,57
244,-80,8850,61920,442,269,31,657740674,57
196,-64,8902,61920,437,276,34,657741184,57
196,-64,8902,61888,435,286,44,657741695,57
138,-114,8880,61920,435,283,49,657742205,57
138,-114,8880,61952,439,285,45,657742715,57
200,-100,8826,61936,447,305,51,657743226,57
200,-100,8826,61936,454,315,48,657743736,57
206,-146,8842,61936,455,311,46,657744246,57
206,-146,8842,61936,458,302,29,657744757,57
138,-86,8812,61936,461,295,27,657745267,57
138,-86,8812,61936,455,292,18,657745778,57
196,-40,8840,61968,448,285,13,657746288,57
196,-40,8840,61936,438,275,18,657746798,57
178,-50,8866,61936,437,274,27,657747309,57
178,-50,8866,61936,443,282,38,657747819,57
158,-36,8896,61904,448,291,41,657748329,57
158,-36,8896,61936,462,296,33,657748840,57
208,-92,8862,61904,473,302,23,657749350,57
208,-92,8862,61920,474,300,24,657749860,57
242,-58,8878,61952,468,292,29,657750371,57
242,-58,8878,61920,460,281,25,657750881,57
206,-60,8876,61952,459,266,28,657751392,57
206,-60,8876,61952,463,251,39,657751902,57
210,-124,8820,61952,466,254,40,657752412,57
210,-124,8820,61920,461,264,39,657752923,57
210,-88,8840,61920,459,286,35,657753433,57
210,-88,8840,61920,460,303,40,657753943,57
230,-64,8844,61920,454,311,48,657754454,57
230,-64,8844,61952,442,309,49,657754964,57
238,-90,8874,61920,442,300,42,657755474,57
238,-90,8874,61904,444,288,39,657755985,57
190,-84,8902,61936,443,287,36,657756495,57
190,-84,8902,61936,446,289,39,657757007,57
208,-100,8810,61936,448,290,45,657757518,57
208,-100,8810,61968,443,286,40,657758028,57
216,-102,8902,61904,436,286,35,657758538,57
216,-102,8902,61936,432,287,32,657759053,57
204,-132,8874,61936,434,297,40,657759563,57
204,-132,8874,61968,438,301,42,657760075,57
242,-94,8822,61936,446,300,43,657760586,57
242,-94,8822,61936,454,300,42,657761096,57
254,-128,8810,61936,465,294,40,657761611,57
254,-128,8810,61936,477,287,43,657762121,57
218,-108,8800,61920,474,268,41,657762631,57
218,-108,8800,61904,468,265,36,657763142,57
158,-100,8858,61920,446,267,28,657763652,57
212,-102,8802,61920,433,268,23,657764162,57
212,-102,8802,61920,424,280,19,657764676,57
232,-56,8850,61952,427,291,21,657765187,57
232,-56,8850,61920,443,299,24,657765698,57
186,-84,8878,61920,456,302,32,657766208,57
186,-84,8878,61920,462,304,38,657766719,57
162,-102,8846,61888,460,310,39,657767229,57
162,-102,8846,61920,464,302,38,657767739,57
204,-92,8832,61936,467,289,39,657768250,57
204,-92,8832,61936,464,284,35,657768760,57
212,-36,8826,61936,461,282,35,657769271,57
212,-36,8826,61936,455,281,35,657769781,57
192,-66,8800,61936,452,284,36,657770291,57
192,-66,8800,61904,453,284,28,657770802,57
138,-106,8838,61936,453,287,26,657771312,57
138,-106,8838,61936,449,292,33,657771822,57
184,-122,8900,61936,449,289,39,657772333,57
184,-122,8900,61936,457,283,35,657772843,57
168,-60,8880,61904,452,278,30,657773353,57
168,-60,8880,61936,445,275,28,657773864,57
166,-88,8880,61920,445,285,35,657774374,57
166,-88,8880,61920,446,289,39,657774885,57
184,-150,8774,61920,437,294,43,657775395,57
184,-150,8774,61920,433,292,41,657775905,57
186,-138,8856,61920,440,284,39,657776416,57
186,-138,8856,61952,450,281,31,657776926,57
206,-78,8780,61952,455,279,33,657777436,57
206,-78,8780,61920,462,277,32,657777947,57
192,-122,8816,61920,461,283,33,657778457,57
192,-122,8816,61952,445,294,42,657778968,57
216,-120,8868,61952,437,300,48,657779478,57
216,-120,8868,61920,438,307,48,657779988,57
244,-90,8828,61904,452,300,52,657780501,57
244,-90,8828,61904,460,297,50,657781011,57
192,-86,8866,61936,457,287,49,657781521,57
192,-86,8866,61936,461,278,42,657782032,57
150,-108,8832,61936,459,274,41,657782542,57
150,-108,8832,61936,451,275,38,657783056,57
222,-74,8800,61936,454,276,40,657783567,57
222,-74,8800,61936,458,285,40,657784079,57
206,-104,8886,61936,458,295,38,657784589,57
206,-104,8886,61936,463,303,34,657785100,57
184,-52,8886,61936,468,299,38,657785614,57
184,-52,8886,61936,464,285,28,657786124,57
218,-110,8870,61920,455,286,34,657786635,57
218,-110,8870,61936,461,289,41,657787145,57
240,-122,8850,61920,457,301,39,657787655,57
240,-122,8850,61904,452,298,44,657788166,57
200,-68,8834,61920,460,293,42,657788680,57
160,-64,8868,61920,473,280,29,657789190,57
160,-64,8868,61952,472,274,18,657789703,57
184,-112,8846,61952,467,276,16,657790213,57
184,-112,8846,61952,457,284,23,657790724,57
212,-116,8822,61920,449,281,31,657791234,57
212,-116,8822,61920,442,281,33,657791744,57
236,-76,8820,61920,440,284,22,657792255,57
236,-76,8820,61936,440,291,13,657792765,57
228,-88,8834,61936,446,297,11,657793275,57
228,-88,8834,61936,449,296,8,657793786,57
216,-84,8884,61936,448,294,9,657794296,57
216,-84,8884,61936,446,294,9,657794806,57
252,-96,8838,61936,448,293,16,657795317,57
252,-96,8838,61904,452,288,29,657795827,57
224,-112,8834,61936,453,285,37,657796338,57
224,-112,8834,61936,446,272,39,657796848,57
190,-80,8832,61904,446,260,38,657797358,57
190,-80,8832,61904,449,253,40,657797869,57
198,-108,8850,61904,452,262,46,657798379,57
198,-108,8850,61920,453,273,38,657798889,57
236,-110,8796,61952,460,282,35,657799400,57
236,-110,8796,61984,466,283,28,657799910,57
224,-94,8798,61952,461,284,25,657800420,57
224,-94,8798,61920,456,283,33,657800931,57
182,-98,8828,61888,452,278,40,657801443,57
182,-98,8828,61920,455,285,48,657801953,57
224,-78,8836,61952,449,286,45,657802464,57
224,-78,8836,61952,445,289,35,657802974,57
252,-124,8840,61920,446,292,27,657803484,57
252,-124,8840,61920,450,294,20,657803995,57
224,-144,8798,61920,447,284,21,657804507,57
224,-144,8798,61936,445,281,36,657805017,57
206,-124,8850,61936,448,278,37,657805528,57
178,-82,8832,61936,442,300,35,658077483,57
178,-82,8832,61936,441,292,34,658077993,57
270,-58,8794,61936,445,290,36,658078506,57
270,-58,8794,61936,448,289,35,658079016,57
214,-102,8838,61936,453,281,39,658079526,57
214,-102,8838,61936,451,272,42,658080037,57
174,-94,8882,61936,443,272,43,658080547,57
174,-94,8882,61936,436,277,45,658081057,57
190,-90,8814,61936,439,279,44,658081568,57
190,-90,8814,61936,432,278,44,658082080,57
212,-80,8848,61904,430,284,40,658082590,57
212,-80,8848,61936,431,287,31,658083100,57
226,-112,8806,61920,428,278,27,658083611,57
226,-112,8806,61952,427,275,22,658084121,57
176,-88,8838,61952,430,276,29,658084631,57
176,-88,8838,61952,444,279,38,658085146,57
220,-66,8904,61920,457,289,42,658085656,57
220,-66,8904,61920,460,298,45,658086167,57
220,-124,8834,61920,457,306,43,658086677,57
220,-124,8834,61920,449,303,43,658087187,57
126,-116,8794,61888,445,303,43,658087698,57
126,-116,8794,61888,436,302,41,658088212,57
198,-106,8812,61952,433,313,38,658088722,57
198,-106,8812,61936,441,310,37,658089233,57
216,-88,8810,61936,445,301,38,658089743,57
216,-88,8810,61936,452,298,39,658090253,57
224,-84,8916,61936,459,294,39,658090768,57
224,-84,8916,61936,465,282,21,658091278,57
164,-116,8880,61904,471,278,15,658091792,57
164,-116,8880,61936,461,286,13,658092302,57
200,-110,8844,61936,452,296,13,658092813,57
200,-110,8844,61904,441,301,27,658093323,57
254,-108,8838,61904,435,304,34,658093834,57
254,-108,8838,61936,434,302,32,658094344,57
236,-96,8838,61904,441,295,35,658094854,57
236,-96,8838,61936,450,281,33,658095364,57
208,-66,8828,61952,458,272,26,658095875,57
208,-66,8828,61936,461,271,28,658096385,57
234,-100,8866,61920,462,266,31,658096895,57
234,-100,8866,61936,461,270,36,658097406,57
206,-94,8868,61952,463,276,35,658097916,57
162,-112,8832,61888,462,287,30,658098427,57
162,-112,8832,61920,457,295,29,658098937,57
200,-100,8884,61888,450,297,23,658099449,57
200,-100,8884,61888,444,295,28,658099959,57
236,-152,8888,61920,442,291,38,658100469,57
236,-152,8888,61952,445,289,35,658100980,57
212,-108,8886,61904,460,293,34,658101490,57
212,-108,8886,61936,460,294,36,658102002,57
164,-86,8840,61936,452,296,40,658102513,57
164,-86,8840,61904,448,299,46,658103023,57
168,-128,8894,61936,443,293,48,658103533,57
168,-128,8894,61936,444,296,47,658104044,57
220,-84,8918,61872,450,305,45,658104554,57
220,-84,8918,61904,460,307,38,658105066,57
206,-92,8894,61904,465,302,38,658105576,57
206,-92,8894,61936,461,302,38,658106088,57
196,-98,8848,61936,457,306,32,658106599,57
196,-98,8848,61936,445,307,34,658107109,57
234,-100,8790,61936,445,304,37,658107619,57
234,-100,8790,61920,447,291,38,658108130,57
224,-88,8898,61952,449,284,38,658108640,57
224,-88,8898,61952,456,276,34,658109154,57
174,-76,8916,61920,465,266,33,658109665,57
174,-76,8916,61920,471,266,28,658110175,57
164,-88,8894,61920,463,269,23,658110685,57
164,-88,8894,61920,449,281,18,658111196,57
202,-102,8846,61952,438,289,26,658111706,57
202,-102,8846,61920,440,294,35,658112220,57
262,-108,8824,61920,445,296,37,658112731,57
262,-108,8824,61888,437,284,35,658113241,57
208,-100,8776,61936,433,280,25,658113751,57
208,-100,8776,61936,441,285,28,658114262,57
190,-122,8746,61936,444,290,30,658114776,57
190,-122,8746,61936,433,290,29,658115286,57
260,-82,8824,61904,433,292,31,658115800,57
260,-82,8824,61936,441,294,31,658116310,57
266,-98,8842,61904,446,289,29,658116821,57
266,-98,8842,61936,448,282,30,658117331,57
230,-148,8794,61936,447,274,32,658117842,57
230,-148,8794,61936,445,274,37,658118352,57
196,-134,8796,61936,445,279,44,658118863,57
196,-134,8796,61936,443,283,46,658119373,57
228,-70,8788,61920,443,285,40,658119883,57
228,-70,8788,61936,452,293,40,658120394,57
212,-72,8874,61920,453,299,28,658120904,57
212,-72,8874,61936,447,301,30,658121414,57
180,-90,8924,61920,438,298,32,658121925,57
176,-72,8844,61920,452,290,29,658122435,57
176,-72,8844,61920,460,288,28,658122945,57
256,-30,8822,61920,466,289,31,658123456,57
256,-30,8822,61920,464,293,36,658123966,57
186,-86,8878,61952,458,301,35,658124476,57
186,-86,8878,61920,449,300,33,658124987,57
132,-78,8896,61920,444,299,33,658125499,57
132,-78,8896,61936,447,293,30,658126011,57
176,-120,8906,61904,455,290,34,658126521,57
176,-120,8906,61936,466,286,31,658127031,57
190,-124,8856,61968,467,277,29,658127542,57
190,-124,8856,61904,463,262,35,658128052,57
176,-98,8810,61936,457,256,49,658128563,57
176,-98,8810,61936,457,260,52,658129075,57
210,-76,8862,61968,457,266,39,658129585,57
210,-76,8862,61936,445,270,31,658130095,57
240,-8,8838,61904,434,273,33,658130606,57
240,-8,8838,61904,444,281,35,658131116,57
236,-114,8802,61936,458,288,48,658131626,57
236,-114,8802,61936,457,290,55,658132137,57
178,-136,8862,61888,456,285,52,658132647,57
178,-136,8862,61920,451,288,40,658133161,57
218,-118,8820,61920,451,289,32,658133672,57
218,-118,8820,61920,444,284,24,658134182,57
242,-110,8826,61920,441,284,27,658134692,57
242,-110,8826,61952,438,288,31,658135203,57
184,-106,8886,61920,442,287,41,658135713,57
184,-106,8886,61920,449,293,44,658136228,57
190,-162,8896,61920,455,298,40,658136738,57
190,-162,8896,61920,451,299,42,658137248,57
206,-138,8860,61920,443,296,44,658137758,57
206,-138,8860,61888,444,293,41,658138269,57
192,-82,8824,61936,449,291,32,658138783,57
192,-82,8824,61936,450,294,23,658139293,57
230,-90,8842,61936,455,288,18,658139808,57
230,-90,8842,61936,461,287,17,658140318,57
236,-74,8802,61904,472,287,16,658140828,57
236,-74,8802,61936,469,285,24,658141339,57
212,-44,8776,61872,468,282,38,658141849,57
212,-44,8776,61936,467,272,47,658142359,57
232,-84,8818,61936,465,264,46,658142870,57
232,-84,8818,61904,459,261,45,658143380,57
192,-108,8834,61936,464,253,34,658143891,57
192,-108,8834,61936,464,248,25,658144401,57
228,-116,8802,61920,454,263,24,658144911,57
228,-116,8802,61904,454,273,27,658145421,57
258,-94,8810,61920,471,286,33,658145932,57
236,-74,8838,61920,442,292,45,663046513,57
236,-74,8838,61936,440,288,41,663047023,57
240,-116,8870,61936,445,286,42,663047534,57
240,-116,8870,61936,452,286,42,663048044,57
216,-118,8862,61936,454,291,42,663048554,57
216,-118,8862,61936,459,292,38,663049067,57
222,-30,8858,61936,462,284,34,663049577,57
222,-30,8858,61936,470,277,37,663050089,57
226,-52,8852,61904,467,277,37,663050599,57
226,-52,8852,61936,457,281,32,663051110,57
210,-86,8834,61968,446,280,32,663051620,57
210,-86,8834,61936,446,269,35,663052130,57
216,-122,8784,61936,449,253,41,663052641,57
216,-122,8784,61936,445,251,44,663053151,57
242,-56,8810,61920,444,262,33,663053661,57
242,-56,8810,61936,452,276,25,663054172,57
170,-88,8872,61920,454,287,16,663054682,57
170,-88,8872,61936,445,283,12,663055192,57
236,-108,8830,61952,447,271,11,663055703,57
236,-60,8802,61952,449,262,13,663056213,57
236,-60,8802,61920,453,262,24,663056725,57
212,-90,8844,61952,451,277,29,663057236,57
212,-90,8844,61952,458,282,33,663057746,57
240,-84,8862,61920,454,284,38,663058256,57
240,-84,8862,61952,449,290,44,663058767,57
236,-84,8874,61920,447,296,51,663059281,57
236,-84,8874,61936,449,292,45,663059791,57
236,-102,8882,61936,456,291,36,663060302,57
236,-102,8882,61968,458,294,24,663060812,57
226,-74,8944,61904,462,287,20,663061322,57
226,-74,8944,61904,465,275,24,663061833,57
196,-104,8866,61936,470,272,34,663062347,57
196,-104,8866,61936,468,272,41,663062857,57
192,-110,8850,61936,457,278,47,663063369,57
192,-110,8850,61968,444,284,54,663063879,57
200,-76,8866,61936,434,284,54,663064389,57
200,-76,8866,61904,435,290,51,663064900,57
194,-78,8850,61936,440,297,48,663065410,57
194,-78,8850,61952,454,296,27,663065920,57
234,-126,8846,61952,453,297,11,663066431,57
234,-126,8846,61920,449,292,8,663066941,57
202,-128,8836,61952,447,274,9,663067451,57
202,-128,8836,61952,446,266,21,663067962,57
242,-68,8880,61952,451,260,36,663068472,57
242,-68,8880,61984,466,262,48,663068982,57
180,-92,8846,61920,470,272,45,663069493,57
180,-92,8846,61920,467,284,38,663070005,57
194,-96,8756,61920,471,298,40,663070516,57
194,-96,8756,61920,471,294,45,663071026,57
254,-78,8802,61952,458,288,51,663071536,57
254,-78,8802,61904,444,279,56,663072046,57
194,-100,8878,61936,445,282,60,663072557,57
194,-100,8878,61904,447,287,51,663073069,57
180,-82,8900,61936,441,298,40,663073579,57
180,-82,8900,61904,440,307,27,663074091,57
204,-70,8854,61936,448,302,26,663074601,57
204,-70,8854,61968,462,295,26,663075111,57
224,-56,8808,61936,468,285,29,663075622,57
224,-56,8808,61904,465,281,37,663076132,57
236,-34,8906,61936,461,283,46,663076643,57
236,-34,8906,61904,447,290,57,663077153,57
236,-96,8876,61904,436,301,64,663077663,57
236,-96,8876,61904,436,300,57,663078174,57
240,-86,8820,61920,446,292,48,663078684,57
240,-86,8820,61936,454,289,51,663079194,57
224,-64,8846,61952,472,301,47,663079705,57
140,-96,8876,61952,476,305,47,663080215,57
140,-96,8876,61952,468,304,44,663080729,57
154,-126,8810,61920,457,299,41,663081240,57
154,-126,8810,61920,453,291,30,663081750,57
208,-76,8806,61952,454,285,16,663082260,57
208,-76,8806,61920,450,279,16,663082771,57
230,-64,8806,61952,455,279,27,663083281,57
230,-64,8806,61920,462,269,31,663083795,57
250,-44,8812,61936,463,267,39,663084306,57
250,-44,8812,61936,461,273,40,663084816,57
282,-80,8788,61936,457,277,36,663085326,57
282,-80,8788,61904,446,284,37,663085837,57
264,-54,8948,61904,443,288,27,663086351,57
264,-54,8948,61936,442,287,22,663086861,57
246,-68,8896,61936,447,291,22,663087375,57
246,-68,8896,61936,448,293,23,663087886,57
200,-114,8846,61968,440,294,29,663088396,57
200,-114,8846,61936,434,290,37,663088906,57
264,-86,8882,61936,438,284,38,663089417,57
264,-86,8882,61936,444,288,36,663089927,57
274,-78,8866,61920,431,291,37,663090438,57
274,-78,8866,61920,427,294,35,663090948,57
192,-84,8806,61952,433,294,41,663091458,57
192,-84,8806,61920,436,294,32,663091969,57
164,-108,8804,61920,441,283,26,663092479,57
164,-108,8804,61952,448,274,26,663092989,57
252,-104,8848,61952,462,270,28,663093502,57
252,-104,8848,61920,468,278,26,663094012,57
266,-74,8878,61920,469,292,25,663094522,57
266,-74,8878,61952,471,305,26,663095033,57
174,-60,8856,61952,462,302,32,663095543,57
174,-60,8856,61952,453,297,38,663096053,57
190,-64,8830,61936,445,287,39,663096564,57
190,-64,8830,61936,446,287,42,663097076,57
214,-62,8804,61936,449,296,37,663097586,57
214,-62,8804,61936,455,304,40,663098097,57
244,-74,8860,61968,460,308,36,663098607,57
244,-74,8860,61968,458,303,33,663099117,57
200,-92,8908,61936,451,287,31,663099628,57
200,-92,8908,61936,450,278,33,663100138,57
228,-96,8916,61936,451,279,33,663100648,57
228,-96,8916,61904,456,283,35,663101159,57
244,-58,8854,61936,461,284,46,663101669,57
244,-58,8854,61936,458,279,56,663102179,57
222,-104,8824,61952,456,273,53,663102690,57
222,-104,8824,61936,449,273,38,663103200,57
212,-102,8782,61952,445,275,22,663103710,57
212,-102,8782,61968,445,283,16,663104221,57
240,-120,8820,61920,440,295,13,663104735,57
226,-116,8932,61952,441,300,17,663105245,57
226,-116,8932,61952,455,301,20,663105755,57
182,-100,8974,61920,453,297,24,663106266,57
182,-100,8974,61920,447,290,20,663106776,57
154,-106,8826,61920,448,277,23,663107287,57
154,-106,8826,61920,443,265,34,663107801,57
230,-86,8828,61952,435,270,27,663108311,57
230,-86,8828,61936,435,280,23,663108822,57
266,-64,8780,61936,443,279,22,663109332,57
266,-64,8780,61904,444,278,21,663109842,57
210,-70,8812,61936,442,279,29,663110357,57
210,-70,8812,61936,447,282,35,663110867,57
192,-94,8880,61936,450,282,42,663111381,57
192,-94,8880,61904,446,281,51,663111891,57
234,-68,8920,61936,444,277,54,663112401,57
234,-68,8920,61936,453,274,50,663112912,57
242,-36,8922,61904,461,284,44,663113422,57
242,-36,8922,61936,459,289,35,663113933,57
170,-70,8908,61936,459,275,29,663114445,57
170,-70,8908,61920,464,270,37,663114955,57
200,-96,8912,61984,457,262,35,663115466,57
216,-46,8860,61920,448,274,21,663329133,57
218,-92,8848,61920,443,284,23,663329643,57
218,-92,8848,61952,442,284,31,663330154,57
218,-120,8820,61952,447,288,30,663330664,57
218,-120,8820,61952,450,296,27,663331174,57
250,-94,8818,61952,453,308,23,663331685,57
250,-94,8818,61920,448,304,24,663332195,57
240,-70,8826,61920,451,286,22,663332705,57
240,-70,8826,61920,456,270,24,663333216,57
264,-78,8832,61920,459,268,25,663333726,57
264,-78,8832,61920,460,281,31,663334236,57
192,-86,8852,61936,456,292,29,663334747,57
192,-86,8852,61936,456,290,32,663335257,57
194,-112,8822,61904,459,279,44,663335767,57
194,-112,8822,61936,455,281,45,663336278,57
210,-98,8862,61936,450,281,50,663336788,57
210,-98,8862,61936,451,278,54,663337298,57
184,-74,8816,61936,449,275,51,663337813,57
184,-74,8816,61968,453,278,45,663338323,57
174,-78,8812,61936,459,286,38,663338833,57
174,-78,8812,61904,466,288,33,663339344,57
200,-94,8798,61936,467,287,34,663339854,57
200,-94,8798,61936,459,293,25,663340364,57
174,-72,8830,61952,448,299,14,663340879,57
174,-72,8830,61936,448,295,19,663341389,57
158,-30,8858,61920,441,288,25,663341899,57
158,-30,8858,61936,438,283,23,663342410,57
184,-52,8830,61920,448,283,17,663342920,57
160,-34,8822,61952,452,288,13,663343434,57
160,-34,8822,61920,451,288,20,663343945,57
164,-52,8800,61920,449,279,21,663344459,57
164,-52,8800,61920,452,279,20,663344969,57
194,-128,8886,61920,450,277,23,663345479,57
194,-128,8886,61952,444,265,22,663345990,57
188,-100,8830,61952,442,258,29,663346502,57
188,-100,8830,61904,457,266,41,663347012,57
258,-98,8826,61936,468,289,47,663347523,57
258,-98,8826,61936,463,300,60,663348033,57
248,-94,8862,61936,464,298,58,663348543,57
248,-94,8862,61936,465,288,55,663349054,57
204,-112,8774,61936,462,286,62,663349564,57
204,-112,8774,61936,465,279,58,663350076,57
198,-68,8766,61968,457,273,54,663350587,57
198,-68,8766,61936,443,271,47,663351097,57
234,-78,8828,61936,433,273,41,663351607,57
234,-78,8828,61968,432,277,35,663352118,57
206,-86,8844,61968,441,285,28,663352628,57
206,-86,8844,61920,448,290,21,663353138,57
232,-44,8896,61920,448,302,22,663353649,57
232,-44,8896,61952,451,299,20,663354159,57
224,-70,8920,61920,461,300,21,663354669,57
224,-70,8920,61952,458,295,25,663355180,57
236,-76,8828,61920,438,286,23,663355690,57
236,-76,8828,61920,432,288,29,663356200,57
194,-92,8816,61920,435,290,33,663356711,57
194,-92,8816,61952,452,292,27,663357221,57
146,-102,8784,61920,467,290,26,663357731,57
146,-102,8784,61952,464,300,30,663358242,57
182,-140,8824,61920,458,301,29,663358752,57
182,-140,8824,61920,448,294,26,663359263,57
216,-96,8860,61936,429,287,30,663359773,57
216,-96,8860,61936,427,272,38,663360283,57
176,-126,8894,61904,433,260,42,663360794,57
176,-126,8894,61904,442,259,36,663361304,57
192,-134,8828,61936,444,271,33,663361814,57
192,-134,8828,61936,455,283,33,663362325,57
220,-72,8804,61936,464,289,34,663362835,57
220,-72,8804,61904,477,290,35,663363345,57
186,-68,8838,61936,476,293,33,663363856,57
186,-68,8838,61936,466,279,35,663364366,57
200,-64,8830,61936,453,266,38,663364880,57
200,-64,8830,61936,451,259,35,663365392,57
218,-98,8812,61952,439,267,34,663365902,57
218,-98,8812,61968,432,279,29,663366412,57
242,-70,8846,61984,436,293,38,663366923,57
242,-70,8846,61936,434,298,45,663367433,57
204,-54,8776,61920,446,284,56,663367943,57
204,-82,8842,61920,460,280,57,663368457,57
204,-82,8842,61920,464,280,44,663368968,57
288,-84,8916,61920,466,283,34,663369478,57
288,-84,8916,61920,466,281,23,663369989,57
220,-112,8868,61952,463,284,17,663370501,57
220,-112,8868,61952,462,284,16,663371011,57
174,-106,8908,61920,460,285,26,663371522,57
174,-106,8908,61936,461,280,40,663372032,57
148,-112,8902,61936,463,282,40,663372542,57
148,-112,8902,61936,458,293,36,663373053,57
244,-68,8898,61904,460,294,34,663373563,57
244,-68,8898,61936,463,288,41,663374075,57
192,-72,8888,61904,463,285,45,663374586,57
192,-72,8888,61936,464,276,47,663375096,57
156,-74,8846,61936,454,275,33,663375606,57
156,-74,8846,61968,435,286,19,663376117,57
208,-66,8860,61936,435,287,18,663376627,57
208,-66,8860,61904,440,284,26,663377137,57
206,-38,8842,61936,444,288,27,663377648,57
206,-38,8842,61920,454,286,38,663378158,57
220,-36,8802,61952,461,283,38,663378668,57
220,-36,8802,61952,463,282,39,663379179,57
196,-108,8816,61920,454,283,41,663379689,57
196,-108,8816,61920,450,281,36,663380200,57
256,-96,8846,61952,449,277,31,663380710,57
256,-96,8846,61920,451,279,35,663381220,57
276,-56,8878,61952,454,286,38,663381731,57
276,-56,8878,61952,465,293,46,663382241,57
254,-102,8870,61920,460,297,52,663382751,57
254,-102,8870,61920,451,296,40,663383262,57
168,-66,8874,61952,453,292,35,663383772,57
168,-66,8874,61920,461,290,26,663384282,57
204,-78,8808,61936,470,285,22,663384793,57
204,-78,8808,61936,475,284,24,663385303,57
226,-124,8806,61936,480,287,27,663385813,57
226,-124,8806,61936,473,289,36,663386324,57
182,-124,8822,61936,463,291,44,663386838,57
182,-124,8822,61936,461,289,41,663387349,57
180,-98,8796,61936,464,285,36,663387859,57
180,-98,8796,61936,466,287,34,663388369,57
236,-92,8810,61936,460,282,34,663388880,57
236,-92,8810,61904,459,283,33,663389394,57
192,-60,8822,61936,458,294,35,663389904,57
192,-60,8822,61936,451,304,35,663390415,57
168,-60,8832,61920,450,308,27,663390925,57
168,-60,8832,61936,452,304,23,663391436,57
170,-88,8862,61920,459,293,34,663391946,57
170,-88,8862,61936,459,292,36,663392460,57
196,-96,8872,61952,459,291,35,663392970,57
158,-82,8800,61952,464,281,36,663393482,57
158,-82,8800,61952,463,271,26,663393993,57
194,-106,8762,61920,462,268,20,663394505,57
194,-106,8762,61888,457,277,31,663395015,57
198,-56,8818,61888,453,280,39,663395526,57
224,-74,8844,61936,440,304,55,663616281,57
222,-28,8822,61904,456,300,47,663616792,57
222,-28,8822,61936,453,286,35,663617302,57
152,-104,8840,61936,459,271,23,663617812,57
152,-104,8840,61936,465,270,22,663618323,57
190,-86,8838,61968,467,280,29,663618833,57
190,-86,8838,61936,465,290,37,663619343,57
298,-54,8864,61920,457,293,39,663619854,57
298,-54,8864,61952,453,284,36,663620364,57
282,-100,8866,61920,455,279,29,663620874,57
282,-100,8866,61952,457,279,18,663621385,57
188,-128,8920,61920,456,280,18,663621895,57
188,-128,8920,61952,449,271,30,663622405,57
152,-108,8928,61920,443,270,39,663622920,57
152,-108,8928,61920,440,277,33,663623430,57
202,-80,8898,61920,442,288,33,663623941,57
202,-80,8898,61920,448,294,29,663624451,57
216,-64,8852,61920,446,295,33,663624961,57
216,-64,8852,61920,452,295,33,663625475,57
236,-126,8832,61936,450,299,29,663625986,57
236,-126,8832,61936,445,300,32,663626496,57
256,-118,8880,61936,444,294,32,663627009,57
256,-118,8880,61936,448,289,31,663627519,57
248,-110,8894,61936,445,289,41,663628029,57
248,-110,8894,61968,449,287,49,663628543,57
170,-124,8826,61936,457,291,44,663629054,57
170,-124,8826,61936,460,282,43,663629566,57
166,-92,8796,61936,467,275,42,663630078,57
166,-92,8796,61936,466,276,38,663630589,57
204,-90,8780,61936,461,276,38,663631099,57
204,-90,8780,61968,457,274,40,663631609,57
186,-50,8820,61952,442,278,40,663632120,57
186,-50,8820,61936,432,280,44,663632630,57
180,-54,8858,61920,433,286,44,663633140,57
180,-54,8858,61936,434,292,46,663633651,57
180,-98,8826,61920,431,293,50,663634161,57
272,-120,8828,61920,426,290,48,663634671,57
272,-120,8828,61920,425,284,44,663635182,57
210,-116,8906,61920,426,286,41,663635692,57
210,-116,8906,61920,430,290,31,663636202,57
192,-92,8864,61920,435,295,36,663636713,57
192,-92,8864,61952,443,300,43,663637223,57
190,-86,8890,61920,457,301,52,663637733,57
190,-86,8890,61936,465,292,56,663638244,57
208,-64,8872,61936,466,293,47,663638754,57
208,-64,8872,61936,460,299,31,663639264,57
178,-48,8826,61904,448,302,22,663639775,57
178,-48,8826,61936,443,295,21,663640285,57
198,-66,8806,61968,438,288,23,663640796,57
198,-66,8806,61936,441,271,23,663641306,57
234,-74,8826,61968,451,269,26,663641816,57
234,-74,8826,61936,456,275,28,663642327,57
280,-68,8848,61936,453,283,26,663642837,57
280,-68,8848,61936,448,291,28,663643347,57
200,-58,8796,61936,449,292,27,663643858,57
200,-58,8796,62000,447,284,33,663644368,57
146,-100,8846,61920,439,277,30,663644879,57
146,-100,8846,61920,437,277,24,663645389,57
258,-92,8902,61920,445,279,28,663645899,57
258,-92,8902,61920,454,283,33,663646409,57
252,-96,8886,61952,460,281,31,663646920,57
252,-96,8886,61952,461,284,37,663647430,57
208,-106,8840,61952,446,287,41,663647941,57
208,-106,8840,61920,435,291,47,663648451,57
198,-64,8848,61952,435,288,40,663648961,57
198,-64,8848,61920,441,290,32,663649472,57
188,-88,8862,61952,446,289,32,663649986,57
188,-88,8862,61920,451,286,37,663650497,57
148,-68,8892,61936,449,289,44,663651009,57
148,-68,8892,61968,451,292,46,663651519,57
174,-74,8774,61936,450,295,46,663652029,57
174,-74,8774,61968,455,292,40,663652540,57
200,-104,8824,61968,458,285,40,663653050,57
200,-104,8824,61936,454,289,38,663653564,57
238,-126,8870,61904,451,288,36,663654076,57
238,-126,8870,61904,450,280,32,663654587,57
208,-74,8808,61968,450,274,28,663655097,57
208,-74,8808,61936,445,275,36,663655608,57
264,-88,8820,61936,442,285,42,663656118,57
264,-88,8820,61936,449,290,50,663656628,57
260,-116,8916,61952,450,302,57,663657139,57
260,-116,8916,61936,439,305,59,663657649,57
228,-88,8856,61920,433,302,56,663658160,57
228,-88,8856,61936,438,298,51,663658670,57
202,-50,8826,61920,442,289,43,663659180,57
204,-86,8826,61952,455,289,35,663659691,57
204,-86,8826,61920,470,293,32,663660201,57
238,-80,8886,61952,478,293,28,663660711,57
238,-80,8886,61952,473,292,21,663661222,57
202,-68,8912,61952,464,293,14,663661732,57
202,-68,8912,61952,462,290,13,663662242,57
186,-104,8908,61952,450,286,21,663662753,57
186,-104,8908,61952,441,285,24,663663263,57
236,-86,8850,61904,439,285,23,663663774,57
236,-86,8850,61936,442,280,31,663664284,57
270,-82,8786,61936,444,273,33,663664794,57
270,-82,8786,61936,456,269,35,663665304,57
176,-86,8788,61904,462,279,29,663665815,57
176,-86,8788,61936,458,286,25,663666325,57
192,-84,8798,61936,449,287,21,663666836,57
192,-84,8798,61936,444,292,19,663667346,57
282,-86,8828,61936,448,301,25,663667856,57
282,-86,8828,61936,449,311,35,663668367,57
248,-100,8844,61936,454,313,41,663668877,57
248,-100,8844,61936,466,303,41,663669387,57
248,-92,8852,61952,476,284,31,663669898,57
248,-92,8852,61952,474,269,26,663670408,57
234,-108,8866,61952,467,261,28,663670918,57
234,-108,8866,61920,459,263,31,663671429,57
244,-124,8902,61920,453,274,32,663671943,57
244,-124,8902,61952,451,285,32,663672453,57
226,-92,8850,61920,453,294,26,663672964,57
226,-92,8850,61952,459,298,33,663673474,57
174,-64,8872,61952,467,305,45,663673985,57
174,-64,8872,61952,476,309,47,663674499,57
222,-66,8872,61920,468,302,45,663675011,57
222,-66,8872,61952,457,293,41,663675521,57
252,-86,8802,61936,452,288,32,663676032,57
252,-86,8802,61936,447,286,37,663676542,57
236,-84,8896,61936,447,287,41,663677052,57
236,-84,8896,61968,451,290,45,663677566,57
204,-116,8834,61936,446,292,44,663678078,57
204,-116,8834,61936,439,284,40,663678589,57
256,-152,8862,61936,434,276,35,663679099,57
256,-152,8862,61936,436,278,32,663679610,57
224,-118,8930,61936,444,285,36,663680120,57
224,-118,8930,61936,453,287,37,663680630,57
176,-108,8844,61968,464,287,29,663681141,57
176,-108,8844,61936,467,292,26,663681651,57
200,-92,8806,61920,467,292,28,663682162,57
200,-92,8806,61936,463,292,33,663682672,57
238,-142,8830,61920,452,296,37,663683182,57
238,-142,8830,61904,453,299,28,663683693,57
236,-114,8868,61952,456,300,17,663684203,57
216,-88,8878,61920,462,293,10,663684713,57
176,-80,8828,61968,470,290,49,663909514,57
186,-86,8814,61936,464,292,38,663910027,57
186,-86,8814,61936,452,286,19,663910537,57
214,-122,8852,61936,440,275,15,663911047,57
214,-122,8852,61936,440,265,30,663911558,57
192,-88,8866,61936,437,262,44,663912070,57
192,-88,8866,61936,442,271,51,663912584,57
224,-56,8798,61920,449,280,35,663913095,57
224,-56,8798,61920,449,285,22,663913605,57
240,-66,8734,61920,450,284,19,663914116,57
240,-66,8734,61920,461,279,23,663914626,57
238,-120,8766,61920,464,281,35,663915136,57
238,-120,8766,61920,449,280,49,663915650,57
220,-164,8802,61920,444,280,59,663916161,57
220,-164,8802,61952,440,278,78,663916672,57
232,-140,8858,61984,438,279,90,663917182,57
232,-140,8858,61952,437,274,81,663917693,57
248,-132,8904,61888,437,273,59,663918203,57
248,-132,8904,61920,449,276,37,663918713,57
260,-100,8864,61968,466,279,24,663919224,57
260,-100,8864,61936,458,282,16,663919734,57
204,-120,8818,61936,453,279,10,663920244,57
204,-120,8818,61936,456,272,16,663920755,57
182,-78,8834,61936,453,262,24,663921265,57
182,-78,8834,61936,453,258,28,663921775,57
198,-110,8830,61904,463,268,36,663922286,57
198,-110,8830,61904,471,274,41,663922796,57
236,-62,8848,61904,470,283,43,663923306,57
236,-62,8848,61936,469,283,44,663923817,57
210,-110,8912,61936,459,281,35,663924327,57
210,-110,8912,61936,441,284,33,663924837,57
202,-82,8896,61936,433,290,30,663925348,57
202,-82,8896,61936,434,299,31,663925858,57
234,-86,8902,61920,435,302,25,663926369,57
234,-86,8902,61936,437,302,26,663926879,57
190,-70,8940,61952,440,282,27,663927389,57
190,-70,8940,61936,444,275,28,663927900,57
180,-84,8926,61952,444,270,30,663928410,57
224,-80,8856,61952,440,272,43,663928920,57
224,-80,8856,61920,447,269,47,663929431,57
236,-122,8876,61952,447,264,36,663929941,57
236,-122,8876,61952,444,272,38,663930451,57
220,-102,8878,61920,445,283,43,663930962,57
220,-102,8878,61920,443,292,40,663931472,57
230,-66,8896,61952,440,287,40,663931983,57
230,-66,8896,61936,440,268,44,663932493,57
172,-90,8848,61936,443,265,32,663933005,57
172,-90,8848,61936,443,268,24,663933516,57
200,-68,8836,61936,442,272,18,663934030,57
200,-68,8836,61936,446,272,24,663934540,57
218,-60,8880,61936,455,270,25,663935050,57
218,-60,8880,61904,471,273,23,663935561,57
152,-118,8852,61936,472,281,26,663936073,57
152,-118,8852,61936,467,286,31,663936583,57
196,-86,8846,61936,458,288,33,663937098,57
196,-86,8846,61968,444,286,31,663937608,57
206,-54,8862,61952,444,274,23,663938118,57
206,-54,8862,61920,440,274,21,663938629,57
198,-146,8882,61920,432,289,17,663939139,57
198,-146,8882,61920,433,304,22,663939653,57
186,-112,8802,61952,443,313,30,663940164,57
186,-112,8802,61952,458,308,38,663940678,57
212,-50,8796,61920,458,301,37,663941188,57
212,-50,8796,61920,459,299,39,663941699,57
212,-38,8862,61952,460,298,47,663942209,57
212,-38,8862,61952,455,299,53,663942719,57
176,-90,8880,61952,444,298,52,663943230,57
176,-90,8880,61920,444,292,46,663943740,57
196,-108,8904,61936,457,290,39,663944250,57
196,-108,8904,61936,464,291,31,663944761,57
210,-62,8874,61936,463,289,28,663945271,57
210,-62,8874,61936,464,296,31,663945781,57
196,-84,8872,61936,461,301,30,663946292,57
196,-84,8872,61936,453,305,32,663946802,57
200,-78,8844,61968,443,308,31,663947313,57
200,-78,8844,61936,443,313,32,663947823,57
278,-100,8856,61936,441,313,38,663948333,57
278,-100,8856,61904,447,308,41,663948844,57
276,-112,8802,61936,450,300,40,663949354,57
276,-112,8802,61936,449,288,33,663949864,57
180,-144,8810,61920,455,282,25,663950375,57
180,-144,8810,61936,450,276,27,663950885,57
154,-122,8864,61952,437,272,32,663951395,57
154,-122,8864,61936,437,272,27,663951906,57
188,-106,8924,61920,440,270,26,663952416,57
190,-118,8878,61952,446,277,20,663952926,57
190,-118,8878,61952,447,290,22,663953437,57
150,-108,8838,61888,450,297,39,663953947,57
150,-108,8838,61920,452,298,44,663954457,57
192,-86,8846,61952,451,292,46,663954968,57
192,-86,8846,61920,451,278,39,663955478,57
220,-80,8896,61920,454,270,31,663955989,57
220,-80,8896,61920,458,275,30,663956501,57
188,-112,8820,61936,464,282,35,663957011,57
188,-112,8820,61936,474,288,35,663957522,57
238,-118,8834,61936,475,286,40,663958032,57
238,-118,8834,61936,462,284,43,663958542,57
270,-84,8920,61968,445,286,40,663959053,57
270,-84,8920,61904,432,285,36,663959563,57
200,-92,8886,61936,425,281,36,663960075,57
200,-92,8886,61936,424,283,44,663960586,57
178,-56,8866,61968,431,288,49,663961100,57
178,-56,8866,61936,444,284,49,663961611,57
120,-80,8900,61936,453,276,48,663962122,57
120,-80,8900,61936,457,279,35,663962632,57
160,-122,8858,61920,455,288,29,663963142,57
160,-122,8858,61952,446,292,21,663963653,57
186,-90,8856,61952,439,295,19,663964163,57
186,-90,8856,61952,441,297,21,663964677,57
192,-50,8858,61920,437,290,25,663965188,57
192,-50,8858,61888,444,281,22,663965698,57
240,-58,8876,61920,445,278,24,663966208,57
240,-58,8876,61952,446,284,29,663966719,57
192,-60,8908,61952,454,290,32,663967229,57
192,-60,8908,61952,466,291,28,663967740,57
174,-96,8944,61920,470,276,28,663968250,57
174,-96,8944,61952,464,272,30,663968760,57
180,-138,8884,61904,449,276,35,663969271,57
180,-138,8884,61936,443,277,43,663969781,57
228,-108,8822,61904,437,279,40,663970291,57
228,-108,8822,61936,432,289,36,663970802,57
240,-92,8820,61936,437,292,31,663971312,57
240,-92,8820,61968,448,288,35,663971822,57
222,-114,8826,61936,456,284,29,663972333,57
222,-114,8826,61904,457,285,26,663972843,57
162,-74,8850,61936,452,290,23,663973353,57
162,-74,8850,61936,447,293,29,663973864,57
212,-54,8806,61968,440,299,35,663974374,57
212,-54,8806,61968,437,307,43,663974884,57
204,-60,8838,61936,450,306,48,663975395,57
204,-60,8838,61936,460,298,43,663975905,57
188,-98,8872,61920,458,281,39,663976416,57
188,-98,8872,61936,452,272,36,663976926,57
216,-100,8842,61952,454,281,35,663977436,57
254,-34,8800,61920,462,293,38,663977947,57
236,-114,8784,61920,462,288,18,664194649,57
212,-72,8834,61920,452,296,18,664195160,57
212,-72,8834,61888,444,294,21,664195670,57
158,-106,8850,61920,438,291,28,664196181,57
158,-106,8850,61920,438,279,42,664196691,57
200,-62,8780,61920,445,270,61,664197205,57
200,-62,8780,61936,443,268,58,664197716,57
270,-32,8830,61936,440,263,53,664198226,57
270,-32,8830,61872,454,259,39,664198736,57
252,-76,8862,61904,467,267,32,664199247,57
252,-76,8862,61936,465,285,24,664199757,57
188,-122,8850,61936,454,300,27,664200267,57
188,-122,8850,61904,442,307,32,664200782,57
230,-130,8850,61936,438,299,38,664201292,57
230,-130,8850,61936,436,288,39,664201802,57
196,-142,8920,61904,440,285,44,664202313,57
196,-142,8920,61936,437,289,44,664202823,57
220,-106,8888,61936,430,298,37,664203333,57
220,-106,8888,61936,425,300,34,664203844,57
216,-86,8874,61920,436,296,32,664204354,57
216,-86,8874,61920,445,290,30,664204865,57
224,-76,8876,61920,449,285,23,664205375,57
224,-76,8876,61920,452,285,12,664205886,57
264,-74,8880,61920,459,290,11,664206396,57
264,-74,8880,61920,469,294,21,664206906,57
214,-78,8798,61920,467,293,37,664207417,57
214,-78,8798,61920,465,283,45,664207927,57
212,-76,8838,61952,452,281,37,664208437,57
212,-76,8838,61920,448,281,32,664208947,57
248,-62,8874,61920,454,283,31,664209458,57
248,-62,8874,61952,458,285,28,664209968,57
214,-82,8902,61936,457,288,34,664210479,57
214,-82,8902,61904,457,287,33,664210989,57
192,-44,8810,61936,455,287,32,664211501,57
192,-44,8810,61936,452,292,39,664212012,57
210,-82,8884,61936,444,291,39,664212522,57
210,-82,8884,61936,443,278,39,664213033,57
228,-136,8868,61936,446,270,37,664213543,57
228,-136,8868,61936,439,271,25,664214053,57
226,-60,8846,61968,440,271,16,664214563,57
226,-60,8846,61936,446,277,14,664215076,57
168,-96,8852,61904,442,290,16,664215586,57
168,-96,8852,61936,446,298,24,664216096,57
178,-108,8896,61936,444,296,35,664216607,57
178,-108,8896,61904,446,293,43,664217117,57
212,-96,8842,61920,442,278,39,664217627,57
212,-96,8842,61936,439,276,28,664218138,57
196,-132,8880,61952,444,280,24,664218648,57
184,-108,8894,61920,446,288,28,664219158,57
184,-108,8894,61920,451,287,34,664219669,57
236,-90,8902,61920,452,279,36,664220179,57
236,-90,8902,61888,448,273,33,664220689,57
222,-84,8890,61920,447,270,33,664221200,57
222,-84,8890,61952,448,272,34,664221714,57
186,-90,8846,61952,446,269,34,664222225,57
186,-90,8846,61952,449,265,29,664222735,57
162,-100,8844,61936,447,268,18,664223245,57
162,-100,8844,61936,454,275,11,664223755,57
216,-96,8818,61904,459,283,18,664224266,57
216,-96,8818,61936,462,301,20,664224780,57
216,-90,8776,61936,465,311,22,664225290,57
216,-90,8776,61936,472,309,30,664225803,57
184,-108,8834,61968,468,300,32,664226314,57
184,-108,8834,61936,457,294,24,664226824,57
200,-78,8836,61936,450,283,22,664227335,57
200,-78,8836,61936,449,285,20,664227845,57
218,-48,8848,61904,449,288,25,664228355,57
218,-48,8848,61936,445,290,35,664228866,57
188,-52,8824,61920,457,289,43,664229376,57
188,-52,8824,61952,462,286,46,664229887,57
198,-84,8794,61920,461,283,42,664230397,57
198,-84,8794,61952,451,287,43,664230907,57
200,-80,8770,61952,453,291,46,664231418,57
200,-80,8770,61920,453,298,45,664231928,57
206,-90,8782,61952,445,302,39,664232438,57
206,-90,8782,61920,444,299,41,664232949,57
192,-92,8818,61920,452,290,38,664233459,57
192,-92,8818,61952,457,284,39,664233969,57
200,-104,8814,61952,457,278,37,664234480,57
200,-104,8814,61952,454,280,30,664234990,57
184,-118,8860,61936,458,291,29,664235502,57
184,-118,8860,61904,460,298,21,664236013,57
260,-90,8878,61936,448,304,28,664236523,57
260,-90,8878,61936,432,311,28,664237033,57
202,-112,8818,61936,427,310,29,664237544,57
202,-112,8818,61904,425,301,28,664238054,57
224,-68,8826,61904,438,295,25,664238564,57
224,-68,8826,61904,446,286,23,664239076,57
242,-42,8776,61936,447,288,21,664239587,57
242,-42,8776,61968,444,290,25,664240097,57
210,-94,8762,61968,445,289,31,664240607,57
210,-94,8762,61968,453,288,32,664241118,57
176,-46,8862,61936,465,283,28,664241628,57
176,-46,8862,61968,454,277,20,664242138,57
188,-102,8846,61952,458,269,17,664242649,57
188,-102,8846,61936,464,266,10,664243163,57
230,-84,8862,61952,457,266,12,664243673,57
196,-112,8846,61920,449,272,16,664244184,57
196,-112,8846,61920,445,279,23,664244694,57
220,-168,8892,61952,440,278,28,664245205,57
220,-168,8892,61920,447,274,20,664245715,57
230,-90,8872,61920,443,272,19,664246229,57
230,-90,8872,61920,447,277,24,664246740,57
248,-64,8834,61920,451,280,21,664247250,57
248,-64,8834,61936,454,282,30,664247760,57
212,-52,8826,61936,462,288,27,664248271,57
212,-52,8826,61936,464,291,36,664248785,57
210,-54,8820,61936,468,290,49,664249295,57
210,-54,8820,61936,465,284,59,664249810,57
244,-60,8782,61936,456,284,57,664250320,57
244,-60,8782,61968,450,285,57,664250830,57
240,-112,8848,61936,440,293,49,664251341,57
240,-112,8848,61904,442,299,43,664251851,57
244,-138,8782,61936,452,297,33,664252362,57
244,-138,8782,61936,463,291,25,664252872,57
212,-102,8824,61968,463,286,30,664253382,57
212,-102,8824,61920,459,287,33,664253893,57
230,-38,8844,61952,449,290,34,664254403,57
230,-38,8844,61952,443,290,24,664254913,57
246,-72,8836,61952,446,288,15,664255424,57
246,-72,8836,61952,449,275,13,664255934,57
196,-132,8808,61920,445,266,20,664256446,57
196,-132,8808,61920,444,268,32,664256957,57
202,-102,8796,61920,449,281,46,664257467,57
202,-102,8796,61920,457,292,39,664257977,57
224,-120,8870,61920,453,297,32,664258488,57
224,-120,8870,61920,444,303,28,664258998,57
192,-122,8890,61920,446,300,22,664259510,57
192,-122,8890,61936,451,282,11,664260021,57
176,-108,8858,61936,451,266,13,664260531,57
176,-108,8858,61936,437,261,18,664261041,57
258,-82,8856,61936,429,266,34,664261552,57
258,-82,8856,61936,434,281,42,664262064,57
230,-44,8918,61936,440,292,45,664262574,57
230,-44,8918,61904,454,295,50,664263086,57
160,-94,8798,61888,463,291,22,664485880,57
160,-94,8798,61904,465,286,32,664486390,57
236,-84,8878,61920,459,279,43,664486904,57
214,-102,8838,61952,453,276,44,664487415,57
214,-102,8838,61952,451,272,47,664487925,57
244,-70,8836,61952,447,270,39,664488435,57
244,-70,8836,61920,440,264,29,664488946,57
218,-34,8830,61952,434,265,35,664489456,57
218,-34,8830,61952,438,272,40,664489967,57
178,-78,8792,61952,446,281,52,664490477,57
178,-78,8792,61936,440,286,51,664490987,57
216,-88,8814,61968,443,293,44,664491500,57
216,-88,8814,61936,452,287,42,664492011,57
208,-104,8828,61936,452,283,38,664492521,57
208,-104,8828,61936,445,290,39,664493031,57
208,-110,8898,61904,435,297,35,664493542,57
208,-110,8898,61936,434,295,19,664494052,57
206,-46,8878,61936,444,276,19,664494563,57
206,-46,8878,61936,456,254,23,664495075,57
206,-68,8818,61936,457,250,25,664495585,57
206,-68,8818,61968,454,263,29,664496095,57
226,-100,8886,61936,458,271,32,664496606,57
226,-100,8886,61952,454,277,33,664497116,57
252,-84,8876,61920,453,275,40,664497626,57
252,-84,8876,61920,453,271,44,664498137,57
224,-98,8858,61952,458,260,50,664498647,57
224,-98,8858,61952,460,260,55,664499158,57
176,-54,8780,61920,454,266,54,664499668,57
176,-54,8780,61920,448,275,45,664500178,57
206,-74,8818,61920,456,290,38,664500689,57
206,-74,8818,61952,462,310,37,664501199,57
220,-74,8882,61952,457,321,35,664501709,57
220,-74,8882,61920,449,321,30,664502220,57
202,-122,8846,61952,446,315,23,664502730,57
202,-122,8846,61920,446,307,17,664503240,57
216,-46,8812,61936,447,296,17,664503751,57
216,-46,8812,61936,447,290,24,664504261,57
252,-58,8824,61936,447,275,38,664504771,57
252,-58,8824,61936,447,263,47,664505286,57
