236,-96,8840,61952,448,289,45,593714434,57
236,-96,8840,61920,448,289,41,593714945,57
178,-140,8814,61936,455,298,37,593715455,57
178,-140,8814,61936,456,296,31,593715967,57
180,-126,8858,61904,456,294,31,593716478,57
180,-126,8858,61904,454,291,28,593716988,57
218,-122,8860,61904,450,282,24,593717500,57
218,-122,8860,61904,451,290,27,593718011,57
202,-84,8828,61936,452,296,28,593718525,57
202,-84,8828,61904,453,295,30,593719035,57
176,-82,8824,61904,449,292,26,593719546,57
176,-82,8824,61936,446,292,23,593720056,57
200,-112,8796,61936,437,293,24,593720566,57
200,-112,8796,61936,440,285,29,593721078,57
232,-46,8770,61920,452,272,18,593721593,57
232,-46,8770,61920,456,276,21,593722103,57
192,-78,8868,61952,457,282,35,593722614,57
192,-78,8868,61920,454,288,47,593723124,57
194,-108,8870,61920,454,296,48,593723634,57
194,-108,8870,61920,454,298,44,593724145,57
222,-84,8906,61920,450,285,32,593724655,57
222,-84,8906,61952,446,280,26,593725166,57
254,-118,8890,61920,439,276,31,593725676,57
254,-118,8890,61920,434,284,34,593726187,57
180,-98,8894,61952,435,298,34,593726697,57
180,-98,8894,61920,433,310,33,593727207,57
174,-102,8832,61904,446,310,34,593727718,57
174,-102,8832,61904,455,302,31,593728228,57
248,-92,8828,61936,462,293,34,593728738,57
248,-92,8828,61904,466,286,41,593729249,57
264,-30,8806,61936,460,291,40,593729759,57
264,-30,8806,61904,453,300,39,593730269,57
212,-92,8812,61904,448,304,41,593730780,57
212,-92,8812,61904,439,296,39,593731290,57
184,-74,8834,61904,435,284,46,593731800,57
184,-74,8834,61904,446,277,44,593732311,57
256,-30,8854,61904,457,274,36,593732821,57
256,-30,8854,61936,460,278,31,593733331,57
208,-52,8844,61904,464,284,28,593733841,57
208,-52,8844,61936,462,296,21,593734352,57
194,-116,8838,61920,451,301,27,593734862,57
194,-116,8838,61904,441,304,29,593735373,57
218,-120,8850,61952,438,305,33,593735883,57
228,-90,8834,61952,441,302,41,593736393,57
228,-90,8834,61952,449,299,44,593736904,57
222,-112,8870,61920,457,291,48,593737414,57
222,-112,8870,61920,471,284,44,593737924,57
206,-118,8866,61952,483,278,38,593738435,57
206,-118,8866,61888,473,277,39,593738945,57
234,-58,8840,61920,459,284,40,593739455,57
234,-58,8840,61952,450,293,31,593739970,57
268,-64,8944,61936,442,293,25,593740480,57
268,-64,8944,61904,426,293,27,593740990,57
194,-54,8910,61936,421,292,34,593741503,57
194,-54,8910,61936,422,286,37,593742013,57
220,-162,8852,61936,434,271,39,593742524,57
220,-162,8852,61904,449,269,49,593743038,57
216,-82,8848,61904,449,275,51,593743548,57
216,-82,8848,61936,450,281,45,593744058,57
218,-50,8842,61904,451,279,49,593744569,57
218,-50,8842,61904,442,276,48,593745081,57
186,-128,8870,61936,433,274,42,593745595,57
186,-128,8870,61920,445,272,32,593746105,57
206,-136,8822,61888,460,270,26,593746619,57
206,-136,8822,61920,458,276,27,593747130,57
208,-100,8822,61920,459,284,21,593747640,57
208,-100,8822,61920,459,291,25,593748150,57
224,-118,8818,61920,461,290,33,593748661,57
224,-118,8818,61888,457,288,43,593749171,57
212,-98,8834,61920,446,289,46,593749682,57
212,-98,8834,61920,432,293,54,593750192,57
208,-94,8810,61920,429,292,55,593750702,57
208,-94,8810,61920,432,288,57,593751212,57
208,-58,8806,61920,439,282,37,593751723,57
208,-58,8806,61920,437,277,26,593752233,57
156,-110,8854,61936,435,282,32,593752744,57
156,-110,8854,61904,432,280,29,593753254,57
152,-112,8874,61936,437,282,25,593753764,57
152,-112,8874,61904,445,283,29,593754275,57
226,-54,8842,61936,451,290,30,593754785,57
226,-54,8842,61936,447,290,34,593755295,57
208,-98,8854,61936,443,288,45,593755806,57
208,-98,8854,61936,443,282,45,593756316,57
176,-110,8830,61936,454,276,51,593756826,57
176,-110,8830,61936,457,274,48,593757337,57
188,-126,8934,61936,451,273,42,593757847,57
188,-126,8934,61936,458,271,38,593758357,57
280,-64,8912,61888,470,268,31,593758868,57
280,-64,8912,61936,476,268,36,593759378,57
242,-58,8902,61920,475,267,30,593759888,57
242,-58,8902,61936,471,269,24,593760399,57
172,-74,8888,61920,459,279,20,593760909,57
238,-82,8872,61920,455,285,13,593761420,57
238,-82,8872,61952,448,291,17,593761930,57
244,-86,8872,61920,451,300,31,593762442,57
244,-86,8872,61952,450,303,36,593762952,57
248,-64,8840,61920,456,300,43,593763463,57
248,-64,8840,61952,458,304,51,593763973,57
236,-94,8906,61920,458,303,49,593764484,57
236,-94,8906,61936,454,300,40,593764994,57
252,-112,8872,61904,455,293,42,593765506,57
252,-112,8872,61904,456,283,40,593766017,57
260,-86,8856,61904,449,271,32,593766527,57
260,-86,8856,61904,444,272,24,593767041,57
228,-106,8802,61904,442,283,25,593767552,57
228,-106,8802,61904,447,293,26,593768064,57
228,-128,8846,61936,449,293,31,593768575,57
228,-128,8846,61936,447,287,34,593769087,57
252,-80,8886,61936,454,290,34,593769597,57
252,-80,8886,61936,456,291,33,593770107,57
246,-80,8926,61936,459,294,34,593770621,57
246,-80,8926,61888,457,298,29,593771132,57
194,-114,8884,61952,467,297,32,593771642,57
194,-114,8884,61920,471,297,26,593772152,57
162,-42,8834,61920,472,296,28,593772663,57
162,-42,8834,61952,460,295,36,593773173,57
162,-36,8872,61920,456,295,38,593773683,57
162,-36,8872,61952,450,289,31,593774194,57
204,-92,8880,61920,451,290,25,593774704,57
204,-92,8880,61920,458,291,23,593775215,57
196,-98,8842,61952,458,290,30,593775725,57
196,-98,8842,61952,455,294,35,593776235,57
176,-74,8850,61920,449,298,31,593776746,57
176,-74,8850,61936,431,298,27,593777256,57
224,-88,8826,61936,424,298,25,593777766,57
224,-88,8826,61936,422,294,27,593778277,57
200,-104,8894,61936,430,292,34,593778787,57
200,-104,8894,61936,438,290,34,593779297,57
230,-154,8850,61904,438,291,35,593779808,57
230,-154,8850,61936,448,294,38,593780318,57
210,-106,8852,61936,456,293,42,593780828,57
210,-106,8852,61936,461,283,38,593781339,57
210,-112,8882,61936,464,275,34,593781849,57
210,-112,8882,61904,460,276,40,593782359,57
190,-126,8866,61936,458,279,47,593782870,57
190,-126,8866,61936,453,282,48,593783380,57
194,-142,8818,61920,447,289,37,593783891,57
194,-142,8818,61936,440,291,38,593784401,57
218,-88,8828,61920,435,287,34,593784911,57
218,-88,8828,61936,437,287,30,593785422,57
180,-40,8798,61920,441,292,36,593785932,57
116,-72,8874,61952,454,284,44,593786444,57
116,-72,8874,61920,469,274,46,593786955,57
180,-100,8886,61920,472,271,41,593787465,57
180,-100,8886,61920,462,279,32,593787975,57
198,-84,8922,61920,455,284,37,593788486,57
198,-84,8922,61920,458,285,45,593788999,57
184,-92,8828,61920,455,285,46,593789511,57
184,-92,8828,61936,448,289,41,593790021,57
196,-136,8794,61936,446,299,39,593790532,57
196,-136,8794,61904,457,309,30,593791042,57
240,-84,8806,61904,456,314,25,593791556,57
240,-84,8806,61936,455,309,25,593792069,57
278,-30,8780,61936,450,296,32,593792579,57
278,-30,8780,61936,453,290,33,593793090,57
220,-58,8768,61904,452,285,37,593793601,57
220,-58,8768,61936,455,276,47,593794111,57
224,-90,8806,61904,457,273,48,593794625,57
224,-90,8806,61936,458,276,44,593795136,57
260,-116,8838,61936,459,276,34,593795646,57
260,-116,8838,61920,464,278,24,593796157,57
234,-90,8838,61888,469,282,24,593796667,57
234,-90,8838,61920,468,286,24,593797177,57
208,-74,8852,61920,457,286,23,593797688,57
208,-74,8852,61920,450,281,22,593798198,57
264,-54,8862,61920,443,280,21,593798708,57
264,-54,8862,61888,444,274,25,593799219,57
246,-102,8870,61920,444,261,27,593799729,57
246,-102,8870,61920,444,260,28,593800240,57
246,-116,8870,61952,441,264,25,593800750,57
246,-116,8870,61920,434,279,21,593801260,57
210,-86,8890,61920,434,281,22,593801771,57
210,-86,8890,61936,438,277,21,593802281,57
260,-124,8850,61936,439,280,22,593802791,57
260,-124,8850,61936,448,290,22,593803302,57
188,-130,8870,61936,457,297,30,593803812,57
188,-130,8870,61936,461,289,30,593804322,57
194,-74,8818,61904,468,281,37,593804833,57
194,-74,8818,61904,464,274,47,593805343,57
152,-46,8820,61936,459,271,49,593805854,57
152,-46,8820,61936,455,271,44,593806364,57
200,-46,8870,61936,451,277,38,593806874,57
200,-46,8870,61904,449,281,40,593807385,57
210,-54,8852,61936,454,292,39,593807895,57
210,-54,8852,61904,451,291,36,593808405,57
150,-78,8828,61920,452,290,32,593808916,57
150,-78,8828,61904,452,294,29,593809426,57
196,-130,8826,61952,462,297,29,593809936,57
196,-130,8826,61936,470,293,38,593810449,57
228,-112,8820,61888,472,285,47,593810959,57
216,-142,8860,61920,463,283,50,593811469,57
216,-142,8860,61952,455,289,51,593811980,57
218,-130,8802,61952,448,296,47,593812490,57
218,-130,8802,61952,451,302,52,593813006,57
212,-64,8808,61952,458,293,54,593813517,57
212,-64,8808,61920,456,284,42,593814027,57
252,-112,8846,61952,446,275,24,593814537,57
252,-112,8846,61936,429,270,29,593815048,57
230,-134,8858,61936,424,274,27,593815558,57
230,-134,8858,61936,431,277,24,593816074,57
190,-104,8862,61936,451,279,31,593816585,57
190,-104,8862,61936,460,288,39,593817095,57
214,-96,8840,61968,464,295,36,593817605,57
214,-96,8840,61936,456,299,25,593818116,57
248,-108,8872,61936,451,290,21,593818630,57
248,-108,8872,61936,450,275,26,593819140,57
194,-88,8870,61936,451,268,25,593819654,57
194,-88,8870,61936,455,277,17,593820165,57
192,-102,8832,61952,469,287,19,593820675,57
192,-102,8832,61888,467,290,17,593821185,57
248,-134,8852,61920,465,291,21,593821696,57
248,-134,8852,61920,462,297,25,593822206,57
228,-112,8866,61920,467,296,29,593822717,57
228,-112,8866,61920,462,288,35,593823227,57
224,-78,8848,61920,457,282,31,593823737,57
224,-78,8848,61920,460,287,27,593824248,57
218,-56,8884,61920,464,294,22,593824758,57
218,-56,8884,61952,457,293,19,593825268,57
234,-60,8858,61888,449,290,18,593825779,57
234,-60,8858,61952,440,283,28,593826289,57
212,-72,8848,61920,440,285,37,593826799,57
212,-72,8848,61904,435,292,37,593827310,57
210,-60,8810,61904,438,289,35,593827820,57
210,-60,8810,61904,440,286,34,593828331,57
246,-56,8740,61904,454,281,29,593828841,57
246,-56,8740,61936,449,281,23,593829351,57
216,-98,8794,61936,445,282,23,593829862,57
216,-98,8794,61936,451,278,22,593830372,57
196,-122,8842,61904,447,274,20,593830882,57
196,-122,8842,61936,440,278,19,593831393,57
170,-90,8796,61936,442,287,21,593831903,57
170,-90,8796,61936,448,289,26,593832413,57
192,-76,8816,61936,456,286,22,593832924,57
192,-76,8816,61904,456,281,22,593833434,57
204,-84,8846,61920,454,275,29,593833944,57
204,-84,8846,61904,451,274,30,593834455,57
186,-100,8868,61888,448,280,24,593834965,57
186,-100,8868,61904,446,283,24,593835476,57
194,-82,8844,61920,440,286,30,593835986,57
232,-78,8916,61920,437,287,29,593836496,57
232,-78,8916,61888,447,286,30,593837009,57
200,-84,8876,61920,449,286,23,593837519,57
200,-84,8876,61920,449,285,27,593838029,57
158,-46,8852,61952,447,288,36,593838539,57
158,-46,8852,61920,447,297,40,593839050,57
220,-118,8870,61952,454,301,43,593839560,57
220,-118,8870,61936,458,295,42,593840073,57
198,-78,8882,61904,458,279,30,593840587,57
198,-78,8882,61936,452,273,23,593841097,57
196,-60,8916,61904,447,269,15,593841607,57
196,-60,8916,61936,442,273,10,593842118,57
186,-82,8874,61936,438,284,10,593842628,57
186,-82,8874,61936,434,299,13,593843138,57
228,-102,8818,61936,439,301,23,593843653,57
228,-102,8818,61936,448,295,32,593844163,57
228,-100,8846,61936,446,290,28,593844674,57
228,-100,8846,61904,451,276,25,593845184,57
228,-74,8812,61920,450,283,26,593845695,57
228,-74,8812,61952,450,279,36,593846205,57
248,-62,8840,61920,444,283,50,593846715,57
248,-62,8840,61952,440,287,55,593847226,57
188,-102,8880,61920,442,290,58,593847736,57
188,-102,8880,61888,437,286,53,593848246,57
230,-132,8870,61920,438,286,45,593848757,57
230,-132,8870,61952,451,289,44,593849267,57
206,-162,8878,61920,459,294,33,593849777,57
206,-162,8878,61920,453,295,16,593850288,57
160,-136,8862,61920,447,304,20,593850798,57
160,-136,8862,61920,452,303,33,593851308,57
232,-92,8890,61920,457,301,40,593851819,57
232,-92,8890,61936,451,303,44,593852329,57
254,-74,8834,61968,444,300,43,593852839,57
254,-74,8834,61936,446,295,35,593853350,57
244,-110,8856,61936,441,293,34,593853860,57
244,-110,8856,61904,439,284,37,593854371,57
252,-142,8862,61936,439,275,45,593854881,57
252,-142,8862,61936,447,265,44,593855391,57
264,-86,8866,61968,447,263,36,593855902,57
264,-86,8866,61936,445,272,30,593856412,57
210,-48,8846,61936,446,285,31,593856922,57
210,-48,8846,61936,447,296,40,593857433,57
132,-38,8802,61904,449,297,45,593857943,57
132,-38,8802,61936,456,288,39,593858454,57
204,-52,8852,61920,456,274,35,593858964,57
204,-52,8852,61936,452,278,37,593859474,57
288,-52,8890,61920,450,281,38,593859985,57
288,-52,8890,61904,455,279,41,593860495,57
244,-44,8902,61920,454,279,40,593861007,57
188,-94,8806,61920,455,282,41,593861518,57
188,-94,8806,61920,459,282,32,593862032,57
148,-68,8838,61920,454,281,20,593862542,57
148,-68,8838,61920,448,278,22,593863053,57
202,-64,8900,61952,451,276,25,593863563,57
202,-64,8900,61920,455,276,30,593864075,57
216,-106,8854,61936,453,275,37,593864585,57
216,-106,8854,61936,448,281,35,593865100,57
242,-102,8846,61936,454,293,33,593865610,57
242,-102,8846,61936,463,296,38,593866120,57
228,-64,8884,61904,474,299,39,593866631,57
228,-64,8884,61904,474,291,40,593867141,57
186,-84,8916,61936,463,287,30,593867655,57
186,-84,8916,61904,448,290,24,593868166,57
208,-110,8860,61904,441,292,40,593868680,57
208,-110,8860,61904,433,287,46,593869190,57
184,-98,8810,61936,437,281,44,593869700,57
184,-98,8810,61936,442,285,39,593870211,57
238,-88,8844,61952,445,272,34,593870721,57
238,-88,8844,61920,446,265,35,593871231,57
216,-82,8860,61920,449,269,32,593871742,57
216,-82,8860,61952,450,278,30,593872252,57
204,-84,8870,61920,456,284,31,593872762,57
204,-84,8870,61920,461,286,34,593873273,57
238,-92,8854,61920,460,281,30,593873783,57
238,-92,8854,61952,446,279,25,593874293,57
218,-84,8846,61920,445,284,22,593874804,57
218,-84,8846,61888,445,292,23,593875314,57
178,-68,8852,61920,448,292,26,593875825,57
178,-68,8852,61952,455,290,26,593876335,57
200,-88,8800,61952,465,291,35,593876845,57
200,-88,8800,61936,462,288,44,593877356,57
194,-80,8766,61936,456,290,41,593877866,57
194,-80,8766,61904,452,291,45,593878376,57
208,-124,8868,61904,458,300,38,593878887,57
208,-124,8868,61904,458,303,30,593879397,57
204,-98,8928,61936,453,297,25,593879907,57
204,-98,8928,61936,449,288,24,593880418,57
172,-128,8912,61904,443,288,24,593880928,57
172,-128,8912,61936,444,291,28,593881438,57
236,-92,8848,61904,444,292,31,593881949,57
236,-92,8848,61904,445,287,34,593882459,57
236,-58,8832,61936,446,282,24,593882969,57
236,-58,8832,61936,449,281,19,593883480,57
208,-92,8886,61920,446,277,20,593883990,57
208,-92,8886,61936,447,275,23,593884502,57
222,-70,8846,61920,453,288,24,593885013,57
222,-70,8846,61936,456,287,26,593885523,57
206,-102,8842,61952,457,281,33,593886033,57
188,-84,8838,61952,442,279,37,593886544,57
188,-84,8838,61920,423,290,35,593887054,57
184,-76,8906,61920,413,293,30,593887564,57
184,-76,8906,61952,414,287,30,593888077,57
214,-84,8900,61952,417,284,31,593888587,57
214,-84,8900,61952,433,294,35,593889101,57
236,-58,8826,61936,441,299,33,593889612,57
236,-58,8826,61936,443,302,33,593890122,57
212,-80,8828,61936,446,308,28,593890632,57
212,-80,8828,61904,460,303,26,593891143,57
176,-84,8876,61936,469,291,30,593891653,57
176,-84,8876,61936,467,277,41,593892163,57
258,-70,8870,61904,458,265,36,593892678,57
258,-70,8870,61904,458,265,31,593893188,57
214,-76,8816,61936,450,278,30,593893698,57
214,-76,8816,61936,440,285,25,593894209,57
222,-64,8790,61904,439,282,24,593894719,57
222,-64,8790,61904,452,280,21,593895229,57
220,-84,8822,61904,458,284,11,593895740,57
220,-84,8822,61920,461,291,20,593896250,57
248,-84,8936,61952,457,297,28,593896761,57
248,-84,8936,61952,459,303,33,593897271,57
190,-80,8858,61952,462,306,30,593897781,57
190,-80,8858,61952,454,303,23,593898292,57
186,-86,8842,61952,448,303,24,593898802,57
186,-86,8842,61952,442,304,26,593899312,57
210,-106,8826,61952,441,302,27,593899823,57
210,-106,8826,61920,448,292,28,593900333,57
210,-102,8834,61952,447,282,31,593900843,57
210,-102,8834,61920,445,278,32,593901354,57
184,-108,8880,61952,442,281,36,593901864,57
184,-108,8880,61936,449,287,40,593902375,57
228,-118,8918,61936,447,293,42,593902885,57
228,-118,8918,61936,439,297,40,593903395,57
230,-146,8906,61936,444,299,34,593903906,57
230,-146,8906,61936,446,296,25,593904416,57
222,-98,8800,61936,442,294,19,593904926,57
222,-98,8800,61904,435,283,17,593905437,57
178,-154,8826,61904,429,270,19,593905947,57
178,-154,8826,61936,432,269,30,593906457,57
162,-112,8912,61936,449,272,42,593906968,57
162,-112,8912,61936,459,289,58,593907478,57
226,-110,8866,61936,465,297,54,593907988,57
226,-110,8866,61936,461,293,49,593908501,57
194,-74,8874,61920,452,283,41,593909011,57
194,-74,8874,61936,450,286,38,593909521,57
176,-78,8884,61920,447,287,25,593910032,57
176,-78,8884,61936,445,283,15,593910542,57
188,-118,8812,61920,446,292,17,594143985,57
188,-118,8812,61920,446,291,24,594144496,57
194,-164,8850,61920,457,292,26,594145008,57
194,-164,8850,61920,464,289,36,594145518,57
234,-140,8944,61952,466,282,45,594146028,57
234,-140,8944,61920,447,279,53,594146539,57
242,-98,8904,61920,436,273,50,594147049,57
242,-98,8904,61920,434,277,41,594147559,57
202,-80,8866,61888,438,288,32,594148072,57
202,-80,8866,61920,441,291,25,594148582,57
142,-104,8850,61952,446,289,25,594149092,57
142,-104,8850,61936,453,286,25,594149603,57
164,-74,8880,61936,457,288,33,594150113,57
164,-74,8880,61936,457,296,34,594150623,57
214,-66,8890,61936,453,295,32,594151134,57
214,-66,8890,61936,452,291,29,594151644,57
204,-124,8866,61904,448,286,33,594152155,57
204,-124,8866,61904,442,280,34,594152665,57
206,-130,8848,61936,438,285,28,594153175,57
206,-130,8848,61904,440,289,24,594153685,57
214,-66,8858,61936,446,291,34,594154196,57
214,-66,8858,61936,451,306,43,594154706,57
192,-138,8910,61936,452,315,52,594155220,57
192,-138,8910,61904,452,305,56,594155731,57
148,-130,8922,61920,449,288,44,594156241,57
148,-130,8922,61904,453,283,38,594156751,57
204,-84,8898,61952,452,284,29,594157262,57
204,-84,8898,61904,443,282,35,594157772,57
200,-40,8902,61888,445,274,38,594158283,57
196,-34,8852,61920,451,260,39,594158797,57
196,-34,8852,61920,454,252,36,594159307,57
180,-98,8882,61920,457,264,39,594159818,57
180,-98,8882,61920,463,280,45,594160328,57
236,-110,8848,61920,462,283,51,594160838,57
236,-110,8848,61920,462,283,48,594161349,57
228,-106,8876,61968,463,280,45,594161859,57
228,-106,8876,61936,461,284,39,594162369,57
210,-84,8860,61904,458,293,31,594162880,57
210,-84,8860,61936,461,295,26,594163390,57
182,-110,8864,61904,462,291,20,594163901,57
182,-110,8864,61904,464,279,14,594164411,57
238,-120,8896,61936,473,276,15,594164921,57
238,-120,8896,61904,463,285,26,594165432,57
216,-84,8838,61872,454,288,37,594165942,57
216,-84,8838,61904,459,294,45,594166452,57
216,-90,8804,61936,467,295,46,594166963,57
216,-90,8804,61968,469,287,35,594167473,57
212,-114,8802,61936,469,275,36,594167983,57
212,-114,8802,61920,468,265,43,594168494,57
200,-114,8852,61920,464,270,41,594169006,57
200,-114,8852,61920,457,273,34,594169516,57
188,-44,8818,61920,445,275,30,594170026,57
188,-44,8818,61920,435,280,35,594170537,57
182,-78,8830,61952,439,285,35,594171047,57
182,-78,8830,61920,446,287,26,594171557,57
206,-92,8914,61920,446,284,20,594172070,57
206,-92,8914,61920,438,281,16,594172580,57
270,-60,8824,61952,437,287,20,594173091,57
270,-60,8824,61920,440,289,31,594173601,57
222,-74,8762,61920,443,293,32,594174111,57
222,-74,8762,61936,449,294,32,594174622,57
218,-96,8764,61936,461,294,33,594175132,57
218,-96,8764,61936,471,292,27,594175642,57
238,-110,8840,61936,476,282,28,594176153,57
238,-110,8840,61904,466,275,28,594176663,57
194,-100,8908,61936,447,279,23,594177177,57
194,-100,8908,61936,438,280,20,594177688,57
180,-98,8822,61936,438,274,16,594178198,57
180,-98,8822,61904,444,268,20,594178709,57
164,-128,8808,61904,449,271,31,594179219,57
164,-128,8808,61936,444,277,37,594179729,57
240,-122,8796,61968,436,288,46,594180244,57
240,-122,8796,61936,433,289,55,594180754,57
228,-52,8820,61952,437,273,53,594181264,57
228,-52,8820,61936,441,266,51,594181775,57
158,-88,8838,61920,447,261,56,594182285,57
184,-120,8844,61952,453,259,57,594182799,57
184,-120,8844,61952,456,265,59,594183310,57
256,-102,8866,61920,453,273,53,594183823,57
256,-102,8866,61952,449,280,53,594184334,57
266,-78,8834,61920,444,285,54,594184844,57
266,-78,8834,61952,446,284,43,594185355,57
190,-106,8888,61920,452,275,37,594185865,57
190,-106,8888,61920,456,273,33,594186376,57
256,-114,8912,61936,446,282,31,594186886,57
256,-114,8912,61968,438,288,26,594187397,57
256,-50,8912,61936,442,290,29,594187907,57
256,-50,8912,61904,449,291,33,594188417,57
188,-80,8896,61904,454,291,38,594188928,57
188,-80,8896,61936,449,286,39,594189438,57
112,-102,8902,61936,450,290,40,594189948,57
112,-102,8902,61968,450,300,42,594190459,57
172,-96,8906,61936,447,306,41,594190969,57
172,-96,8906,61936,447,313,40,594191479,57
258,-90,8882,61968,454,305,36,594191990,57
258,-90,8882,61904,456,289,31,594192502,57
248,-96,8852,61920,455,278,25,594193012,57
248,-96,8852,61920,461,271,24,594193523,57
218,-108,8828,61952,459,267,22,594194033,57
218,-108,8828,61952,456,274,20,594194543,57
238,-76,8852,61888,444,286,18,594195054,57
238,-76,8852,61920,441,298,20,594195564,57
238,-88,8816,61952,451,303,18,594196076,57
238,-88,8816,61920,458,304,22,594196586,57
174,-78,8798,61952,450,292,26,594197097,57
174,-78,8798,61920,449,284,24,594197607,57
200,-100,8802,61920,458,282,28,594198117,57
200,-100,8802,61920,460,287,29,594198628,57
214,-80,8852,61920,452,282,37,594199138,57
214,-80,8852,61936,441,279,44,594199648,57
210,-86,8850,61936,437,283,44,594200159,57
210,-86,8850,61904,434,286,51,594200669,57
230,-120,8842,61936,432,295,51,594201184,57
230,-120,8842,61904,438,299,53,594201694,57
228,-102,8858,61904,448,305,53,594202204,57
228,-102,8858,61936,458,302,48,594202715,57
190,-54,8832,61936,458,289,43,594203225,57
190,-54,8832,61936,454,281,33,594203735,57
198,-72,8840,61936,447,275,29,594204250,57
198,-72,8840,61936,447,272,27,594204760,57
152,-128,8926,61936,446,280,34,594205270,57
152,-128,8926,61936,444,294,45,594205781,57
212,-116,8906,61920,442,292,51,594206291,57
212,-116,8906,61936,446,288,55,594206801,57
206,-68,8862,61920,445,279,46,594207312,57
160,-88,8778,61952,447,280,31,594207826,57
160,-88,8778,61952,452,282,23,594208336,57
200,-94,8828,61920,458,282,15,594208847,57
200,-94,8828,61920,462,286,18,594209357,57
296,-122,8846,61920,451,286,14,594209868,57
296,-122,8846,61888,443,281,7,594210378,57
248,-84,8798,61920,439,275,16,594210888,57
248,-84,8798,61920,439,273,24,594211399,57
192,-96,8820,61936,444,284,39,594211909,57
192,-96,8820,61968,439,290,50,594212419,57
204,-120,8804,61968,436,279,43,594212930,57
200,-88,8908,61920,447,296,55,594442810,57
186,-114,8852,61920,431,294,50,594443321,57
186,-114,8852,61952,426,287,46,594443831,57
180,-86,8870,61920,421,273,35,594444341,57
180,-86,8870,61952,424,261,29,594444852,57
246,-74,8838,61936,436,262,30,594445366,57
246,-74,8838,61936,447,270,32,594445877,57
216,-90,8858,61904,447,274,34,594446387,57
216,-90,8858,61904,441,282,37,594446897,57
158,-102,8796,61936,439,284,37,594447407,57
158,-102,8796,61968,434,288,41,594447922,57
220,-86,8752,61904,432,288,43,594448432,57
220,-86,8752,61936,439,290,49,594448946,57
236,-58,8836,61936,437,290,40,594449456,57
236,-58,8836,61936,438,285,28,594449967,57
192,-66,8806,61936,443,286,27,594450477,57
192,-66,8806,61936,435,285,31,594450987,57
184,-116,8830,61952,444,283,33,594451500,57
184,-116,8830,61904,453,278,38,594452011,57
196,-124,8872,61920,469,273,42,594452521,57
196,-124,8872,61936,464,277,44,594453032,57
190,-78,8878,61952,445,285,40,594453542,57
184,-66,8810,61920,439,280,37,594454052,57
184,-66,8810,61920,437,276,36,594454563,57
230,-82,8890,61920,434,277,41,594455075,57
230,-82,8890,61920,452,279,34,594455585,57
260,-82,8908,61920,460,282,37,594456096,57
260,-82,8908,61920,465,275,40,594456606,57
250,-76,8848,61920,473,277,35,594457116,57
250,-76,8848,61920,469,275,29,594457627,57
216,-148,8842,61936,469,279,29,594458137,57
216,-148,8842,61936,466,290,32,594458647,57
214,-124,8842,61904,454,296,30,594459158,57
214,-124,8842,61936,449,298,44,594459668,57
230,-64,8818,61936,450,294,52,594460178,57
230,-64,8818,61904,462,290,43,594460689,57
260,-44,8894,61936,465,293,34,594461199,57
260,-44,8894,61904,458,300,36,594461709,57
178,-78,8866,61936,456,305,43,594462220,57
178,-78,8866,61936,450,306,49,594462730,57
224,-100,8852,61904,436,304,48,594463240,57
224,-100,8852,61936,427,292,41,594463751,57
212,-76,8946,61920,426,284,27,594464261,57
212,-76,8946,61920,440,281,24,594464771,57
190,-82,8856,61920,455,274,24,594465282,57
190,-82,8856,61920,455,274,31,594465792,57
210,-82,8862,61920,458,281,33,594466306,57
210,-82,8862,61920,447,283,35,594466817,57
214,-104,8854,61920,437,277,32,594467327,57
214,-104,8854,61920,440,273,29,594467837,57
238,-84,8884,61920,444,268,23,594468348,57
238,-84,8884,61952,451,273,27,594468858,57
182,-80,8802,61952,460,282,32,594469372,57
182,-80,8802,61920,462,286,33,594469883,57
220,-84,8804,61936,469,297,38,594470393,57
220,-84,8804,61936,476,304,32,594470903,57
186,-98,8842,61936,472,306,32,594471414,57
186,-98,8842,61936,469,306,30,594471924,57
224,-108,8856,61936,464,300,31,594472434,57
224,-108,8856,61936,454,291,38,594472948,57
208,-102,8846,61936,445,282,38,594473459,57
208,-102,8846,61936,438,274,40,594473969,57
196,-104,8824,61904,435,275,31,594474480,57
196,-104,8824,61904,439,278,21,594474990,57
228,-48,8810,61904,448,281,23,594475502,57
228,-48,8810,61904,450,286,26,594476013,57
216,-88,8796,61920,465,297,39,594476523,57
216,-88,8796,61936,470,298,44,594477033,57
206,-112,8852,61920,478,302,39,594477544,57
206,-112,8852,61904,472,311,35,594478054,57
188,-72,8874,61920,455,317,27,594478565,57
252,-132,8872,61920,453,319,17,594479077,57
252,-132,8872,61920,448,303,18,594479587,57
204,-134,8840,61920,448,287,32,594480097,57
204,-134,8840,61952,447,276,36,594480608,57
158,-104,8874,61920,450,275,32,594481118,57
158,-104,8874,61920,452,273,37,594481628,57
204,-80,8832,61920,446,277,40,594482139,57
204,-80,8832,61920,435,281,49,594482649,57
256,-72,8830,61936,423,293,40,594483159,57
256,-72,8830,61936,434,300,33,594483670,57
236,-126,8890,61936,443,306,30,594484180,57
236,-126,8890,61936,441,304,29,594484690,57
222,-134,8916,61936,450,300,23,594485201,57
222,-134,8916,61904,462,296,31,594485711,57
284,-82,8814,61936,461,290,40,594486221,57
284,-82,8814,61936,456,280,44,594486732,57
234,-78,8866,61936,453,272,50,594487242,57
234,-78,8866,61936,451,263,49,594487752,57
182,-92,8874,61936,450,260,54,594488263,57
182,-92,8874,61904,456,272,45,594488773,57
266,-68,8854,61952,444,282,40,594489283,57
266,-68,8854,61952,442,287,39,594489794,57
232,-72,8816,61920,443,286,29,594490304,57
232,-72,8816,61920,452,275,29,594490814,57
212,-96,8814,61920,459,272,27,594491325,57
212,-96,8814,61952,451,273,17,594491835,57
142,-100,8780,61920,446,277,15,594492345,57
142,-100,8780,61920,449,283,17,594492856,57
178,-96,8864,61952,450,288,28,594493366,57
178,-96,8864,61952,452,292,44,594493880,57
210,-14,8862,61920,461,293,49,594494391,57
210,-14,8862,61920,464,292,57,594494901,57
206,-38,8802,61936,451,281,52,594495411,57
206,-38,8802,61936,439,280,52,594495922,57
202,-72,8834,61904,436,283,44,594496432,57
202,-72,8834,61936,440,282,35,594496946,57
212,-70,8810,61904,443,291,34,594497456,57
212,-70,8810,61936,445,295,42,594497970,57
208,-54,8886,61904,453,297,44,594498480,57
208,-54,8886,61872,462,281,45,594498991,57
188,-64,8850,61904,460,264,47,594499503,57
188,-64,8850,61904,461,268,38,594500013,57
200,-30,8802,61936,463,275,31,594500523,57
200,-30,8802,61904,456,283,32,594501034,57
230,-38,8812,61920,457,291,31,594501544,57
230,-38,8812,61936,461,294,29,594502055,57
240,-34,8840,61888,457,301,30,594502565,57
240,-34,8840,61936,449,307,33,594503077,57
214,-80,8898,61952,439,301,35,594503587,57
230,-74,8844,61984,445,292,30,594504098,57
230,-74,8844,61952,446,288,19,594504608,57
294,-70,8806,61888,457,280,14,594505119,57
294,-70,8806,61888,463,278,19,594505629,57
232,-52,8828,61920,464,284,33,594506139,57
232,-52,8828,61920,461,282,39,594506650,57
198,-94,8844,61888,458,278,28,594507160,57
198,-94,8844,61952,459,278,25,594507670,57
180,-110,8796,61904,456,284,32,594508181,57
180,-110,8796,61936,459,283,42,594508691,57
182,-102,8824,61936,457,287,38,594509202,57
182,-102,8824,61936,460,293,15,594509712,57
164,-112,8854,61936,465,294,11,594510222,57
164,-112,8854,61936,476,301,19,594510733,57
250,-20,8804,61952,452,276,46,594734024,57
230,-92,8838,61952,446,271,37,594734534,57
230,-92,8838,61920,449,272,32,594735048,57
224,-76,8798,61920,448,274,33,594735559,57
224,-76,8798,61920,446,268,33,594736071,57
202,-62,8812,61920,447,270,30,594736581,57
202,-62,8812,61920,454,272,30,594737092,57
180,-56,8772,61952,460,279,26,594737602,57
180,-56,8772,61952,464,291,15,594738112,57
158,-84,8814,61936,460,309,14,594738623,57
158,-84,8814,61936,466,315,16,594739133,57
178,-66,8832,61936,466,315,21,594739643,57
178,-66,8832,61904,462,308,25,594740154,57
236,-90,8790,61936,469,290,39,594740664,57
236,-90,8790,61968,473,274,43,594741175,57
166,-78,8864,61936,466,266,43,594741685,57
166,-78,8864,61936,457,282,47,594742195,57
192,-64,8870,61936,448,295,46,594742706,57
192,-64,8870,61904,440,295,42,594743216,57
188,-92,8854,61904,444,286,37,594743726,57
188,-92,8854,61904,465,284,25,594744237,57
228,-50,8862,61952,467,279,31,594744747,57
228,-50,8862,61936,460,268,26,594745258,57
186,-106,8800,61920,462,256,17,594745768,57
186,-106,8800,61936,462,260,15,594746278,57
220,-128,8840,61920,461,271,17,594746789,57
276,-116,8794,61952,457,282,23,594747299,57
276,-116,8794,61952,461,285,27,594747809,57
222,-88,8822,61920,463,284,21,594748320,57
222,-88,8822,61920,460,276,22,594748830,57
194,-92,8864,61920,459,282,33,594749341,57
194,-92,8864,61952,460,289,32,594749851,57
238,-102,8844,61920,467,294,33,594750361,57
238,-102,8844,61920,471,293,21,594750872,57
226,-114,8768,61936,468,289,8,594751382,57
226,-114,8768,61936,464,292,4,594751892,57
220,-120,8838,61904,454,293,1,594752403,57
220,-120,8838,61936,438,292,9,594752913,57
184,-100,8866,61936,433,288,25,594753427,57
184,-100,8866,61936,439,276,35,594753938,57
232,-78,8834,61904,445,272,38,594754448,57
232,-78,8834,61904,456,276,36,594754959,57
256,-84,8774,61936,463,281,40,594755469,57
256,-84,8774,61936,459,289,47,594755983,57
254,-88,8808,61904,459,288,54,594756494,57
254,-88,8808,61936,463,286,50,594757006,57
224,-120,8836,61888,458,285,42,594757516,57
224,-120,8836,61952,455,278,24,594758026,57
228,-68,8816,61920,450,272,17,594758537,57
228,-68,8816,61920,439,274,21,594759051,57
234,-74,8858,61952,431,283,28,594759561,57
234,-74,8858,61952,424,288,31,594760075,57
172,-114,8800,61952,429,292,29,594760586,57
172,-114,8800,61920,438,293,38,594761096,57
228,-82,8864,61920,451,289,42,594761607,57
228,-82,8864,61952,458,284,41,594762117,57
236,-96,8872,61952,465,274,39,594762627,57
236,-96,8872,61936,473,272,36,594763138,57
184,-98,8888,61936,469,277,25,594763648,57
184,-98,8888,61968,464,287,27,594764159,57
206,-102,8882,61936,455,291,30,594764669,57
206,-102,8882,61904,456,291,28,594765179,57
202,-132,8876,61936,448,291,26,594765690,57
202,-132,8876,61936,435,299,25,594766200,57
248,-88,8850,61936,427,301,28,594766710,57
248,-88,8850,61936,431,294,28,594767221,57
224,-64,8834,61936,439,287,26,594767731,57
224,-64,8834,61904,455,282,27,594768242,57
182,-98,8850,61968,474,282,29,594768752,57
182,-98,8850,61936,480,293,30,594769262,57
210,-114,8842,61952,471,300,41,594769773,57
210,-114,8842,61936,462,295,39,594770283,57
264,-92,8878,61920,445,282,40,594770793,57
264,-92,8878,61936,444,276,41,594771304,57
216,-56,8888,61920,443,271,45,594771814,57
224,-94,8820,61952,446,277,41,594772324,57
224,-94,8820,61952,455,283,38,594772835,57
264,-60,8834,61920,459,287,41,594773345,57
264,-60,8834,61920,458,291,44,594773856,57
220,-76,8844,61920,445,289,32,594774366,57
220,-76,8844,61920,438,284,28,594774876,57
178,-118,8876,61920,435,284,30,594775387,57
178,-118,8876,61936,437,292,34,594775897,57
220,-92,8862,61904,449,298,36,594776407,57
220,-92,8862,61936,460,298,29,594776918,57
216,-88,8812,61904,464,292,14,594777432,57
216,-88,8812,61936,472,289,14,594777942,57
204,-82,8822,61936,475,280,19,594778453,57
204,-82,8822,61904,477,280,23,594778963,57
182,-72,8844,61904,480,279,38,594779473,57
182,-72,8844,61936,481,283,43,594779984,57
184,-120,8816,61904,478,289,36,594780500,57
184,-120,8816,61936,463,285,33,594781011,57
176,-102,8882,61968,451,277,27,594781521,57
176,-102,8882,61952,445,276,35,594782031,57
190,-64,8844,61952,440,285,38,594782542,57
190,-64,8844,61952,438,290,37,594783056,57
152,-122,8786,61920,440,291,35,594783566,57
152,-122,8786,61920,446,284,32,594784082,57
174,-132,8774,61920,448,276,28,594784592,57
174,-132,8774,61920,450,267,23,594785103,57
212,-60,8840,61920,454,273,24,594785613,57
212,-60,8840,61952,443,286,24,594786124,57
192,-104,8840,61920,442,295,33,594786634,57
192,-104,8840,61952,447,297,33,594787145,57
200,-80,8810,61920,455,290,29,594787655,57
200,-80,8810,61904,463,273,25,594788165,57
242,-80,8766,61936,458,267,27,594788676,57
242,-80,8766,61936,450,266,33,594789186,57
194,-118,8904,61936,435,270,37,594789696,57
194,-118,8904,61936,430,283,36,594790207,57
204,-62,8814,61936,433,293,39,594790717,57
204,-62,8814,61936,447,306,37,594791228,57
196,-60,8812,61904,453,309,39,594791738,57
196,-60,8812,61936,464,305,39,594792248,57
222,-62,8838,61936,467,299,43,594792759,57
222,-62,8838,61904,457,292,47,594793269,57
206,-88,8858,61936,447,286,41,594793779,57
206,-88,8858,61968,444,280,36,594794290,57
178,-86,8874,61952,450,283,35,594794800,57
178,-86,8874,61936,441,284,43,594795310,57
244,-84,8906,61952,440,281,48,594795821,57
244,-84,8906,61936,446,282,51,594796331,57
214,-118,8842,61952,451,288,54,594796841,57
190,-164,8836,61952,452,290,56,594797352,57
190,-164,8836,61952,451,285,53,594797862,57
196,-150,8906,61920,459,280,41,594798372,57
196,-150,8906,61920,464,285,34,594798883,57
260,-82,8898,61888,458,287,31,594799393,57
204,-98,8862,61920,456,302,20,595027233,57
234,-90,8844,61920,466,286,28,595027743,57
234,-90,8844,61920,461,277,34,595028253,57
206,-100,8870,61952,453,273,41,595028764,57
206,-100,8870,61920,446,269,51,595029274,57
204,-110,8816,61920,436,270,54,595029784,57
204,-110,8816,61920,429,274,53,595030295,57
216,-78,8808,61920,437,273,47,595030805,57
216,-78,8808,61920,461,279,40,595031316,57
208,-98,8850,61920,484,280,38,595031826,57
208,-98,8850,61920,485,285,35,595032336,57
206,-106,8866,61952,474,292,31,595032847,57
206,-106,8866,61936,467,299,30,595033357,57
260,-114,8800,61936,460,301,34,595033867,57
260,-114,8800,61936,451,295,41,595034378,57
280,-68,8846,61904,447,280,51,595034888,57
280,-68,8846,61936,441,269,52,595035398,57
214,-68,8866,61936,442,276,60,595035909,57
214,-68,8866,61904,447,283,55,595036419,57
168,-84,8762,61904,452,278,32,595036929,57
168,-84,8762,61936,453,276,17,595037442,57
242,-138,8832,61936,454,280,13,595037952,57
242,-138,8832,61936,458,286,18,595038462,57
222,-126,8820,61904,448,291,20,595038972,57
222,-126,8820,61936,441,299,23,595039483,57
246,-84,8850,61920,445,296,31,595039993,57
246,-84,8850,61968,452,288,29,595040506,57
222,-132,8826,61920,455,280,28,595041016,57
190,-84,8864,61920,454,273,23,595041528,57
190,-84,8864,61952,452,266,28,595042039,57
218,-54,8840,61952,449,273,25,595042549,57
218,-54,8840,61952,451,288,32,595043061,57
184,-80,8826,61920,453,291,34,595043572,57
184,-80,8826,61920,449,295,42,595044088,57
156,-92,8910,61920,449,292,44,595044598,57
156,-92,8910,61952,453,290,35,595045108,57
200,-118,8884,61904,457,278,30,595045619,57
200,-118,8884,61936,456,281,29,595046129,57
198,-66,8806,61936,462,286,39,595046639,57
198,-66,8806,61904,458,287,53,595047154,57
170,-88,8814,61904,448,287,43,595047664,57
170,-88,8814,61936,442,287,29,595048174,57
166,-108,8824,61936,441,292,19,595048685,57
166,-108,8824,61904,443,298,18,595049195,57
186,-96,8830,61904,443,303,18,595049705,57
186,-96,8830,61936,442,309,17,595050216,57
244,-104,8810,61904,436,302,21,595050726,57
244,-104,8810,61904,443,297,32,595051236,57
226,-86,8758,61920,450,287,43,595051747,57
226,-86,8758,61920,456,288,49,595052257,57
168,-124,8834,61920,462,286,46,595052768,57
168,-124,8834,61920,463,289,48,595053278,57
256,-110,8786,61952,457,287,46,595053788,57
256,-110,8786,61920,454,278,44,595054299,57
236,-102,8810,61920,456,277,39,595054809,57
236,-102,8810,61920,453,277,34,595055319,57
184,-156,8820,61952,453,278,30,595055830,57
184,-156,8820,61920,456,277,25,595056340,57
164,-130,8768,61920,456,276,19,595056850,57
164,-130,8768,61920,450,279,19,595057361,57
268,-96,8842,61936,438,287,28,595057871,57
268,-96,8842,61904,438,290,34,595058381,57
214,-56,8782,61904,449,283,33,595058892,57
214,-56,8782,61936,452,280,36,595059402,57
184,-76,8792,61936,443,282,44,595059912,57
184,-76,8792,61904,438,290,42,595060422,57
274,-74,8880,61904,445,298,44,595060933,57
274,-74,8880,61936,443,301,41,595061445,57
268,-30,8864,61936,437,291,38,595061955,57
268,-30,8864,61936,430,286,38,595062466,57
196,-66,8762,61936,438,283,39,595062976,57
196,-66,8762,61936,446,283,28,595063487,57
218,-92,8876,61936,441,287,30,595063997,57
218,-92,8876,61904,436,291,24,595064509,57
242,-80,8900,61920,434,290,30,595065019,57
242,-80,8900,61936,434,285,39,595065534,57
214,-42,8860,61920,436,284,39,595066044,57
210,-94,8850,61888,443,284,32,595066555,57
210,-94,8850,61920,455,285,28,595067067,57
196,-122,8854,61984,455,283,32,595067577,57
196,-122,8854,61920,454,287,32,595068093,57
224,-108,8898,61920,463,283,36,595068603,57
224,-108,8898,61920,465,285,39,595069114,57
180,-88,8874,61920,465,288,47,595069624,57
180,-88,8874,61904,463,298,42,595070134,57
152,-98,8890,61904,465,304,35,595070645,57
152,-98,8890,61904,469,306,23,595071159,57
258,-40,8906,61904,470,304,14,595071669,57
258,-40,8906,61936,466,304,12,595072181,57
250,-68,8902,61904,462,304,12,595072691,57
250,-68,8902,61904,456,303,16,595073201,57
212,-94,8898,61936,446,297,25,595073712,57
212,-94,8898,61904,450,290,38,595074222,57
200,-54,8908,61936,456,283,46,595074733,57
200,-54,8908,61936,455,275,50,595075243,57
268,-46,8890,61904,458,279,47,595075753,57
268,-46,8890,61920,452,288,38,595076264,57
248,-44,8848,61920,455,297,28,595076774,57
248,-44,8848,61920,458,298,31,595077284,57
202,-74,8848,61920,459,294,36,595077795,57
202,-74,8848,61952,456,285,36,595078305,57
202,-90,8906,61920,451,277,40,595078816,57
202,-90,8906,61920,449,270,45,595079326,57
224,-70,8880,61920,450,265,44,595079836,57
224,-70,8880,61920,453,264,36,595080347,57
206,-84,8850,61920,449,269,26,595080857,57
206,-84,8850,61920,448,272,23,595081367,57
210,-88,8858,61920,453,283,23,595081878,57
210,-88,8858,61920,463,286,25,595082388,57
240,-108,8762,61936,460,288,29,595082898,57
240,-108,8762,61936,449,295,30,595083409,57
218,-72,8784,61904,450,294,42,595083919,57
218,-72,8784,61936,452,288,54,595084429,57
220,-66,8836,61936,452,284,57,595084940,57
220,-66,8836,61936,450,278,58,595085450,57
172,-96,8808,61936,453,279,52,595085960,57
172,-96,8808,61936,458,288,42,595086470,57
230,-94,8798,61936,454,299,36,595086981,57
230,-94,8798,61936,450,305,44,595087491,57
234,-86,8892,61936,445,305,44,595088003,57
234,-86,8892,61968,443,302,46,595088514,57
194,-102,8842,61952,445,289,28,595089024,57
194,-102,8842,61936,443,284,19,595089539,57
250,-102,8824,61920,446,284,28,595090049,57
250,-102,8824,61904,444,283,32,595090559,57
228,-78,8792,61952,450,281,41,595091071,57
192,-62,8826,61952,454,291,48,595091582,57
192,-62,8826,61920,455,289,41,595092092,57
192,-104,8872,61952,449,279,34,595092606,57
192,-104,8872,61920,453,269,32,595093117,57
200,-112,8896,61920,450,268,35,595093627,57
200,-112,8896,61920,450,266,31,595094137,57
212,-86,8850,61920,451,265,34,595094648,57
212,-86,8850,61936,454,263,27,595095162,57
192,-102,8902,61936,437,291,39,595335694,57
200,-70,8830,61936,438,297,44,595336204,57
200,-70,8830,61936,446,301,40,595336714,57
216,-120,8814,61920,448,299,29,595337224,57
216,-120,8814,61936,450,295,27,595337735,57
212,-96,8814,61952,451,294,26,595338245,57
212,-96,8814,61936,454,287,24,595338755,57
148,-84,8842,61952,453,287,38,595339270,57
196,-114,8800,61952,448,294,44,595339780,57
196,-114,8800,61920,458,293,45,595340291,57
282,-66,8822,61920,473,289,42,595340801,57
282,-66,8822,61952,472,289,43,595341311,57
224,-102,8814,61952,477,296,37,595341822,57
224,-102,8814,61952,475,293,38,595342332,57
208,-168,8826,61920,463,283,43,595342842,57
208,-168,8826,61888,450,281,41,595343353,57
212,-90,8838,61936,443,279,52,595343863,57
212,-90,8838,61936,456,284,58,595344373,57
228,-66,8856,61968,463,287,53,595344884,57
228,-66,8856,61936,457,275,53,595345394,57
232,-50,8890,61904,458,264,51,595345904,57
232,-50,8890,61936,450,266,36,595346415,57
176,-78,8856,61936,440,278,15,595346925,57
176,-78,8856,61936,440,285,5,595347435,57
242,-106,8920,61904,438,286,11,595347946,57
242,-106,8920,61936,445,290,23,595348456,57
204,-68,8916,61904,450,297,36,595348966,57
204,-68,8916,61904,454,300,53,595349477,57
192,-94,8964,61952,448,288,52,595349987,57
192,-94,8964,61952,446,280,43,595350500,57
212,-62,8844,61920,454,279,29,595351011,57
212,-62,8844,61920,460,282,23,595351521,57
190,-84,8756,61920,451,282,25,595352032,57
190,-84,8756,61888,446,276,26,595352542,57
198,-78,8796,61888,448,278,29,595353052,57
198,-78,8796,61920,440,289,33,595353563,57
198,-98,8856,61920,441,290,31,595354075,57
198,-98,8856,61920,444,287,25,595354585,57
204,-96,8880,61920,450,285,24,595355095,57
204,-96,8880,61920,453,282,22,595355606,57
190,-34,8742,61936,454,292,28,595356116,57
190,-34,8742,61904,459,299,30,595356626,57
178,-80,8812,61936,466,304,31,595357137,57
178,-80,8812,61936,463,299,37,595357647,57
178,-108,8854,61904,461,299,42,595358158,57
178,-108,8854,61904,458,301,40,595358668,57
232,-12,8842,61936,460,299,37,595359178,57
232,-12,8842,61936,453,294,40,595359688,57
210,-16,8848,61936,449,285,44,595360203,57
210,-16,8848,61904,445,290,54,595360713,57
162,-92,8834,61904,449,291,61,595361223,57
162,-92,8834,61936,453,281,63,595361734,57
210,-86,8796,61904,456,270,57,595362244,57
210,-86,8796,61904,456,255,45,595362754,57
266,-80,8792,61888,445,260,34,595363269,57
266,-80,8792,61936,444,271,30,595363779,57
200,-74,8846,61920,445,286,32,595364291,57
148,-120,8892,61920,448,297,29,595364801,57
148,-120,8892,61952,459,297,22,595365311,57
212,-92,8826,61920,468,285,21,595365822,57
212,-92,8826,61920,470,275,25,595366332,57
256,-120,8838,61888,467,269,30,595366842,57
256,-120,8838,61952,462,267,40,595367353,57
176,-112,8816,61920,465,264,42,595367863,57
176,-112,8816,61920,469,268,45,595368373,57
204,-126,8810,61904,471,278,41,595368884,57
204,-126,8810,61904,473,291,34,595369394,57
252,-108,8822,61936,472,298,32,595369905,57
252,-108,8822,61904,463,306,32,595370415,57
250,-76,8830,61904,455,307,33,595370925,57
250,-76,8830,61968,450,300,35,595371436,57
196,-66,8802,61936,448,285,29,595371946,57
196,-66,8802,61872,447,277,28,595372456,57
182,-154,8806,61936,444,281,36,595372967,57
182,-154,8806,61936,441,288,34,595373477,57
214,-114,8860,61872,439,286,26,595373987,57
214,-114,8860,61904,446,277,23,595374500,57
222,-88,8862,61920,445,273,38,595375011,57
222,-88,8862,61920,442,286,45,595375521,57
174,-108,8860,61920,442,300,46,595376031,57
174,-108,8860,61920,442,298,40,595376542,57
192,-100,8824,61888,444,293,43,595377052,57
192,-100,8824,61952,449,287,45,595377562,57
230,-94,8770,61952,455,281,49,595378075,57
230,-94,8770,61952,452,275,40,595378585,57
264,-98,8848,61920,443,266,29,595379095,57
264,-98,8848,61952,438,268,31,595379606,57
196,-108,8786,61952,444,280,37,595380116,57
196,-108,8786,61952,454,285,45,595380626,57
184,-118,8790,61936,459,284,52,595381137,57
184,-118,8790,61904,462,282,43,595381651,57
236,-100,8786,61936,462,279,36,595382161,57
236,-100,8786,61904,461,282,32,595382672,57
216,-36,8810,61904,455,286,28,595383182,57
216,-36,8810,61936,449,288,30,595383692,57
186,-58,8830,61904,450,290,25,595384203,57
186,-58,8830,61904,458,300,26,595384717,57
214,-76,8854,61904,452,308,28,595385227,57
214,-76,8854,61936,437,295,29,595385738,57
232,-90,8928,61936,437,284,32,595386248,57
232,-90,8928,61936,443,283,36,595386758,57
228,-60,8894,61952,444,286,29,595387272,57
228,-60,8894,61968,447,289,28,595387783,57
218,-90,8786,61920,462,297,29,595388297,57
218,-90,8786,61904,465,299,30,595388807,57
234,-104,8866,61920,452,303,39,595389317,57
228,-82,8892,61952,447,305,33,595389828,57
228,-82,8892,61920,442,298,28,595390338,57
228,-124,8924,61952,443,288,30,595390849,57
228,-124,8924,61920,439,284,28,595391359,57
222,-112,8894,61920,441,281,21,595391869,57
222,-112,8894,61952,444,280,20,595392380,57
262,-70,8876,61920,448,283,23,595392890,57
262,-70,8876,61904,451,289,30,595393400,57
220,-84,8852,61904,451,298,30,595393911,57
220,-84,8852,61936,449,299,31,595394421,57
154,-128,8808,61936,454,295,37,595394931,57
154,-128,8808,61936,453,295,33,595395443,57
162,-122,8830,61936,454,300,31,595395954,57
162,-122,8830,61936,457,306,27,595396464,57
210,-98,8804,61904,459,307,23,595396974,57
210,-98,8804,61904,451,307,24,595397485,57
238,-122,8796,61904,442,304,25,595397995,57
238,-122,8796,61936,437,298,27,595398507,57
188,-92,8830,61968,439,287,25,595399018,57
188,-92,8830,61952,443,285,23,595399528,57
180,-88,8782,61920,442,288,24,595400038,57
180,-88,8782,61920,436,294,28,595400549,57
208,-88,8822,61952,439,299,28,595401059,57
208,-88,8822,61920,449,308,28,595401569,57
192,-106,8896,61920,459,298,26,595402082,57
192,-106,8896,61920,465,283,27,595402592,57
154,-102,8876,61920,468,270,33,595403102,57
154,-102,8876,61952,465,275,31,595403613,57
206,-126,8826,61952,460,286,34,595404123,57
176,-78,8908,61904,466,280,22,595627930,57
242,-102,8872,61904,458,275,24,595628442,57
242,-102,8872,61936,450,268,23,595628953,57
236,-114,8846,61936,449,271,30,595629463,57
236,-114,8846,61936,444,274,40,595629973,57
230,-94,8872,61920,441,279,52,595630484,57
230,-94,8872,61968,435,279,51,595630994,57
210,-102,8838,61920,436,276,49,595631507,57
210,-102,8838,61904,442,277,43,595632017,57
200,-106,8834,61920,453,289,40,595632527,57
176,-98,8922,61920,453,305,42,595633038,57
176,-98,8922,61920,458,312,44,595633548,57
182,-80,8878,61888,465,302,40,595634058,57
182,-80,8878,61920,472,280,33,595634569,57
224,-38,8786,61920,462,272,26,595635081,57
224,-38,8786,61952,454,270,29,595635591,57
164,-92,8846,61920,449,266,41,595636101,57
164,-92,8846,61936,447,266,50,595636612,57
150,-74,8870,61936,449,271,47,595637122,57
150,-74,8870,61936,458,285,41,595637632,57
196,-112,8866,61936,470,287,35,595638143,57
196,-112,8866,61936,479,282,33,595638653,57
190,-32,8824,61872,474,282,32,595639164,57
190,-32,8824,61904,461,281,27,595639674,57
192,-110,8856,61936,448,272,26,595640184,57
192,-110,8856,61904,441,275,26,595640695,57
186,-110,8866,61904,439,283,28,595641205,57
186,-110,8866,61936,434,292,37,595641716,57
188,-56,8850,61936,435,298,48,595642226,57
188,-56,8850,61920,444,295,53,595642736,57
262,-80,8810,61888,444,295,63,595643247,57
262,-80,8810,61920,444,289,59,595643760,57
186,-94,8874,61888,445,281,41,595644270,57
186,-94,8874,61920,447,282,36,595644781,57
184,-104,8854,61920,448,277,26,595645291,57
184,-104,8854,61952,446,282,25,595645802,57
208,-86,8794,61952,437,291,34,595646316,57
208,-86,8794,61920,439,302,40,595646826,57
226,-84,8850,61920,447,313,35,595647337,57
226,-84,8850,61920,447,310,35,595647847,57
202,-102,8858,61952,454,303,38,595648357,57
202,-102,8858,61936,463,288,33,595648868,57
242,-88,8850,61904,464,277,28,595649382,57
242,-88,8850,61904,455,280,32,595649892,57
278,-88,8776,61904,446,283,39,595650404,57
278,-88,8776,61936,440,287,41,595650915,57
232,-100,8832,61936,442,287,46,595651425,57
232,-100,8832,61936,442,288,45,595651935,57
188,-122,8850,61904,439,290,39,595652448,57
188,-122,8850,61936,444,297,37,595652958,57
180,-120,8808,61904,447,305,30,595653468,57
180,-120,8808,61968,443,299,31,595653979,57
200,-78,8848,61904,447,289,37,595654489,57
200,-78,8848,61904,452,279,31,595655001,57
190,-88,8830,61920,463,275,27,595655512,57
190,-88,8830,61936,458,278,26,595656022,57
162,-108,8844,61920,459,290,25,595656532,57
262,-64,8846,61920,464,296,25,595657043,57
262,-64,8846,61952,457,300,36,595657553,57
288,-94,8868,61920,447,301,41,595658065,57
288,-94,8868,61920,434,297,37,595658576,57
228,-118,8832,61952,426,293,30,595659087,57
228,-118,8832,61920,430,287,29,595659598,57
244,-104,8810,61920,436,284,37,595660108,57
244,-104,8810,61952,440,281,42,595660618,57
226,-80,8838,61936,442,287,39,595661129,57
226,-80,8838,61936,449,294,35,595661639,57
200,-52,8798,61904,448,293,30,595662150,57
200,-52,8798,61936,448,287,34,595662660,57
216,-118,8868,61936,453,271,36,595663170,57
216,-118,8868,61936,457,265,36,595663680,57
226,-126,8892,61904,455,270,38,595664191,57
226,-126,8892,61904,446,274,39,595664701,57
238,-120,8886,61904,440,277,40,595665211,57
238,-120,8886,61936,439,279,40,595665722,57
236,-88,8902,61904,445,284,36,595666232,57
236,-88,8902,61936,457,288,40,595666742,57
224,-96,8880,61952,463,301,50,595667253,57
224,-96,8880,61920,460,311,47,595667767,57
198,-78,8892,61952,452,315,53,595668278,57
198,-78,8892,61920,441,314,43,595668788,57
204,-56,8906,61920,431,305,40,595669298,57
204,-56,8906,61920,426,290,31,595669809,57
206,-76,8868,61920,431,280,28,595670323,57
206,-76,8868,61920,436,268,26,595670833,57
218,-88,8814,61952,442,263,21,595671344,57
218,-88,8814,61920,442,264,18,595671854,57
230,-122,8806,61952,452,264,21,595672364,57
230,-122,8806,61920,455,266,18,595672875,57
206,-86,8822,61904,450,278,20,595673389,57
206,-86,8822,61936,441,293,22,595673899,57
178,-102,8874,61936,452,303,29,595674412,57
178,-102,8874,61936,449,308,40,595674923,57
130,-110,8866,61936,445,301,46,595675433,57
130,-110,8866,61936,450,294,48,595675943,57
236,-84,8808,61936,452,290,47,595676454,57
236,-84,8808,61936,449,286,39,595676964,57
264,-106,8838,61936,454,284,38,595677475,57
264,-106,8838,61936,456,288,37,595677985,57
236,-94,8866,61904,456,292,33,595678496,57
236,-94,8866,61936,460,300,25,595679008,57
236,-66,8856,61952,458,300,17,595679518,57
236,-66,8856,61904,454,299,18,595680028,57
284,-58,8802,61920,448,294,31,595680539,57
284,-58,8802,61936,442,289,38,595681049,57
248,-92,8744,61888,436,281,47,595681559,57
176,-138,8836,61888,434,289,45,595682071,57
176,-138,8836,61920,434,295,47,595682582,57
208,-52,8854,61888,431,300,44,595683092,57
208,-52,8854,61952,429,297,43,595683602,57
228,-54,8874,61920,437,296,34,595684113,57
228,-54,8874,61920,454,291,28,595684623,57
254,-38,8854,61920,460,292,22,595685133,57
254,-38,8854,61936,462,283,15,595685644,57
192,-70,8810,61936,457,276,9,595686154,57
192,-70,8810,61936,447,280,11,595686665,57
208,-110,8824,61936,444,285,19,595687175,57
208,-110,8824,61936,435,286,26,595687685,57
228,-110,8856,61936,427,287,30,595688196,57
228,-110,8856,61968,433,280,37,595688706,57
206,-84,8906,61904,454,279,45,595689216,57
206,-84,8906,61904,472,282,46,595689727,57
154,-58,8804,61904,483,282,39,595690237,57
154,-58,8804,61936,487,274,41,595690747,57
214,-98,8804,61904,473,273,34,595691258,57
214,-98,8804,61952,453,286,21,595691772,57
198,-86,8826,61920,437,291,12,595692282,57
198,-86,8826,61920,427,293,12,595692793,57
174,-104,8816,61920,434,292,14,595693303,57
174,-104,8816,61952,443,296,24,595693814,57
220,-104,8880,61920,448,303,37,595694324,57
220,-104,8880,61952,459,302,40,595694838,57
208,-104,8836,61952,462,297,33,595695349,57
210,-112,8878,61936,432,282,20,595925235,57
194,-104,8852,61952,429,276,17,595925746,57
218,-112,8842,61952,433,285,24,595926256,57
218,-112,8842,61920,441,290,27,595926766,57
202,-146,8840,61920,447,288,30,595927277,57
202,-146,8840,61920,450,284,36,595927787,57
178,-94,8838,61920,450,275,41,595928297,57
178,-94,8838,61920,445,277,47,595928808,57
188,-68,8870,61952,448,273,46,595929318,57
188,-68,8870,61920,452,270,46,595929828,57
200,-36,8880,61904,456,285,43,595930339,57
200,-36,8880,61936,458,303,42,595930853,57
210,-70,8838,61936,452,312,39,595931363,57
210,-70,8838,61936,448,309,40,595931874,57
212,-126,8910,61936,449,300,37,595932384,57
212,-126,8910,61936,441,293,33,595932895,57
220,-118,8870,61936,429,287,33,595933405,57
220,-118,8870,61936,425,282,41,595933919,57
256,-110,8908,61936,437,269,47,595934429,57
256,-110,8908,61936,445,266,49,595934940,57
230,-92,8846,61936,446,272,38,595935450,57
230,-92,8846,61968,444,286,31,595935960,57
214,-140,8892,61952,452,292,18,595936471,57
214,-140,8892,61952,455,292,12,595936981,57
278,-92,8822,61920,454,292,17,595937495,57
278,-92,8822,61920,456,293,23,595938007,57
232,-104,8900,61952,463,290,30,595938518,57
232,-104,8900,61920,455,284,34,595939028,57
212,-56,8958,61952,444,276,34,595939539,57
212,-56,8958,61920,448,265,37,595940049,57
250,-88,8874,61952,453,274,38,595940559,57
250,-88,8874,61920,461,282,37,595941071,57
274,-122,8844,61952,465,292,34,595941582,57
274,-122,8844,61952,461,297,30,595942092,57
232,-72,8794,61936,462,309,39,595942602,57
232,-72,8794,61936,466,304,45,595943113,57
148,-58,8778,61936,467,289,41,595943623,57
148,-58,8778,61936,467,279,24,595944134,57
170,-84,8786,61936,467,271,20,595944644,57
170,-84,8786,61904,464,268,25,595945154,57
200,-86,8868,61936,453,270,38,595945665,57
200,-86,8868,61904,446,278,50,595946175,57
214,-56,8876,61936,446,283,53,595946685,57
214,-56,8876,61904,444,286,48,595947196,57
180,-110,8784,61936,456,288,45,595947706,57
180,-110,8784,61904,465,285,42,595948216,57
176,-134,8854,61904,471,280,45,595948727,57
176,-134,8854,61904,472,279,44,595949237,57
266,-98,8906,61920,453,276,37,595949747,57
266,-98,8906,61936,446,275,28,595950258,57
208,-102,8822,61920,436,271,36,595950768,57
198,-52,8804,61952,434,258,43,595951278,57
198,-52,8804,61920,437,258,47,595951789,57
236,-40,8764,61920,447,270,54,595952299,57
236,-40,8764,61920,451,279,51,595952809,57
204,-98,8806,61920,456,277,51,595953320,57
204,-98,8806,61920,454,276,56,595953830,57
224,-128,8854,61920,448,276,55,595954340,57
224,-128,8854,61920,448,282,46,595954851,57
224,-94,8902,61936,449,285,45,595955361,57
224,-94,8902,61936,452,287,41,595955872,57
248,-88,8858,61936,449,282,35,595956382,57
248,-88,8858,61936,443,281,35,595956892,57
226,-94,8924,61936,460,284,36,595957403,57
226,-94,8924,61904,468,290,47,595957913,57
210,-114,8844,61904,463,290,56,595958427,57
210,-114,8844,61904,459,288,54,595958938,57
252,-98,8832,61936,452,286,46,595959449,57
252,-98,8832,61904,442,287,40,595959959,57
324,-88,8850,61936,444,293,38,595960469,57
324,-88,8850,61936,448,296,43,595960979,57
222,-94,8806,61920,448,309,29,595961494,57
222,-94,8806,61920,448,310,28,595962006,57
188,-80,8806,61952,452,305,25,595962517,57
188,-80,8806,61920,461,297,29,595963027,57
220,-48,8842,61920,465,294,36,595963537,57
220,-48,8842,61920,464,287,31,595964048,57
202,-56,8814,61952,459,277,36,595964558,57
202,-56,8814,61952,467,273,40,595965070,57
162,-132,8784,61920,474,266,32,595965581,57
162,-132,8784,61952,473,274,31,595966091,57
146,-114,8808,61952,471,286,34,595966601,57
146,-114,8808,61920,458,297,35,595967112,57
242,-94,8862,61968,467,306,41,595967622,57
242,-94,8862,61936,468,300,43,595968132,57
196,-66,8826,61936,460,296,28,595968643,57
196,-66,8826,61936,456,292,16,595969153,57
142,-92,8882,61936,452,285,16,595969663,57
142,-92,8882,61904,458,280,22,595970174,57
192,-118,8856,61904,461,285,35,595970684,57
192,-118,8856,61904,457,288,38,595971194,57
252,-132,8882,61936,450,286,37,595971705,57
252,-132,8882,61936,455,285,31,595972215,57
198,-150,8784,61936,451,294,36,595972725,57
198,-150,8784,61936,450,298,49,595973236,57
164,-114,8800,61904,446,296,50,595973746,57
164,-114,8800,61936,447,287,50,595974256,57
190,-124,8824,61920,455,275,39,595974767,57
190,-124,8824,61936,455,269,35,595975277,57
224,-72,8806,61952,455,275,32,595975787,57
224,-72,8806,61936,459,282,29,595976298,57
202,-90,8826,61888,457,291,23,595976808,57
218,-82,8884,61920,449,298,24,595977319,57
218,-82,8884,61952,443,295,24,595977829,57
260,-90,8880,61920,440,292,19,595978339,57
260,-90,8880,61920,446,293,20,595978850,57
262,-46,8814,61952,450,295,24,595979360,57
262,-46,8814,61920,451,287,33,595979874,57
194,-62,8798,61936,451,284,30,595980385,57
194,-62,8798,61936,452,282,34,595980895,57
188,-76,8822,61936,453,276,37,595981405,57
188,-76,8822,61936,451,276,52,595981916,57
212,-112,8824,61936,452,276,58,595982426,57
212,-112,8824,61936,451,280,52,595982940,57
212,-108,8836,61936,452,283,33,595983451,57
212,-108,8836,61904,451,282,20,595983961,57
198,-112,8834,61936,451,287,16,595984471,57
198,-112,8834,61936,450,289,19,595984982,57
214,-156,8780,61936,450,290,26,595985492,57
214,-156,8780,61936,451,291,28,595986004,57
210,-136,8854,61920,458,281,30,595986519,57
210,-136,8854,61952,469,279,32,595987029,57
180,-74,8916,61920,470,282,30,595987539,57
180,-74,8916,61920,465,286,34,595988050,57
172,-122,8856,61952,459,293,39,595988560,57
172,-122,8856,61920,445,294,37,595989072,57
204,-154,8842,61920,436,286,28,595989583,57
204,-154,8842,61920,434,280,31,595990093,57
226,-92,8838,61920,427,283,44,595990603,57
226,-92,8838,61920,437,287,46,595991114,57
144,-66,8846,61952,451,284,41,595991624,57
144,-66,8846,61920,457,276,34,595992135,57
178,-108,8910,61904,448,276,28,596227593,57
178,-108,8910,61936,462,271,30,596228103,57
224,-74,8788,61936,473,270,33,596228615,57
224,-74,8788,61936,470,277,30,596229125,57
222,-96,8818,61904,469,286,24,596229636,57
222,-96,8818,61904,464,291,19,596230146,57
180,-116,8858,61936,468,299,21,596230657,57
180,-116,8858,61936,470,308,28,596231167,57
156,-150,8864,61936,468,305,30,596231677,57
156,-150,8864,61968,468,291,24,596232188,57
252,-102,8836,61936,457,276,22,596232698,57
252,-102,8836,61904,446,271,24,596233208,57
258,-90,8822,61952,431,274,35,596233719,57
258,-90,8822,61920,430,284,42,596234229,57
208,-74,8822,61920,434,280,44,596234739,57
208,-74,8822,61920,441,272,35,596235250,57
178,-58,8826,61920,450,269,36,596235760,57
178,-58,8826,61920,457,271,39,596236271,57
242,-84,8810,61888,463,274,40,596236781,57
242,-84,8810,61920,465,284,40,596237291,57
220,-88,8832,61952,460,294,39,596237802,57
220,-88,8832,61952,450,301,35,596238312,57
224,-64,8868,61952,454,303,30,596238822,57
224,-64,8868,61920,457,304,21,596239332,57
220,-22,8822,61952,448,300,5,596239843,57
220,-22,8822,61936,442,295,6,596240353,57
234,-84,8802,61936,443,288,15,596240864,57
234,-84,8802,61904,443,283,20,596241374,57
154,-100,8886,61936,439,288,29,596241884,57
154,-100,8886,61936,443,298,39,596242395,57
156,-116,8848,61936,447,300,45,596242905,57
156,-116,8848,61904,445,297,47,596243416,57
200,-108,8818,61904,440,296,45,596243926,57
200,-108,8818,61968,446,296,35,596244436,57
214,-64,8798,61968,454,288,31,596244947,57
214,-64,8798,61904,460,270,32,596245457,57
188,-64,8790,61904,469,256,36,596245967,57
188,-64,8790,61904,466,251,43,596246478,57
204,-58,8814,61920,458,263,49,596246988,57
204,-58,8814,61936,453,279,49,596247501,57
250,-80,8854,61920,450,289,42,596248011,57
218,-80,8838,61920,443,297,29,596248521,57
218,-80,8838,61952,442,299,12,596249035,57
174,-38,8822,61888,452,298,9,596249546,57
174,-38,8822,61920,462,295,11,596250056,57
162,-38,8822,61888,459,287,14,596250566,57
162,-38,8822,61920,461,279,20,596251079,57
250,-60,8848,61952,463,271,28,596251589,57
250,-60,8848,61952,459,274,38,596252099,57
210,-46,8804,61936,451,276,49,596252613,57
210,-46,8804,61936,454,279,47,596253124,57
184,-58,8802,61904,449,282,39,596253634,57
184,-58,8802,61936,444,284,33,596254145,57
210,-74,8844,61904,444,280,28,596254655,57
210,-74,8844,61936,451,275,26,596255165,57
214,-86,8818,61904,459,273,24,596255676,57
214,-86,8818,61936,459,275,27,596256186,57
156,-90,8782,61936,452,276,33,596256697,57
156,-90,8782,61936,444,278,48,596257207,57
198,-88,8846,61968,435,283,56,596257717,57
198,-88,8846,61936,439,284,57,596258227,57
260,-74,8820,61920,433,281,48,596258738,57
260,-74,8820,61952,439,276,42,596259248,57
210,-86,8810,61952,451,271,47,596259759,57
210,-86,8810,61952,462,277,49,596260269,57
188,-112,8826,61920,467,284,42,596260779,57
188,-112,8826,61920,463,284,37,596261289,57
176,-134,8802,61888,453,276,37,596261800,57
176,-134,8802,61952,441,273,31,596262310,57
206,-94,8806,61920,438,277,30,596262821,57
206,-94,8806,61920,442,282,37,596263331,57
234,-100,8852,61920,451,282,38,596263841,57
234,-100,8852,61920,458,281,40,596264352,57
162,-98,8844,61888,457,285,34,596264862,57
162,-98,8844,61904,442,291,33,596265373,57
230,-60,8786,61936,432,282,39,596265883,57
230,-60,8786,61936,429,282,41,596266393,57
210,-56,8750,61936,432,284,42,596266903,57
210,-56,8750,61936,434,286,42,596267414,57
174,-128,8830,61904,449,282,40,596267924,57
174,-128,8830,61904,465,274,45,596268434,57
204,-94,8898,61936,463,266,36,596268945,57
204,-94,8898,61904,463,267,26,596269455,57
196,-74,8882,61936,459,275,25,596269965,57
196,-74,8882,61936,459,282,26,596270476,57
212,-86,8850,61936,454,288,28,596270990,57
212,-86,8850,61904,452,289,35,596271502,57
152,-86,8842,61920,455,280,31,596272012,57
152,-86,8842,61936,455,275,34,596272523,57
184,-102,8872,61920,443,280,37,596273033,57
204,-88,8876,61920,437,285,46,596273547,57
204,-88,8876,61920,438,284,47,596274058,57
184,-90,8854,61920,444,282,47,596274568,57
184,-90,8854,61920,451,276,49,596275080,57
202,-112,8846,61920,451,275,50,596275590,57
202,-112,8846,61952,452,278,44,596276101,57
220,-88,8846,61888,456,282,33,596276615,57
220,-88,8846,61904,446,282,17,596277125,57
256,-102,8862,61936,443,281,11,596277636,57
256,-102,8862,61936,453,290,20,596278146,57
248,-108,8888,61904,459,299,32,596278657,57
248,-108,8888,61904,456,303,44,596279167,57
172,-122,8846,61936,454,307,51,596279677,57
172,-122,8846,61968,457,303,61,596280188,57
234,-64,8848,61904,457,292,60,596280698,57
234,-64,8848,61936,449,294,52,596281209,57
254,-102,8818,61936,444,296,36,596281719,57
254,-102,8818,61936,444,299,30,596282229,57
220,-108,8852,61936,441,302,23,596282740,57
220,-108,8852,61936,443,305,21,596283250,57
268,-126,8852,61952,439,303,28,596283760,57
268,-126,8852,61920,437,309,35,596284271,57
240,-94,8826,61920,441,307,35,596284781,57
240,-94,8826,61920,454,303,24,596285291,57
228,-54,8780,61920,448,293,16,596285802,57
228,-54,8780,61920,443,281,21,596286312,57
208,-104,8784,61888,453,275,18,596286822,57
208,-104,8784,61920,461,277,20,596287333,57
196,-128,8800,61920,457,278,33,596287843,57
196,-128,8800,61952,447,270,33,596288353,57
192,-102,8830,61920,444,268,30,596288864,57
192,-102,8830,61920,439,275,34,596289374,57
164,-90,8918,61968,433,289,34,596289884,57
164,-90,8918,61936,440,294,33,596290395,57
176,-60,8898,61936,450,297,35,596290905,57
176,-60,8898,61936,458,299,29,596291416,57
258,-84,8826,61936,463,303,29,596291926,57
258,-84,8826,61904,459,306,40,596292436,57
272,-58,8826,61936,453,298,54,596292946,57
272,-58,8826,61936,449,295,60,596293457,57
216,-102,8782,61936,444,288,53,596293967,57
216,-102,8782,61936,438,288,47,596294478,57
226,-62,8788,61936,439,286,46,596294992,57
226,-62,8788,61936,451,290,42,596295504,57
246,-102,8830,61920,452,291,41,596296014,57
184,-50,8840,61920,468,269,41,596532991,57
184,-50,8840,61920,467,271,41,596533504,57
180,-82,8836,61920,461,271,34,596534014,57
180,-82,8836,61920,455,265,35,596534524,57
236,-70,8822,61952,449,268,40,596535035,57
236,-70,8822,61920,446,280,38,596535545,57
244,-48,8866,61920,449,289,36,596536055,57
244,-48,8866,61920,455,291,37,596536565,57
216,-44,8862,61920,454,284,32,596537078,57
216,-44,8862,61952,440,270,28,596537588,57
200,-88,8812,61936,425,261,27,596538098,57
200,-88,8812,61936,428,263,29,596538609,57
258,-98,8892,61904,429,263,31,596539119,57
258,-98,8892,61936,424,266,34,596539630,57
254,-94,8782,61936,430,274,36,596540144,57
254,-94,8782,61936,447,282,34,596540654,57
200,-108,8796,61968,461,279,26,596541165,57
200,-108,8796,61904,467,271,27,596541675,57
242,-90,8812,61904,474,275,38,596542185,57
242,-90,8812,61904,479,290,57,596542696,57
222,-66,8842,61936,472,293,67,596543206,57
222,-66,8842,61936,465,291,68,596543720,57
172,-94,8862,61920,456,295,54,596544231,57
172,-94,8862,61936,456,293,40,596544741,57
168,-70,8794,61952,454,287,13,596545251,57
168,-70,8794,61936,455,284,5,596545762,57
208,-102,8832,61920,461,277,7,596546272,57
220,-76,8878,61920,457,279,21,596546782,57
220,-76,8878,61920,456,281,26,596547293,57
214,-84,8864,61920,455,280,33,596547803,57
214,-84,8864,61888,461,284,40,596548314,57
252,-80,8870,61920,457,288,47,596548824,57
252,-80,8870,61952,447,301,44,596549334,57
280,-132,8812,61920,438,305,47,596549844,57
280,-132,8812,61936,427,299,40,596550355,57
242,-100,8854,61904,425,286,27,596550865,57
242,-100,8854,61936,436,275,23,596551376,57
180,-110,8852,61904,456,272,21,596551886,57
180,-110,8852,61936,468,277,30,596552396,57
194,-106,8864,61936,477,282,32,596552907,57
194,-106,8864,61936,481,284,31,596553417,57
254,-94,8888,61936,478,289,36,596553927,57
254,-94,8888,61936,469,293,38,596554438,57
204,-98,8918,61936,444,300,39,596554948,57
204,-98,8918,61968,431,297,44,596555458,57
216,-98,8874,61968,433,295,43,596555969,57
216,-98,8874,61920,436,300,44,596556479,57
236,-114,8818,61952,443,299,48,596556990,57
236,-114,8818,61920,450,298,48,596557502,57
246,-120,8848,61920,458,296,48,596558012,57
246,-120,8848,61920,466,287,42,596558522,57
198,-104,8786,61920,459,280,35,596559033,57
198,-104,8786,61888,457,274,36,596559543,57
190,-114,8874,61920,456,275,36,596560053,57
190,-114,8874,61952,452,278,29,596560564,57
224,-110,8850,61920,451,271,20,596561076,57
224,-110,8850,61952,450,256,13,596561586,57
240,-82,8848,61920,458,266,13,596562098,57
240,-82,8848,61904,468,284,12,596562608,57
154,-40,8862,61936,466,290,24,596563119,57
154,-40,8862,61936,461,287,32,596563629,57
216,-78,8850,61936,463,286,34,596564139,57
216,-78,8850,61936,465,284,29,596564654,57
216,-114,8838,61936,466,285,30,596565164,57
216,-114,8838,61936,461,282,33,596565674,57
200,-82,8870,61904,450,281,35,596566185,57
200,-82,8870,61936,443,283,45,596566695,57
212,-84,8860,61936,439,290,46,596567205,57
212,-84,8860,61904,434,297,43,596567719,57
240,-68,8844,61936,433,295,33,596568230,57
240,-68,8844,61936,438,288,33,596568742,57
252,-142,8832,61952,453,280,34,596569252,57
252,-142,8832,61936,453,277,31,596569762,57
214,-90,8836,61920,460,278,31,596570273,57
214,-90,8836,61904,466,279,32,596570783,57
230,-96,8828,61920,464,291,28,596571293,57
214,-122,8870,61920,457,296,30,596571804,57
214,-122,8870,61952,461,300,35,596572314,57
228,-136,8836,61952,465,304,34,596572824,57
228,-136,8836,61920,455,302,26,596573335,57
246,-110,8858,61920,442,302,18,596573845,57
246,-110,8858,61920,441,296,17,596574356,57
220,-142,8894,61920,448,284,21,596574866,57
220,-142,8894,61904,446,270,27,596575376,57
200,-112,8840,61936,449,261,34,596575887,57
200,-112,8840,61904,446,265,43,596576397,57
210,-74,8816,61904,446,275,42,596576907,57
210,-74,8816,61904,449,293,39,596577417,57
226,-64,8830,61904,446,301,33,596577928,57
226,-64,8830,61904,444,302,31,596578438,57
210,-64,8830,61936,449,295,34,596578948,57
210,-64,8830,61968,451,293,38,596579459,57
240,-60,8778,61936,446,298,35,596579969,57
240,-60,8778,61936,447,301,40,596580480,57
240,-108,8864,61904,450,297,42,596580990,57
240,-108,8864,61920,452,296,47,596581502,57
228,-90,8846,61952,453,300,47,596582013,57
228,-90,8846,61888,457,297,38,596582523,57
238,-50,8786,61920,466,291,28,596583033,57
238,-50,8786,61920,467,288,27,596583544,57
216,-108,8788,61952,453,286,26,596584054,57
216,-108,8788,61920,447,289,23,596584564,57
174,-102,8820,61952,454,287,19,596585076,57
174,-102,8820,61952,460,280,21,596585587,57
178,-110,8862,61920,464,281,32,596586101,57
178,-110,8862,61920,457,283,37,596586611,57
234,-98,8796,61888,448,289,42,596587122,57
234,-98,8796,61936,432,290,49,596587632,57
250,-92,8818,61904,427,290,43,596588143,57
250,-92,8818,61936,428,298,39,596588653,57
198,-60,8856,61936,441,301,39,596589167,57
198,-60,8856,61936,452,308,39,596589678,57
196,-62,8842,61936,466,318,42,596590188,57
196,-62,8842,61936,461,309,34,596590698,57
222,-48,8838,61904,447,292,29,596591209,57
222,-48,8838,61936,443,277,28,596591723,57
198,-56,8830,61904,441,272,27,596592233,57
198,-56,8830,61904,434,276,29,596592747,57
202,-110,8838,61920,431,285,30,596593257,57
202,-110,8838,61936,429,287,29,596593768,57
250,-100,8890,61920,434,284,34,596594278,57
250,-100,8890,61904,436,284,35,596594789,57
266,-58,8868,61920,440,292,26,596595299,57
200,-34,8818,61952,444,294,21,596595809,57
200,-34,8818,61952,446,288,15,596596320,57
178,-64,8808,61920,444,282,24,596596830,57
178,-64,8808,61920,445,273,24,596597340,57
202,-66,8774,61888,445,272,27,596597851,57
202,-66,8774,61920,438,268,29,596598361,57
192,-64,8806,61920,431,275,35,596598872,57
192,-64,8806,61952,432,288,43,596599382,57
144,-76,8842,61936,437,304,39,596599892,57
144,-76,8842,61936,440,311,30,596600402,57
166,-126,8826,61936,443,300,28,596600913,57
166,-126,8826,61936,462,296,28,596601423,57
236,-68,8910,61888,462,290,17,596828767,57
222,-72,8862,61920,456,300,30,596829277,57
222,-72,8862,61888,447,298,34,596829787,57
248,-94,8896,61920,443,288,38,596830298,57
248,-94,8896,61920,451,273,38,596830812,57
140,-58,8932,61904,467,270,39,596831322,57
140,-58,8932,61904,470,277,44,596831834,57
144,-84,8900,61936,472,284,41,596832344,57
144,-84,8900,61936,469,293,38,596832854,57
200,-108,8870,61936,461,299,28,596833365,57
200,-108,8870,61936,446,298,24,596833875,57
238,-66,8924,61936,440,292,36,596834386,57
238,-66,8924,61936,432,275,43,596834896,57
188,-52,8826,61936,437,271,42,596835406,57
188,-52,8826,61936,445,278,40,596835917,57
160,-94,8824,61936,447,294,36,596836427,57
160,-94,8824,61936,447,299,42,596836937,57
216,-128,8752,61936,451,298,51,596837449,57
216,-128,8752,61904,448,287,56,596837959,57
214,-114,8752,61920,451,276,56,596838469,57
214,-114,8752,61936,464,276,46,596838979,57
168,-82,8838,61952,468,281,34,596839490,57
224,-84,8886,61920,466,284,27,596840002,57
224,-84,8886,61952,458,285,20,596840513,57
250,-66,8872,61920,453,294,16,596841023,57
250,-66,8872,61920,444,302,17,596841533,57
174,-82,8784,61920,442,302,15,596842044,57
174,-82,8784,61888,448,293,18,596842554,57
206,-102,8828,61920,447,282,29,596843066,57
206,-102,8828,61888,458,273,43,596843576,57
220,-108,8868,61904,467,283,49,596844088,57
220,-108,8868,61904,466,305,39,596844599,57
264,-84,8894,61936,460,317,31,596845109,57
264,-84,8894,61936,459,312,31,596845619,57
226,-138,8830,61936,458,299,27,596846130,57
226,-138,8830,61936,450,291,33,596846640,57
204,-70,8826,61904,439,283,38,596847150,57
204,-70,8826,61904,442,285,47,596847661,57
196,-100,8802,61936,449,289,57,596848171,57
196,-100,8802,61936,458,295,54,596848681,57
214,-118,8864,61936,460,293,45,596849196,57
214,-118,8864,61904,467,283,40,596849706,57
194,-112,8828,61952,458,275,44,596850216,57
194,-112,8828,61952,450,274,49,596850727,57
160,-128,8838,61920,452,269,48,596851237,57
160,-128,8838,61888,455,269,40,596851747,57
228,-120,8792,61888,458,270,21,596852262,57
228,-120,8792,61952,452,281,14,596852772,57
248,-102,8834,61920,446,289,14,596853282,57
248,-102,8834,61920,449,293,20,596853793,57
204,-106,8864,61920,455,304,30,596854303,57
204,-106,8864,61920,456,305,30,596854817,57
176,-126,8884,61920,453,296,29,596855328,57
176,-126,8884,61920,462,287,20,596855842,57
252,-106,8810,61936,469,281,23,596856352,57
252,-106,8810,61936,455,270,25,596856862,57
202,-126,8858,61936,445,272,32,596857373,57
202,-126,8858,61936,448,278,37,596857883,57
208,-112,8868,61904,447,285,40,596858394,57
208,-112,8868,61936,448,293,46,596858904,57
224,-108,8832,61904,458,294,48,596859414,57
224,-108,8832,61936,462,287,40,596859925,57
212,-102,8860,61904,453,287,29,596860435,57
212,-102,8860,61968,447,287,29,596860945,57
152,-62,8874,61936,435,284,41,596861456,57
152,-62,8874,61904,431,285,51,596861966,57
236,-62,8950,61920,434,277,51,596862476,57
236,-62,8950,61936,438,271,44,596862987,57
232,-78,8906,61920,442,264,35,596863499,57
232,-78,8906,61904,445,263,34,596864011,57
186,-70,8888,61952,450,280,32,596864521,57
178,-106,8846,61888,450,291,27,596865032,57
178,-106,8846,61920,442,293,22,596865542,57
220,-74,8850,61920,443,295,27,596866052,57
220,-74,8850,61920,454,300,34,596866563,57
236,-48,8852,61920,461,300,44,596867075,57
236,-48,8852,61920,466,291,44,596867585,57
236,-70,8894,61920,463,278,40,596868095,57
236,-70,8894,61904,460,274,41,596868606,57
186,-112,8910,61904,444,282,47,596869116,57
186,-112,8910,61904,435,293,48,596869626,57
166,-96,8804,61936,438,294,39,596870137,57
166,-96,8804,61936,445,290,28,596870647,57
162,-76,8798,61904,453,283,24,596871158,57
162,-76,8798,61904,462,279,28,596871668,57
150,-54,8872,61904,457,279,31,596872178,57
150,-54,8872,61936,459,291,32,596872688,57
152,-48,8924,61936,458,304,32,596873203,57
152,-48,8924,61904,448,315,31,596873713,57
224,-80,8888,61904,442,319,28,596874223,57
224,-80,8888,61952,445,308,22,596874734,57
288,-54,8874,61920,446,296,31,596875244,57
288,-54,8874,61920,445,292,47,596875754,57
224,-74,8862,61920,447,285,56,596876269,57
224,-74,8862,61888,450,282,58,596876779,57
216,-58,8828,61920,459,284,53,596877289,57
216,-58,8828,61952,463,283,41,596877800,57
240,-62,8818,61920,460,286,33,596878310,57
240,-62,8818,61920,461,285,30,596878824,57
232,-98,8856,61920,459,290,27,596879334,57
232,-98,8856,61952,455,286,31,596879849,57
176,-114,8910,61920,462,279,28,596880359,57
176,-114,8910,61936,465,286,36,596880870,57
226,-120,8932,61904,467,290,37,596881380,57
226,-120,8932,61904,464,289,32,596881890,57
294,-98,8868,61936,456,292,31,596882401,57
294,-98,8868,61936,465,288,28,596882911,57
258,-96,8830,61936,470,280,32,596883421,57
258,-96,8830,61904,461,275,41,596883932,57
224,-110,8884,61904,455,278,50,596884444,57
224,-110,8884,61936,453,276,50,596884954,57
224,-88,8864,61936,445,270,51,596885465,57
224,-88,8864,61904,443,268,49,596885975,57
194,-42,8814,61936,445,264,43,596886486,57
194,-42,8814,61904,451,264,35,596886996,57
188,-58,8822,61952,463,273,30,596887508,57
188,-58,8822,61936,465,282,30,596888019,57
246,-124,8896,61920,467,288,24,596888529,57
246,-124,8896,61936,464,282,28,596889039,57
258,-92,8850,61920,450,276,28,596889549,57
200,-82,8820,61920,439,271,32,596890062,57
200,-82,8820,61920,442,266,35,596890572,57
184,-116,8846,61920,448,267,36,596891084,57
184,-116,8846,61920,456,266,31,596891594,57
206,-98,8848,61920,455,261,33,596892105,57
206,-98,8848,61920,447,256,33,596892615,57
180,-74,8836,61904,442,255,27,596893125,57
180,-74,8836,61936,439,258,32,596893636,57
168,-94,8836,61936,441,267,21,596894146,57
168,-94,8836,61904,446,284,16,596894656,57
166,-172,8870,61904,453,293,18,596895167,57
166,-172,8870,61904,454,293,13,596895677,57
202,-136,8902,61936,448,292,14,596896187,57
202,-136,8902,61904,434,288,24,596896698,57
176,-60,8806,61968,449,326,34,597112387,57
176,-60,8806,61904,447,310,26,597112897,57
198,-94,8892,61904,447,287,28,597113408,57
198,-94,8892,61936,449,273,30,597113922,57
210,-118,8872,61888,453,265,30,597114432,57
210,-118,8872,61920,452,260,31,597114943,57
208,-102,8802,61920,447,268,33,597115453,57
208,-102,8802,61920,441,274,36,597115963,57
210,-126,8794,61888,436,277,40,597116474,57
210,-126,8794,61888,433,274,38,597116984,57
236,-96,8822,61888,441,274,38,597117495,57
236,-96,8822,61920,442,267,34,597118007,57
220,-84,8836,61952,443,263,32,597118517,57
220,-84,8836,61952,449,259,25,597119028,57
146,-118,8842,61920,454,257,26,597119538,57
146,-118,8842,61920,458,259,37,597120048,57
198,-100,8830,61904,456,269,40,597120559,57
198,-100,8830,61968,455,277,45,597121071,57
256,-102,8814,61904,451,289,43,597121581,57
256,-102,8814,61936,464,297,47,597122092,57
156,-58,8880,61936,464,296,44,597122602,57
156,-58,8880,61936,456,294,33,597123112,57
160,-46,8852,61904,451,292,32,597123623,57
160,-46,8852,61936,448,285,32,597124133,57
264,-58,8856,61936,447,276,31,597124643,57
264,-58,8856,61904,458,283,37,597125154,57
236,-28,8860,61936,465,285,36,597125664,57
236,-28,8860,61904,467,281,32,597126175,57
228,-86,8858,61904,459,283,31,597126685,57
228,-86,8858,61904,447,281,29,597127195,57
220,-80,8846,61920,433,279,19,597127705,57
220,-80,8846,61904,434,278,15,597128216,57
230,-74,8818,61920,439,270,11,597128726,57
194,-100,8834,61920,438,268,20,597129236,57
194,-100,8834,61920,440,277,36,597129747,57
160,-80,8872,61920,443,293,38,597130257,57
160,-80,8872,61888,446,298,44,597130767,57
180,-112,8844,61888,442,298,41,597131278,57
180,-112,8844,61888,440,304,34,597131788,57
222,-100,8854,61952,447,305,29,597132303,57
222,-100,8854,61952,450,299,30,597132813,57
168,-74,8860,61936,448,294,27,597133323,57
168,-74,8860,61936,445,292,27,597133834,57
180,-124,8812,61872,443,291,28,597134344,57
180,-124,8812,61904,446,288,35,597134858,57
208,-94,8812,61904,456,288,42,597135369,57
208,-94,8812,61904,469,289,45,597135879,57
244,-116,8796,61936,466,293,50,597136389,57
244,-116,8796,61936,453,287,46,597136900,57
210,-116,8820,61936,445,275,43,597137410,57
210,-116,8820,61936,441,261,44,597137924,57
212,-118,8848,61904,435,263,44,597138435,57
212,-118,8848,61904,430,274,37,597138948,57
216,-64,8862,61920,439,279,21,597139458,57
216,-64,8862,61920,455,277,17,597139968,57
216,-100,8862,61920,453,273,18,597140479,57
216,-100,8862,61920,456,270,24,597140989,57
216,-132,8852,61888,462,270,28,597141501,57
216,-132,8852,61920,455,272,32,597142012,57
236,-88,8902,61888,452,282,38,597142522,57
236,-88,8902,61920,454,287,40,597143032,57
252,-106,8870,61920,455,292,43,597143543,57
252,-106,8870,61920,455,293,43,597144053,57
186,-108,8854,61952,453,291,38,597144563,57
186,-108,8854,61920,451,288,34,597145076,57
160,-122,8918,61904,454,290,21,597145586,57
160,-122,8918,61936,444,287,24,597146096,57
232,-68,8880,61936,440,281,30,597146607,57
232,-68,8880,61936,441,281,35,597147117,57
242,-92,8834,61904,455,283,29,597147627,57
242,-92,8834,61904,459,281,29,597148138,57
238,-104,8864,61904,449,280,25,597148648,57
238,-104,8864,61904,447,284,26,597149158,57
204,-110,8902,61936,451,296,28,597149669,57
204,-110,8902,61936,445,303,30,597150179,57
204,-108,8846,61936,447,306,34,597150689,57
204,-108,8846,61904,446,303,35,597151200,57
264,-118,8816,61920,453,302,36,597151710,57
264,-118,8816,61904,455,298,33,597152221,57
232,-90,8844,61920,463,292,32,597152731,57
232,-90,8844,61904,456,288,33,597153241,57
200,-92,8884,61920,451,283,40,597153752,57
220,-80,8832,61888,454,292,41,597154262,57
220,-80,8832,61920,454,293,36,597154772,57
212,-52,8876,61888,448,290,31,597155283,57
212,-52,8876,61920,447,288,30,597155793,57
220,-94,8868,61888,448,286,24,597156307,57
220,-94,8868,61920,448,288,22,597156818,57
222,-88,8846,61920,445,287,24,597157328,57
222,-88,8846,61920,447,286,25,597157838,57
218,-128,8892,61904,465,287,25,597158349,57
218,-128,8892,61936,469,277,30,597158859,57
192,-142,8854,61936,462,268,37,597159373,57
192,-142,8854,61936,456,273,40,597159884,57
224,-84,8806,61936,458,275,42,597160394,57
224,-84,8806,61936,456,283,35,597160904,57
230,-96,8810,61904,450,293,31,597161415,57
230,-96,8810,61936,444,299,41,597161929,57
196,-82,8876,61936,447,309,49,597162441,57
196,-82,8876,61904,453,306,48,597162955,57
140,-112,8870,61904,462,295,42,597163465,57
140,-112,8870,61920,463,280,35,597163976,57
176,-100,8928,61920,469,279,25,597164486,57
176,-100,8928,61920,466,284,28,597164996,57
214,-100,8860,61952,453,279,36,597165509,57
214,-100,8860,61920,443,280,42,597166019,57
200,-116,8852,61952,439,282,42,597166530,57
200,-116,8852,61952,448,283,39,597167040,57
212,-106,8882,61920,451,285,33,597167550,57
212,-106,8882,61920,446,290,28,597168062,57
202,-130,8848,61888,451,292,27,597168573,57
202,-130,8848,61920,460,287,30,597169085,57
244,-102,8852,61920,458,278,33,597169595,57
244,-102,8852,61936,457,273,30,597170106,57
208,-64,8862,61904,454,265,23,597170616,57
208,-64,8862,61936,443,272,20,597171126,57
236,-74,8814,61936,434,285,17,597171637,57
236,-74,8814,61904,433,286,26,597172147,57
230,-90,8892,61904,434,288,47,597172657,57
230,-90,8892,61936,441,283,51,597173168,57
194,-48,8860,61968,447,278,43,597173678,57
194,-48,8860,61936,449,276,29,597174188,57
194,-22,8826,61936,455,284,20,597174699,57
194,-22,8826,61904,465,287,16,597175209,57
190,-78,8876,61936,462,290,13,597175719,57
190,-78,8876,61936,461,287,16,597176230,57
266,-76,8830,61920,452,288,26,597176740,57
266,-76,8830,61904,454,285,24,597177250,57
184,-78,8870,61920,466,290,33,597177761,57
184,-78,8870,61904,467,294,30,597178271,57
182,-102,8852,61952,468,290,31,597178781,57
222,-98,8854,61952,465,283,33,597179292,57
222,-98,8854,61952,456,281,36,597179802,57
166,-52,8832,61920,462,291,22,597411208,57
172,-66,8850,61888,467,286,21,597411718,57
172,-66,8850,61920,468,275,20,597412229,57
172,-66,8856,61920,466,264,24,597412739,57
172,-66,8856,61920,458,269,30,597413249,57
176,-78,8878,61920,449,278,45,597413760,57
176,-78,8878,61920,446,284,53,597414270,57
196,-114,8880,61952,437,286,61,597414780,57
196,-114,8880,61920,432,289,58,597415291,57
208,-80,8872,61952,437,284,43,597415801,57
208,-80,8872,61920,439,275,36,597416311,57
214,-98,8836,61936,442,265,42,597416822,57
214,-98,8836,61936,446,267,42,597417332,57
238,-132,8870,61936,449,273,41,597417843,57
238,-132,8870,61936,460,279,43,597418353,57
288,-128,8828,61936,462,286,42,597418863,57
288,-128,8828,61904,467,297,41,597419374,57
290,-110,8810,61904,462,305,39,597419884,57
290,-110,8810,61936,449,307,40,597420394,57
204,-80,8800,61936,445,307,41,597420905,57
204,-80,8800,61904,452,295,35,597421419,57
184,-56,8842,61968,455,288,30,597421929,57
184,-56,8842,61936,457,290,22,597422442,57
228,-88,8814,61920,463,285,27,597422952,57
228,-88,8814,61936,464,280,30,597423462,57
242,-104,8858,61920,458,287,24,597423973,57
242,-104,8858,61936,454,297,20,597424487,57
222,-92,8838,61920,455,302,29,597424997,57
214,-80,8824,61920,448,302,32,597425510,57
214,-80,8824,61920,443,300,38,597426020,57
264,-68,8854,61920,435,297,41,597426530,57
264,-68,8854,61920,433,293,38,597427044,57
226,-52,8798,61888,442,287,36,597427555,57
226,-52,8798,61920,442,285,32,597428070,57
218,-94,8814,61936,443,289,31,597428580,57
218,-94,8814,61936,447,292,37,597429091,57
208,-98,8842,61904,457,296,42,597429601,57
208,-98,8842,61936,461,294,48,597430112,57
248,-68,8834,61936,470,294,42,597430622,57
248,-68,8834,61936,479,292,29,597431132,57
218,-90,8858,61936,481,285,37,597431643,57
218,-90,8858,61936,477,289,41,597432153,57
162,-54,8818,61936,467,302,28,597432663,57
162,-54,8818,61936,450,306,19,597433174,57
172,-112,8864,61936,443,299,18,597433684,57
172,-112,8864,61936,440,292,25,597434194,57
236,-114,8864,61936,441,282,36,597434705,57
236,-114,8864,61952,451,274,42,597435215,57
228,-60,8846,61920,454,276,46,597435725,57
228,-60,8846,61920,459,286,36,597436236,57
158,-98,8798,61920,462,290,22,597436746,57
158,-98,8798,61920,455,289,21,597437256,57
184,-120,8838,61952,456,293,20,597437767,57
184,-120,8838,61920,458,297,21,597438277,57
216,-84,8850,61952,452,304,31,597438787,57
216,-84,8850,61888,455,299,32,597439298,57
138,-116,8848,61952,462,290,32,597439808,57
138,-116,8848,61920,464,278,37,597440318,57
138,-118,8892,61920,459,274,31,597440829,57
138,-118,8892,61904,465,276,35,597441339,57
216,-78,8796,61904,473,268,39,597441849,57
216,-78,8796,61936,475,270,40,597442360,57
238,-78,8826,61936,476,276,50,597442870,57
238,-78,8826,61904,469,280,49,597443380,57
220,-88,8884,61936,463,280,47,597443891,57
220,-88,8884,61904,464,280,43,597444401,57
238,-122,8822,61936,464,277,42,597444911,57
238,-122,8822,61904,464,272,47,597445422,57
250,-156,8822,61904,456,271,42,597445932,57
250,-156,8822,61904,448,276,30,597446444,57
234,-122,8874,61936,441,273,29,597446954,57
234,-122,8874,61936,444,274,34,597447465,57
222,-100,8784,61920,460,280,37,597447975,57
222,-100,8784,61936,469,280,47,597448490,57
228,-88,8864,61952,464,276,47,597449002,57
228,-88,8864,61904,458,281,37,597449512,57
254,-88,8864,61920,463,289,28,597450023,57
232,-110,8902,61920,460,291,24,597450533,57
232,-110,8902,61920,450,294,20,597451043,57
244,-130,8828,61952,450,293,19,597451553,57
244,-130,8828,61920,447,290,35,597452070,57
224,-116,8806,61920,447,291,56,597452580,57
224,-116,8806,61952,447,296,63,597453091,57
210,-86,8888,61936,450,295,54,597453601,57
210,-86,8888,61904,444,285,53,597454111,57
162,-70,8872,61904,453,284,44,597454622,57
162,-70,8872,61936,456,284,43,597455132,57
186,-156,8846,61904,448,284,43,597455643,57
186,-156,8846,61904,442,282,43,597456153,57
262,-122,8844,61904,443,279,40,597456663,57
262,-122,8844,61904,449,276,35,597457174,57
206,-76,8886,61936,456,276,34,597457684,57
206,-76,8886,61936,473,282,37,597458194,57
144,-100,8904,61936,485,281,43,597458705,57
144,-100,8904,61904,487,283,44,597459215,57
200,-136,8874,61936,473,299,49,597459725,57
200,-136,8874,61920,466,309,46,597460236,57
228,-114,8840,61952,466,300,34,597460746,57
228,-114,8840,61952,463,292,19,597461256,57
210,-108,8834,61920,457,291,17,597461767,57
210,-108,8834,61920,453,285,29,597462277,57
184,-114,8868,61920,453,273,41,597462788,57
184,-114,8868,61920,457,266,42,597463298,57
192,-114,8872,61920,459,259,37,597463808,57
192,-114,8872,61888,457,257,30,597464319,57
194,-106,8860,61952,462,252,29,597464829,57
194,-106,8860,61920,460,253,33,597465339,57
202,-76,8850,61952,462,259,27,597465850,57
202,-76,8850,61936,456,267,24,597466360,57
192,-102,8838,61904,453,271,19,597466870,57
192,-102,8838,61904,450,277,28,597467381,57
244,-120,8772,61904,447,280,30,597467891,57
244,-120,8772,61936,450,284,21,597468402,57
228,-72,8852,61936,452,285,20,597468912,57
228,-72,8852,61936,458,280,21,597469422,57
144,-74,8874,61936,455,275,27,597469933,57
144,-74,8874,61936,449,270,24,597470447,57
212,-88,8790,61936,447,267,18,597470957,57
212,-88,8790,61936,451,267,31,597471468,57
286,-72,8826,61904,452,275,43,597471978,57
286,-72,8826,61936,452,280,44,597472488,57
264,-84,8890,61920,448,286,47,597473005,57
264,-84,8890,61904,448,293,45,597473515,57
192,-126,8846,61920,451,293,44,597474025,57
192,-126,8846,61936,451,298,42,597474535,57
198,-106,8824,61920,454,302,40,597475046,57
250,-96,8794,61920,457,296,41,597475556,57
250,-96,8794,61888,451,291,37,597476072,57
194,-78,8822,61920,447,298,25,597476582,57
194,-78,8822,61920,444,304,23,597477093,57
212,-80,8846,61920,446,312,20,597477603,57
212,-80,8846,61920,447,317,24,597478114,57
236,-44,8840,61936,445,310,44,597478624,57
236,-44,8840,61904,446,297,44,597479134,57
258,-42,8846,61904,451,283,35,597479645,57
258,-42,8846,61936,453,268,31,597480155,57
210,-80,8846,61904,461,271,25,597480666,57
202,-144,8916,61952,449,286,36,597702439,57
200,-86,8892,61952,441,283,39,597702949,57
200,-86,8892,61920,439,282,40,597703460,57
192,-118,8864,61920,444,286,28,597703970,57
192,-118,8864,61952,450,287,21,597704480,57
136,-92,8872,61920,446,292,23,597704991,57
136,-92,8872,61920,445,295,30,597705503,57
190,-126,8826,61920,437,294,36,597706013,57
190,-126,8826,61920,439,286,41,597706524,57
288,-66,8848,61920,444,278,41,597707034,57
288,-66,8848,61920,443,276,37,597707544,57
266,-102,8858,61920,433,275,30,597708055,57
266,-102,8858,61904,440,280,16,597708565,57
196,-90,8822,61936,450,277,9,597709077,57
196,-90,8822,61936,455,279,17,597709591,57
194,-96,8822,61904,448,285,23,597710103,57
194,-96,8822,61936,448,286,23,597710613,57
262,-90,8876,61936,452,279,32,597711124,57
262,-90,8876,61936,441,279,37,597711634,57
220,-116,8906,61936,444,277,43,597712144,57
220,-116,8906,61904,455,271,44,597712655,57
200,-134,8958,61904,466,269,43,597713169,57
200,-134,8958,61904,464,280,38,597713679,57
196,-110,8876,61936,452,289,28,597714190,57
196,-110,8876,61904,440,294,28,597714700,57
240,-110,8856,61920,433,298,24,597715211,57
240,-110,8856,61936,433,296,17,597715721,57
180,-154,8900,61920,433,285,28,597716231,57
220,-98,8934,61952,445,279,43,597716742,57
220,-98,8934,61952,446,273,52,597717252,57
246,-78,8944,61920,444,279,54,597717762,57
246,-78,8944,61920,453,285,42,597718273,57
212,-118,8892,61920,456,282,28,597718783,57
212,-118,8892,61888,450,283,27,597719294,57
182,-108,8854,61920,447,294,23,597719804,57
182,-108,8854,61888,440,302,15,597720314,57
160,-68,8852,61936,446,291,26,597720825,57
160,-68,8852,61904,441,286,37,597721335,57
226,-58,8818,61936,429,287,36,597721845,57
226,-58,8818,61936,422,287,36,597722356,57
220,-66,8820,61904,430,281,33,597722866,57
220,-66,8820,61936,440,281,32,597723377,57
196,-112,8810,61904,457,280,28,597723887,57
196,-112,8810,61904,464,281,22,597724397,57
156,-102,8836,61904,460,278,21,597724908,57
156,-102,8836,61936,452,274,31,597725418,57
206,-110,8842,61936,441,273,38,597725928,57
206,-110,8842,61904,446,279,40,597726441,57
192,-110,8802,61936,452,282,43,597726951,57
192,-110,8802,61952,464,291,38,597727461,57
204,-72,8866,61920,466,283,32,597727971,57
204,-72,8866,61920,458,281,28,597728482,57
290,-104,8842,61920,446,280,28,597728992,57
290,-104,8842,61952,445,279,32,597729505,57
252,-106,8818,61920,449,276,34,597730015,57
252,-106,8818,61952,454,279,38,597730525,57
188,-110,8860,61952,458,277,41,597731035,57
188,-110,8860,61920,464,277,37,597731550,57
200,-150,8836,61920,468,275,30,597732062,57
200,-150,8836,61920,462,279,30,597732572,57
302,-100,8800,61888,458,288,27,597733085,57
302,-100,8800,61936,453,287,23,597733595,57
244,-94,8790,61904,443,286,29,597734109,57
244,-94,8790,61968,431,280,33,597734619,57
208,-72,8810,61936,434,275,35,597735130,57
208,-72,8810,61904,439,278,29,597735640,57
174,-122,8916,61936,444,280,19,597736150,57
174,-122,8916,61904,450,278,18,597736661,57
216,-100,8886,61936,456,277,21,597737175,57
216,-100,8886,61936,468,270,26,597737685,57
210,-80,8846,61936,472,262,33,597738196,57
210,-80,8846,61904,474,266,36,597738706,57
164,-156,8812,61952,470,281,33,597739217,57
164,-156,8812,61904,464,286,37,597739727,57
224,-152,8862,61952,464,285,38,597740237,57
224,-152,8862,61936,469,282,41,597740748,57
246,-104,8856,61920,461,277,39,597741258,57
232,-84,8832,61920,456,279,27,597741768,57
232,-84,8832,61920,462,279,27,597742279,57
144,-130,8892,61952,461,283,31,597742789,57
144,-130,8892,61952,454,291,33,597743299,57
204,-98,8884,61952,456,303,36,597743810,57
204,-98,8884,61920,457,313,29,597744320,57
252,-78,8856,61888,450,309,32,597744830,57
252,-78,8856,61920,451,292,36,597745341,57
220,-108,8814,61904,443,271,36,597745851,57
220,-108,8814,61936,448,262,40,597746361,57
184,-82,8886,61904,447,263,37,597746872,57
184,-82,8886,61936,442,271,29,597747382,57
246,-78,8814,61936,443,279,25,597747892,57
246,-78,8814,61936,444,283,25,597748403,57
192,-80,8830,61936,453,291,31,597748913,57
192,-80,8830,61936,459,300,34,597749423,57
188,-70,8786,61936,460,312,30,597749934,57
188,-70,8786,61936,465,318,30,597750446,57
194,-54,8810,61904,466,316,35,597750956,57
194,-54,8810,61904,460,299,46,597751467,57
230,-62,8810,61920,449,279,43,597751977,57
230,-62,8810,61920,446,275,37,597752488,57
186,-100,8846,61920,437,279,28,597752998,57
186,-100,8846,61888,427,283,24,597753510,57
180,-74,8826,61920,433,277,22,597754020,57
180,-74,8826,61920,438,281,35,597754531,57
218,-8,8802,61920,444,278,37,597755041,57
218,-8,8802,61920,442,270,38,597755555,57
214,-60,8808,61952,440,260,37,597756068,57
214,-60,8808,61920,445,260,41,597756578,57
156,-76,8798,61920,457,265,43,597757090,57
156,-76,8798,61920,462,276,44,597757600,57
162,-90,8758,61936,455,291,40,597758111,57
162,-90,8758,61936,451,287,39,597758625,57
234,-120,8792,61936,442,287,38,597759135,57
234,-120,8792,61904,436,290,40,597759645,57
240,-102,8854,61904,425,290,36,597760156,57
240,-102,8854,61904,422,280,22,597760666,57
126,-90,8826,61936,425,274,17,597761180,57
126,-90,8826,61904,444,282,20,597761691,57
178,-112,8840,61904,468,288,25,597762205,57
178,-112,8840,61904,472,291,29,597762715,57
210,-108,8850,61904,471,291,40,597763225,57
210,-108,8850,61904,470,291,38,597763736,57
162,-84,8912,61920,456,297,28,597764246,57
162,-84,8912,61936,450,307,25,597764757,57
180,-116,8890,61920,448,318,31,597765267,57
180,-116,8890,61904,453,319,35,597765777,57
250,-96,8840,61920,448,318,31,597766288,57
274,-72,8874,61920,449,305,34,597766798,57
274,-72,8874,61888,454,288,34,597767308,57
174,-94,8824,61920,450,282,29,597767819,57
174,-94,8824,61952,452,284,23,597768329,57
152,-102,8868,61920,455,287,28,597768839,57
152,-102,8868,61920,461,297,34,597769350,57
182,-126,8922,61920,463,297,42,597769860,57
198,-74,8808,61936,457,297,21,597994666,57
194,-60,8840,61920,445,273,22,597995176,57
194,-60,8840,61952,445,261,27,597995687,57
144,-80,8888,61920,451,259,30,597996197,57
144,-80,8888,61888,447,264,29,597996711,57
212,-96,8840,61920,455,270,33,597997222,57
212,-96,8840,61920,465,279,37,597997732,57
282,-58,8832,61920,469,281,38,597998242,57
282,-58,8832,61952,470,282,42,597998753,57
246,-68,8838,61920,464,287,39,597999267,57
246,-68,8838,61920,457,286,26,597999777,57
166,-92,8838,61920,453,292,21,598000291,57
166,-92,8838,61952,457,303,24,598000801,57
204,-70,8874,61936,454,307,26,598001312,57
204,-70,8874,61936,449,308,27,598001822,57
236,-72,8878,61936,435,301,23,598002333,57
236,-72,8878,61936,423,285,19,598002843,57
174,-64,8850,61936,422,279,19,598003353,57
174,-64,8850,61936,426,274,21,598003864,57
170,-102,8872,61936,443,277,29,598004374,57
170,-102,8872,61904,469,284,29,598004884,57
172,-74,8816,61936,478,292,20,598005395,57
172,-74,8816,61968,477,294,16,598005905,57
208,-86,8890,61936,475,297,19,598006416,57
208,-86,8890,61936,466,300,20,598006926,57
168,-114,8906,61952,444,304,39,598007436,57
168,-114,8906,61968,436,299,51,598007947,57
220,-98,8878,61920,434,289,59,598008457,57
220,-98,8878,61936,439,289,53,598008967,57
220,-46,8896,61952,449,293,40,598009478,57
250,-56,8822,61920,464,287,34,598009988,57
250,-56,8822,61920,476,289,36,598010500,57
252,-64,8838,61920,481,289,33,598011011,57
252,-64,8838,61920,480,287,35,598011521,57
224,-60,8892,61952,469,294,32,598012031,57
224,-60,8892,61952,461,297,23,598012542,57
256,-16,8860,61952,453,291,20,598013052,57
256,-16,8860,61952,447,283,22,598013562,57
168,-40,8826,61936,447,276,28,598014075,57
168,-40,8826,61936,449,271,30,598014585,57
184,-84,8890,61936,453,266,34,598015095,57
184,-84,8890,61904,452,269,46,598015606,57
232,-68,8886,61936,445,269,51,598016116,57
232,-68,8886,61904,450,267,50,598016627,57
208,-76,8832,61936,456,264,39,598017137,57
208,-76,8832,61904,452,268,39,598017651,57
188,-84,8832,61936,445,278,44,598018162,57
188,-84,8832,61904,444,288,38,598018672,57
160,-98,8810,61936,445,292,31,598019182,57
160,-98,8810,61936,450,284,33,598019693,57
196,-84,8852,61920,451,272,24,598020203,57
196,-84,8852,61920,447,272,25,598020717,57
196,-76,8898,61920,444,278,30,598021227,57
196,-76,8898,61920,446,289,32,598021738,57
178,-66,8890,61920,452,296,40,598022248,57
178,-66,8890,61952,458,299,52,598022758,57
206,-40,8846,61920,465,303,50,598023273,57
206,-40,8846,61920,478,302,49,598023783,57
276,-54,8812,61920,478,301,40,598024297,57
276,-54,8812,61920,468,299,37,598024808,57
216,-52,8846,61952,456,299,40,598025318,57
216,-52,8846,61872,442,299,34,598025828,57
194,-54,8836,61904,436,297,29,598026339,57
194,-54,8836,61936,434,288,25,598026849,57
264,-46,8906,61904,442,281,33,598027360,57
264,-46,8906,61904,443,278,50,598027870,57
264,-66,8820,61904,445,279,54,598028380,57
264,-66,8820,61936,447,282,47,598028891,57
194,-80,8840,61936,456,279,42,598029401,57
194,-80,8840,61936,464,284,33,598029911,57
214,-132,8822,61904,464,288,28,598030421,57
214,-132,8822,61904,461,297,31,598030932,57
238,-106,8844,61904,456,299,39,598031444,57
238,-106,8844,61904,449,299,42,598031954,57
212,-38,8900,61920,442,294,40,598032465,57
212,-38,8900,61936,444,291,36,598032975,57
186,-52,8814,61920,450,290,26,598033485,57
186,-52,8814,61936,454,284,18,598033996,57
218,-100,8818,61952,450,284,15,598034508,57
262,-72,8834,61920,447,287,18,598035018,57
262,-72,8834,61920,448,289,23,598035529,57
228,-140,8892,61920,459,285,25,598036039,57
228,-140,8892,61888,473,279,29,598036549,57
194,-84,8846,61920,472,277,37,598037062,57
194,-84,8846,61920,470,274,47,598037572,57
226,-108,8818,61920,463,276,50,598038084,57
226,-108,8818,61936,457,283,49,598038594,57
272,-58,8842,61968,451,290,45,598039105,57
272,-58,8842,61936,454,290,28,598039615,57
252,-50,8804,61904,449,280,22,598040125,57
252,-50,8804,61936,446,273,22,598040636,57
236,-130,8804,61904,448,279,24,598041146,57
236,-130,8804,61904,446,286,38,598041660,57
270,-74,8810,61936,442,299,53,598042171,57
270,-74,8810,61904,442,310,58,598042681,57
252,-60,8818,61936,445,315,54,598043191,57
252,-60,8818,61904,448,299,50,598043702,57
160,-36,8824,61952,460,276,31,598044212,57
160,-36,8824,61920,459,268,18,598044726,57
204,-74,8802,61920,442,272,15,598045237,57
204,-74,8802,61920,436,274,26,598045747,57
244,-36,8834,61920,436,283,31,598046257,57
244,-36,8834,61920,446,285,25,598046768,57
246,-122,8854,61920,451,291,23,598047282,57
246,-122,8854,61920,456,292,19,598047792,57
190,-78,8904,61920,454,294,20,598048306,57
190,-78,8904,61920,448,287,30,598048817,57
246,-102,8856,61920,445,290,30,598049327,57
246,-102,8856,61920,442,302,31,598049838,57
268,-84,8820,61904,434,304,35,598050348,57
268,-84,8820,61936,437,301,44,598050858,57
210,-118,8810,61936,433,298,45,598051369,57
210,-118,8810,61904,437,290,35,598051879,57
196,-122,8834,61936,444,282,28,598052389,57
196,-122,8834,61936,440,281,28,598052900,57
264,-76,8820,61936,435,278,26,598053410,57
264,-76,8820,61904,443,279,20,598053920,57
274,-102,8820,61936,442,281,26,598054431,57
274,-102,8820,61936,442,279,24,598054941,57
198,-44,8838,61936,449,274,31,598055452,57
198,-44,8838,61936,452,275,38,598055962,57
128,-60,8856,61936,446,274,30,598056472,57
128,-60,8856,61936,448,273,21,598056983,57
194,-98,8892,61920,452,275,17,598057493,57
194,-98,8892,61936,457,283,20,598058005,57
236,-130,8846,61920,459,279,31,598058516,57
198,-90,8868,61920,465,270,30,598059026,57
198,-90,8868,61920,471,269,32,598059536,57
160,-84,8856,61920,464,273,32,598060046,57
160,-84,8856,61920,451,281,36,598060557,57
212,-94,8848,61920,444,293,34,598061069,57
212,-94,8848,61888,448,293,36,598061579,57
218,-68,8892,61920,449,296,35,598062091,57
218,-68,8892,61920,452,296,34,598062601,57
148,-114,8772,61936,456,290,16,598298559,57
148,-114,8772,61936,454,292,22,598299071,57
202,-92,8808,61904,450,292,42,598299582,57
202,-92,8808,61936,450,291,50,598300092,57
246,-52,8804,61936,456,289,49,598300602,57
246,-52,8804,61936,459,285,38,598301113,57
198,-80,8806,61936,455,281,23,598301623,57
198,-80,8806,61936,457,283,23,598302133,57
204,-146,8810,61904,458,285,26,598302644,57
204,-146,8810,61936,456,280,22,598303154,57
244,-100,8854,61904,458,281,29,598303665,57
244,-100,8854,61904,460,292,34,598304175,57
220,-92,8924,61952,462,308,27,598304685,57
220,-92,8924,61936,460,310,27,598305196,57
202,-128,8890,61952,462,297,32,598305706,57
202,-128,8890,61936,458,283,32,598306216,57
180,-110,8852,61920,462,280,34,598306727,57
184,-80,8862,61920,470,283,34,598307237,57
184,-80,8862,61920,466,282,39,598307747,57
224,-66,8786,61920,458,277,35,598308258,57
224,-66,8786,61952,456,275,32,598308768,57
166,-44,8822,61920,459,286,31,598309278,57
166,-44,8822,61920,460,297,32,598309789,57
194,-100,8878,61920,458,293,28,598310299,57
194,-100,8878,61936,457,285,32,598310810,57
230,-70,8892,61936,464,285,28,598311324,57
230,-70,8892,61936,468,294,25,598311834,57
186,-94,8862,61936,461,305,30,598312345,57
186,-94,8862,61936,448,305,36,598312855,57
150,-98,8838,61936,442,294,42,598313365,57
150,-98,8838,61936,437,286,43,598313876,57
204,-80,8838,61936,440,280,38,598314390,57
204,-80,8838,61904,448,286,38,598314900,57
218,-78,8820,61904,452,293,25,598315410,57
218,-78,8820,61904,456,290,20,598315921,57
170,-112,8834,61904,453,282,27,598316431,57
170,-112,8834,61952,449,273,21,598316942,57
210,-124,8876,61952,445,273,17,598317452,57
210,-124,8876,61920,448,284,16,598317962,57
264,-104,8812,61920,451,287,18,598318473,57
264,-104,8812,61920,450,286,22,598318983,57
246,-120,8776,61920,452,281,27,598319494,57
246,-120,8776,61920,449,270,35,598320006,57
232,-112,8814,61920,440,262,46,598320516,57
232,-112,8814,61952,433,262,46,598321026,57
228,-136,8794,61920,432,272,49,598321537,57
228,-136,8794,61952,439,281,47,598322047,57
242,-128,8788,61952,443,287,31,598322557,57
242,-128,8788,61936,457,290,21,598323069,57
158,-58,8842,61936,460,301,24,598323580,57
158,-58,8842,61904,457,304,28,598324091,57
174,-94,8842,61968,449,301,36,598324601,57
174,-94,8842,61936,442,290,43,598325111,57
220,-118,8816,61936,446,288,49,598325622,57
220,-118,8816,61936,438,293,55,598326132,57
274,-74,8870,61936,432,294,50,598326642,57
274,-74,8870,61936,437,282,39,598327153,57
224,-102,8866,61936,444,272,33,598327663,57
224,-102,8866,61936,451,273,33,598328173,57
154,-88,8862,61968,450,272,42,598328684,57
154,-88,8862,61936,462,268,51,598329194,57
180,-84,8748,61920,476,263,50,598329704,57
180,-84,8748,61936,480,268,46,598330215,57
266,-68,8742,61920,471,284,39,598330725,57
266,-68,8742,61936,465,298,34,598331235,57
224,-84,8836,61920,464,314,37,598331746,57
184,-130,8866,61952,465,318,31,598332256,57
184,-130,8866,61952,469,309,24,598332770,57
302,-102,8850,61920,471,296,26,598333281,57
302,-102,8850,61920,467,287,28,598333791,57
240,-66,8782,61920,458,285,24,598334302,57
240,-66,8782,61952,453,285,19,598334812,57
200,-78,8790,61936,459,286,23,598335326,57
200,-78,8790,61936,458,284,39,598335837,57
208,-126,8770,61936,456,287,44,598336347,57
208,-126,8770,61968,449,292,45,598336857,57
214,-116,8824,61904,443,288,38,598337368,57
214,-116,8824,61936,437,277,31,598337878,57
174,-80,8874,61968,444,274,34,598338392,57
174,-80,8874,61936,442,276,35,598338903,57
190,-102,8834,61936,438,289,29,598339416,57
190,-102,8834,61968,436,297,22,598339926,57
224,-112,8784,61936,441,296,13,598340436,57
224,-112,8784,61936,441,294,11,598340947,57
212,-94,8820,61920,447,287,3,598341457,57
212,-94,8820,61920,454,278,8,598341967,57
190,-130,8818,61920,462,273,17,598342478,57
190,-130,8818,61920,462,273,31,598342988,57
224,-120,8772,61952,459,273,36,598343501,57
224,-120,8772,61920,454,270,40,598344011,57
222,-90,8832,61920,459,281,37,598344521,57
222,-90,8832,61952,459,298,27,598345032,57
250,-104,8848,61952,455,305,27,598345542,57
250,-104,8848,61920,457,299,37,598346052,57
228,-96,8850,61952,458,293,50,598346563,57
228,-96,8850,61952,459,291,61,598347075,57
234,-98,8840,61920,456,283,62,598347585,57
234,-98,8840,61936,451,278,59,598348095,57
242,-98,8858,61904,451,275,50,598348606,57
242,-98,8858,61904,458,285,43,598349116,57
238,-96,8840,61968,454,292,38,598349626,57
238,-96,8840,61968,452,296,36,598350137,57
206,-186,8814,61936,444,291,35,598350647,57
206,-186,8814,61904,442,283,33,598351158,57
192,-140,8778,61904,440,280,26,598351668,57
192,-140,8778,61904,443,285,29,598352178,57
226,-108,8874,61936,456,287,40,598352688,57
226,-108,8874,61936,463,287,44,598353199,57
266,-126,8848,61936,462,293,41,598353709,57
266,-126,8848,61936,461,296,33,598354219,57
198,-164,8836,61952,465,296,25,598354730,57
198,-164,8836,61936,464,295,26,598355240,57
174,-58,8902,61920,445,293,31,598355750,57
198,-42,8870,61920,437,286,33,598356261,57
198,-42,8870,61920,440,278,39,598356775,57
192,-116,8792,61920,444,274,42,598357286,57
192,-116,8792,61920,446,274,47,598357796,57
214,-16,8842,61920,451,283,45,598358306,57
214,-16,8842,61920,453,285,44,598358817,57
238,-92,8854,61920,451,281,42,598359327,57
238,-92,8854,61920,449,269,38,598359841,57
178,-44,8820,61936,455,273,41,598360352,57
178,-44,8820,61936,456,280,35,598360862,57
200,-100,8900,61936,455,285,32,598361372,57
200,-100,8900,61936,452,286,35,598361883,57
196,-128,8922,61904,460,280,27,598362397,57
196,-128,8922,61936,461,288,21,598362907,57
198,-126,8838,61904,460,296,20,598363421,57
198,-126,8838,61936,459,297,17,598363932,57
186,-108,8818,61872,459,287,29,598364444,57
186,-108,8818,61904,461,275,38,598364954,57
194,-140,8866,61904,466,274,45,598365465,57
194,-140,8866,61872,460,283,41,598365975,57
190,-106,8842,61952,448,295,31,598366485,57
190,-106,8842,61952,442,306,18,598366996,57
196,-90,8830,61904,445,295,54,598599904,57
196,-90,8830,61904,451,285,50,598600414,57
200,-78,8866,61904,458,270,46,598600924,57
200,-78,8866,61904,457,272,44,598601435,57
220,-136,8830,61920,449,296,40,598601949,57
220,-136,8830,61936,445,310,38,598602459,57
252,-100,8830,61952,454,316,30,598602970,57
252,-100,8830,61936,457,309,28,598603480,57
216,-88,8834,61952,456,295,24,598603991,57
166,-114,8794,61920,460,289,25,598604503,57
166,-114,8794,61920,473,282,35,598605013,57
220,-120,8870,61920,479,272,38,598605527,57
220,-120,8870,61952,474,269,34,598606038,57
228,-120,8838,61888,470,272,21,598606548,57
228,-120,8838,61888,462,281,16,598607058,57
174,-74,8810,61920,446,287,23,598607569,57
174,-74,8810,61936,434,294,27,598608081,57
160,-46,8778,61936,436,295,24,598608591,57
160,-46,8778,61904,439,292,26,598609102,57
196,-46,8828,61904,434,285,38,598609612,57
196,-46,8828,61904,439,275,44,598610122,57
200,-84,8866,61936,452,271,48,598610633,57
200,-84,8866,61936,459,273,52,598611143,57
182,-144,8876,61936,466,279,56,598611653,57
182,-144,8876,61936,476,288,54,598612164,57
214,-118,8862,61936,482,300,48,598612674,57
214,-118,8862,61936,482,297,32,598613185,57
224,-76,8850,61936,485,291,20,598613695,57
224,-76,8850,61920,478,287,25,598614205,57
208,-92,8790,61920,464,285,31,598614715,57
208,-92,8790,61920,457,285,26,598615226,57
182,-104,8854,61920,456,287,30,598615736,57
182,-104,8854,61920,448,291,31,598616246,57
164,-122,8892,61888,450,288,38,598616757,57
164,-122,8892,61920,455,281,43,598617267,57
192,-86,8922,61952,456,280,37,598617778,57
192,-86,8922,61952,453,281,43,598618288,57
192,-136,8906,61920,451,290,51,598618798,57
192,-136,8906,61920,457,291,51,598619309,57
236,-116,8810,61952,459,284,47,598619819,57
236,-116,8810,61952,461,281,41,598620329,57
268,-80,8784,61936,463,284,32,598620840,57
268,-80,8784,61904,465,288,31,598621350,57
244,-88,8860,61904,463,288,30,598621861,57
244,-88,8860,61936,454,287,33,598622371,57
264,-110,8886,61904,454,282,40,598622881,57
264,-110,8886,61904,450,285,40,598623392,57
246,-88,8894,61936,449,287,37,598623906,57
246,-88,8894,61936,453,286,36,598624416,57
244,-126,8888,61936,454,287,35,598624927,57
244,-126,8888,61936,453,295,41,598625437,57
228,-106,8834,61936,458,298,45,598625947,57
228,-106,8834,61936,456,295,40,598626462,57
152,-64,8812,61920,449,295,31,598626972,57
152,-64,8812,61936,448,300,23,598627482,57
176,-128,8858,61920,450,312,16,598627993,57
176,-128,8858,61936,447,311,24,598628505,57
252,-128,8788,61920,443,298,33,598629015,57
204,-122,8870,61920,444,283,42,598629529,57
204,-122,8870,61920,446,269,43,598630040,57
190,-112,8802,61920,445,267,39,598630550,57
190,-112,8802,61952,448,274,32,598631063,57
202,-118,8834,61920,442,282,31,598631573,57
202,-118,8834,61952,449,279,26,598632085,57
184,-80,8844,61920,452,280,33,598632596,57
184,-80,8844,61936,436,287,37,598633106,57
160,-108,8852,61936,424,290,42,598633617,57
160,-108,8852,61904,417,286,41,598634127,57
192,-106,8862,61904,425,282,39,598634637,57
192,-106,8862,61936,434,277,39,598635148,57
224,-46,8844,61904,441,275,34,598635658,57
224,-46,8844,61936,447,270,20,598636168,57
220,-36,8900,61936,445,270,17,598636679,57
220,-36,8900,61872,441,278,26,598637189,57
222,-42,8896,61904,433,288,37,598637699,57
222,-42,8896,61904,436,296,50,598638210,57
238,-114,8852,61904,439,297,49,598638720,57
238,-114,8852,61920,441,280,45,598639230,57
224,-150,8858,61920,445,278,37,598639741,57
224,-150,8858,61920,453,284,23,598640251,57
236,-108,8906,61920,458,285,16,598640761,57
236,-108,8906,61920,457,293,21,598641272,57
224,-128,8896,61920,455,297,33,598641782,57
224,-128,8896,61888,459,306,36,598642292,57
278,-130,8914,61952,461,301,32,598642803,57
278,-130,8914,61920,455,300,31,598643313,57
260,-104,8854,61920,454,305,35,598643823,57
260,-104,8854,61952,459,305,33,598644334,57
248,-46,8860,61920,458,304,39,598644844,57
248,-46,8860,61920,459,294,40,598645354,57
234,-92,8838,61904,464,281,38,598645865,57
234,-92,8838,61904,471,282,35,598646375,57
250,-98,8784,61904,461,282,35,598646886,57
250,-98,8784,61936,451,287,32,598647396,57
274,-74,8836,61936,453,288,27,598647910,57
274,-74,8836,61936,453,282,28,598648421,57
202,-92,8790,61936,453,283,32,598648931,57
202,-92,8790,61904,457,285,46,598649443,57
208,-112,8844,61936,450,292,54,598649954,57
208,-112,8844,61904,434,291,60,598650464,57
218,-90,8878,61936,430,289,59,598650978,57
218,-90,8878,61936,441,295,55,598651489,57
214,-66,8886,61920,452,299,42,598651999,57
214,-66,8886,61936,455,297,31,598652511,57
176,-78,8818,61920,453,283,31,598653022,57
176,-80,8832,61888,451,265,33,598653536,57
176,-80,8832,61920,446,252,37,598654046,57
210,-86,8822,61920,438,254,41,598654560,57
210,-86,8822,61920,450,263,43,598655072,57
196,-94,8840,61920,461,269,51,598655582,57
196,-94,8840,61920,461,289,48,598656093,57
198,-78,8882,61952,461,298,40,598656603,57
198,-78,8882,61920,467,304,24,598657113,57
244,-112,8860,61936,474,288,17,598657624,57
244,-112,8860,61936,472,275,17,598658134,57
254,-66,8896,61936,470,272,27,598658644,57
254,-66,8896,61936,465,277,30,598659155,57
168,-64,8888,61904,455,278,25,598659665,57
168,-64,8888,61904,456,285,22,598660175,57
194,-66,8846,61936,458,295,25,598660686,57
194,-66,8846,61936,471,298,33,598661196,57
216,-112,8870,61936,477,291,48,598661706,57
216,-112,8870,61904,478,283,52,598662217,57
206,-68,8874,61936,468,291,47,598662727,57
206,-68,8874,61904,451,303,37,598663237,57
222,-102,8866,61920,446,313,26,598663748,57
222,-102,8866,61920,448,310,27,598664258,57
194,-134,8916,61952,447,303,29,598664768,57
194,-134,8916,61920,449,292,35,598665279,57
234,-82,8888,61920,455,286,34,598665789,57
234,-82,8888,61920,459,291,34,598666300,57
220,-84,8856,61952,457,286,42,598666810,57
220,-84,8856,61920,458,273,49,598667320,57
180,-64,8860,61952,453,271,50,598667831,57
192,-102,8868,61936,459,315,29,598912401,57
216,-62,8922,61936,458,308,31,598912912,57
216,-62,8922,61936,457,299,35,598913422,57
156,-82,8958,61936,454,283,45,598913932,57
156,-82,8958,61904,451,277,45,598914445,57
216,-102,8906,61904,439,276,43,598914955,57
216,-102,8906,61920,428,289,43,598915465,57
294,-106,8842,61920,435,300,36,598915976,57
294,-106,8842,61920,442,300,38,598916486,57
208,-136,8888,61952,449,296,33,598916996,57
208,-136,8888,61952,454,290,21,598917509,57
212,-108,8908,61920,456,286,20,598918023,57
212,-108,8908,61888,454,286,18,598918533,57
212,-104,8890,61952,451,284,31,598919044,57
212,-104,8890,61920,454,293,45,598919554,57
220,-104,8802,61952,458,288,53,598920066,57
220,-104,8802,61920,454,286,51,598920581,57
226,-98,8828,61920,456,286,44,598921091,57
226,-98,8828,61904,461,291,37,598921601,57
174,-64,8858,61936,456,285,37,598922112,57
174,-64,8858,61936,452,282,34,598922622,57
220,-104,8850,61936,446,285,28,598923132,57
220,-104,8850,61936,434,290,26,598923646,57
284,-100,8882,61936,433,295,22,598924157,57
284,-100,8882,61936,436,296,26,598924669,57
218,-102,8870,61968,437,293,38,598925179,57
218,-102,8870,61936,440,291,36,598925690,57
190,-92,8836,61936,447,290,38,598926200,57
190,-92,8836,61936,451,289,34,598926710,57
200,-88,8792,61936,452,283,36,598927221,57
200,-88,8792,61936,453,281,43,598927731,57
208,-88,8812,61888,448,289,48,598928242,57
208,-88,8812,61936,445,294,47,598928752,57
142,-78,8818,61920,448,297,50,598929262,57
108,-134,8824,61920,456,297,44,598929772,57
108,-134,8824,61920,457,295,45,598930283,57
206,-134,8844,61920,454,294,44,598930793,57
206,-134,8844,61920,450,293,37,598931304,57
192,-98,8830,61920,447,293,32,598931814,57
192,-98,8830,61920,449,296,25,598932324,57
170,-62,8832,61920,443,287,27,598932835,57
170,-62,8832,61920,435,285,37,598933345,57
214,-60,8876,61936,431,285,36,598933856,57
214,-60,8876,61968,433,285,29,598934366,57
228,-52,8916,61936,439,275,31,598934876,57
228,-52,8916,61936,444,269,35,598935387,57
164,-72,8814,61936,451,272,43,598935897,57
164,-72,8814,61904,454,282,43,598936407,57
176,-74,8824,61904,458,287,29,598936918,57
176,-74,8824,61904,457,281,23,598937428,57
212,-48,8850,61904,457,280,23,598937938,57
212,-48,8850,61936,456,291,25,598938449,57
240,-48,8882,61936,453,298,29,598938959,57
240,-48,8882,61936,451,293,37,598939469,57
180,-88,8796,61936,449,280,38,598939980,57
180,-88,8796,61952,443,275,27,598940490,57
230,-146,8836,61920,449,274,19,598941003,57
230,-146,8836,61920,457,277,12,598941513,57
264,-98,8812,61952,452,281,14,598942027,57
264,-98,8812,61952,456,281,26,598942538,57
188,-74,8808,61952,463,276,40,598943048,57
188,-74,8808,61888,458,272,38,598943558,57
198,-48,8860,61920,453,279,37,598944071,57
198,-48,8860,61920,446,284,40,598944581,57
244,-98,8878,61888,444,289,43,598945095,57
244,-98,8878,61952,443,277,44,598945606,57
218,-102,8866,61936,452,269,38,598946116,57
218,-102,8866,61936,459,264,36,598946626,57
208,-66,8854,61936,458,269,44,598947137,57
208,-66,8854,61872,454,280,40,598947651,57
178,-60,8858,61904,451,280,27,598948161,57
178,-60,8858,61904,440,277,11,598948675,57
204,-136,8810,61936,444,272,11,598949186,57
204,-136,8810,61936,448,276,25,598949696,57
238,-124,8856,61936,446,285,39,598950207,57
238,-124,8856,61936,439,293,41,598950717,57
194,-90,8946,61904,441,291,41,598951227,57
194,-90,8946,61904,443,295,43,598951738,57
162,-132,8932,61920,444,301,46,598952248,57
162,-132,8932,61936,446,299,46,598952758,57
222,-156,8900,61920,456,297,36,598953269,57
222,-156,8900,61936,465,295,38,598953779,57
238,-92,8856,61920,465,281,31,598954289,57
200,-80,8830,61952,459,270,26,598954800,57
200,-80,8830,61920,459,267,29,598955310,57
204,-82,8908,61920,456,267,29,598955820,57
204,-82,8908,61952,458,266,29,598956331,57
236,-118,8896,61920,460,267,34,598956841,57
236,-118,8896,61888,463,268,31,598957351,57
188,-144,8794,61952,461,274,35,598957862,57
188,-144,8794,61952,457,282,38,598958372,57
184,-112,8854,61936,459,284,38,598958882,57
184,-112,8854,61968,463,284,42,598959393,57
274,-102,8870,61904,473,283,32,598959903,57
274,-102,8870,61904,479,291,25,598960413,57
224,-64,8850,61936,475,299,19,598960924,57
224,-64,8850,61904,470,297,18,598961434,57
194,-50,8880,61936,466,293,28,598961945,57
194,-50,8880,61904,461,286,32,598962455,57
196,-42,8884,61936,456,287,37,598962965,57
196,-42,8884,61904,448,284,36,598963476,57
228,-36,8866,61936,457,271,34,598963986,57
228,-36,8866,61936,457,264,32,598964496,57
238,-102,8776,61920,448,272,35,598965009,57
238,-102,8776,61920,449,286,43,598965519,57
196,-124,8810,61920,450,296,51,598966029,57
196,-124,8810,61920,445,302,44,598966540,57
210,-70,8870,61920,441,307,33,598967050,57
210,-70,8870,61952,443,308,26,598967560,57
252,-72,8898,61920,444,306,31,598968073,57
252,-72,8898,61888,448,298,26,598968583,57
244,-86,8942,61888,452,293,30,598969097,57
244,-86,8942,61920,448,284,28,598969608,57
188,-122,8866,61920,449,279,28,598970118,57
188,-122,8866,61920,447,272,31,598970629,57
194,-132,8774,61904,448,265,27,598971139,57
194,-132,8774,61904,452,267,23,598971649,57
208,-142,8798,61936,459,283,22,598972160,57
208,-142,8798,61936,461,298,28,598972674,57
190,-100,8854,61936,455,301,30,598973185,57
190,-100,8854,61936,454,301,21,598973695,57
210,-88,8886,61904,457,301,17,598974205,57
210,-88,8886,61936,452,301,19,598974716,57
250,-112,8868,61936,443,300,24,598975226,57
250,-112,8868,61936,448,301,35,598975736,57
234,-78,8890,61936,450,297,42,598976247,57
234,-78,8890,61936,452,290,48,598976757,57
162,-80,8924,61920,452,292,42,598977268,57
162,-80,8924,61904,456,294,40,598977778,57
164,-110,8860,61920,464,291,43,598978288,57
164,-110,8860,61936,466,292,40,598978799,57
230,-132,8858,61920,465,284,37,598979309,57
214,-50,8920,61952,466,274,32,598979819,57
214,-50,8920,61952,465,271,33,598980330,57
158,-116,8878,61920,457,276,34,598980840,57
158,-116,8878,61920,456,287,39,598981350,57
236,-82,8832,61920,458,281,27,599217821,57
220,-26,8818,61952,458,286,18,599218332,57
220,-26,8818,61936,452,289,24,599218842,57
210,-32,8860,61904,448,287,35,599219353,57
210,-32,8860,61936,446,287,46,599219863,57
186,-88,8802,61904,447,290,51,599220373,57
186,-88,8802,61936,452,292,45,599220884,57
202,-54,8786,61968,458,284,32,599221394,57
202,-54,8786,61936,454,280,26,599221904,57
206,-62,8838,61904,455,276,24,599222415,57
206,-62,8838,61936,460,277,28,599222925,57
192,-42,8784,61936,466,282,31,599223435,57
192,-42,8784,61936,460,288,31,599223946,57
172,-78,8760,61936,458,289,30,599224456,57
172,-78,8760,61936,463,289,33,599224966,57
166,-58,8782,61952,454,285,35,599225477,57
166,-58,8782,61936,450,280,36,599225987,57
256,-84,8814,61920,442,278,21,599226499,57
256,-84,8814,61904,447,282,17,599227011,57
202,-66,8888,61952,455,285,18,599227521,57
198,-52,8898,61888,463,283,24,599228032,57
198,-52,8898,61952,474,280,28,599228542,57
236,-64,8902,61952,478,283,28,599229052,57
236,-64,8902,61920,470,285,27,599229563,57
222,-84,8874,61920,458,284,33,599230075,57
222,-84,8874,61920,454,278,38,599230585,57
198,-108,8878,61952,447,281,32,599231095,57
198,-108,8878,61904,444,280,29,599231606,57
224,-96,8878,61936,445,278,22,599232116,57
224,-96,8878,61936,452,272,24,599232626,57
262,-98,8856,61936,446,272,31,599233141,57
262,-98,8856,61936,439,275,33,599233651,57
222,-118,8842,61936,442,281,35,599234161,57
222,-118,8842,61936,457,291,32,599234672,57
200,-118,8814,61936,468,299,37,599235182,57
200,-118,8814,61936,464,300,28,599235692,57
238,-130,8824,61936,463,292,15,599236207,57
238,-130,8824,61936,461,284,13,599236717,57
244,-116,8822,61936,460,281,13,599237227,57
244,-116,8822,61920,461,276,27,599237738,57
180,-146,8830,61920,459,282,36,599238248,57
180,-146,8830,61888,466,285,45,599238762,57
172,-146,8866,61920,469,286,53,599239273,57
172,-146,8866,61920,468,289,54,599239787,57
212,-150,8850,61952,460,293,47,599240297,57
212,-150,8850,61920,462,286,44,599240807,57
188,-166,8914,61952,466,271,40,599241318,57
188,-166,8914,61920,466,260,33,599241828,57
202,-116,8882,61920,458,261,32,599242339,57
202,-116,8882,61952,448,274,31,599242849,57
172,-78,8876,61936,439,290,28,599243360,57
172,-78,8876,61936,436,296,32,599243870,57
244,-66,8902,61936,434,294,40,599244380,57
244,-66,8902,61936,436,294,37,599244891,57
250,-70,8908,61936,430,292,42,599245401,57
250,-70,8908,61904,429,289,43,599245911,57
180,-86,8894,61936,432,286,47,599246422,57
180,-86,8894,61904,450,285,44,599246932,57
224,-84,8846,61936,468,286,38,599247444,57
224,-84,8846,61936,471,285,27,599247955,57
244,-78,8870,61936,457,291,21,599248465,57
244,-78,8870,61904,445,294,22,599248975,57
228,-96,8866,61904,435,288,31,599249486,57
228,-96,8866,61936,435,291,39,599249996,57
190,-118,8896,61920,439,296,47,599250508,57
190,-118,8896,61936,448,294,51,599251019,57
204,-38,8896,61952,471,272,47,599251529,57
274,-68,8800,61920,469,262,49,599252039,57
274,-68,8800,61920,463,264,49,599252550,57
246,-64,8826,61920,460,264,34,599253062,57
246,-64,8826,61920,461,272,32,599253572,57
174,-52,8828,61920,448,286,36,599254084,57
174,-52,8828,61920,437,297,40,599254595,57
236,-64,8784,61888,432,301,44,599255105,57
236,-64,8784,61920,430,299,43,599255615,57
292,-30,8846,61936,436,291,42,599256126,57
292,-30,8846,61904,447,288,36,599256636,57
222,-36,8914,61936,454,286,32,599257150,57
222,-36,8914,61936,464,287,31,599257661,57
206,-84,8910,61936,469,290,24,599258171,57
206,-84,8910,61936,466,288,27,599258681,57
218,-90,8892,61936,465,283,33,599259192,57
218,-90,8892,61936,464,280,33,599259706,57
200,-46,8860,61904,472,279,29,599260217,57
200,-46,8860,61904,458,279,28,599260727,57
146,-96,8872,61936,451,285,36,599261237,57
146,-96,8872,61920,451,293,41,599261748,57
230,-118,8820,61920,450,286,44,599262258,57
230,-118,8820,61920,446,278,46,599262772,57
252,-68,8838,61952,451,275,45,599263283,57
252,-68,8838,61952,455,273,39,599263796,57
228,-78,8826,61920,458,279,31,599264306,57
228,-78,8826,61920,454,286,20,599264816,57
196,-74,8906,61920,453,290,15,599265327,57
196,-74,8906,61920,456,287,24,599265837,57
194,-70,8830,61888,454,287,35,599266348,57
194,-70,8830,61952,453,288,49,599266858,57
226,-30,8834,61920,457,287,58,599267368,57
226,-30,8834,61936,464,282,50,599267879,57
208,-52,8850,61968,467,286,40,599268389,57
208,-52,8850,61936,466,286,43,599268899,57
176,-110,8760,61936,454,286,43,599269410,57
176,-110,8760,61936,448,288,44,599269920,57
220,-90,8882,61936,449,288,41,599270431,57
220,-90,8882,61936,438,282,33,599270941,57
232,-76,8898,61936,421,281,31,599271451,57
232,-76,8898,61936,425,289,28,599271962,57
152,-102,8894,61904,436,295,33,599272472,57
152,-102,8894,61936,436,293,29,599272982,57
192,-50,8870,61904,439,280,20,599273493,57
192,-50,8870,61936,438,277,15,599274005,57
222,-106,8834,61920,449,288,21,599274515,57
222,-106,8834,61936,458,297,30,599275026,57
210,-134,8828,61952,460,304,41,599275536,57
210,-134,8828,61936,460,306,40,599276046,57
190,-124,8884,61920,459,297,45,599276556,57
180,-124,8818,61952,465,289,44,599277069,57
180,-124,8818,61952,452,282,36,599277579,57
200,-54,8852,61920,445,274,42,599278091,57
200,-54,8852,61952,442,273,55,599278601,57
168,-64,8808,61920,440,278,52,599279111,57
168,-64,8808,61920,446,281,52,599279622,57
158,-106,8836,61920,461,280,42,599280132,57
158,-106,8836,61904,466,283,28,599280642,57
200,-84,8826,61904,469,285,26,599281157,57
200,-84,8826,61936,470,283,21,599281667,57
210,-50,8830,61936,465,290,16,599282177,57
210,-50,8830,61904,460,285,23,599282688,57
192,-58,8792,61936,449,286,32,599283198,57
192,-58,8792,61936,447,289,38,599283708,57
162,-84,8834,61904,452,284,45,599284223,57
162,-84,8834,61904,447,282,49,599284733,57
232,-110,8848,61968,442,280,39,599285243,57
232,-110,8848,61936,437,279,24,599285754,57
276,-102,8790,61904,434,279,17,599286264,57
276,-102,8790,61920,433,270,24,599286778,57
264,-88,8790,61920,441,266,39,599524263,57
264,-88,8790,61920,444,270,30,599524774,57
208,-38,8868,61952,442,276,25,599525284,57
208,-38,8868,61952,446,268,18,599525798,57
166,-136,8922,61920,459,271,21,599526308,57
166,-136,8922,61920,459,282,25,599526819,57
212,-144,8824,61952,446,291,27,599527329,57
212,-144,8824,61936,433,291,35,599527839,57
232,-94,8820,61936,436,285,41,599528350,57
232,-94,8820,61936,436,279,47,599528864,57
154,-110,8904,61904,442,276,50,599529374,57
154,-110,8904,61936,454,272,39,599529886,57
162,-136,8892,61936,464,272,30,599530397,57
162,-136,8892,61936,466,279,19,599530907,57
242,-82,8830,61904,467,280,16,599531418,57
242,-82,8830,61904,460,289,21,599531928,57
268,-84,8810,61936,444,295,24,599532438,57
268,-84,8810,61904,439,294,17,599532949,57
182,-100,8818,61904,440,292,23,599533459,57
182,-100,8818,61952,436,291,30,599533969,57
208,-128,8882,61952,440,289,26,599534480,57
208,-128,8882,61920,448,285,22,599534990,57
234,-154,8862,61952,450,278,17,599535502,57
234,-154,8862,61920,453,273,22,599536013,57
206,-114,8832,61920,460,277,29,599536523,57
206,-114,8832,61920,463,281,30,599537033,57
164,-108,8816,61952,462,285,37,599537544,57
164,-108,8816,61952,457,292,48,599538054,57
194,-98,8876,61952,442,296,53,599538564,57
194,-98,8876,61920,434,295,52,599539077,57
260,-88,8882,61920,432,294,45,599539587,57
260,-88,8882,61936,438,281,31,599540097,57
258,-66,8828,61936,450,276,20,599540608,57
258,-66,8828,61936,457,279,16,599541118,57
226,-86,8836,61936,449,280,24,599541628,57
226,-86,8836,61936,440,284,31,599542139,57
230,-94,8836,61904,439,281,32,599542649,57
230,-94,8836,61936,443,281,27,599543159,57
256,-92,8816,61904,446,290,25,599543670,57
256,-92,8816,61904,445,295,29,599544180,57
222,-124,8840,61904,443,295,40,599544690,57
222,-124,8840,61904,449,294,43,599545201,57
226,-114,8848,61936,461,295,42,599545711,57
226,-114,8848,61936,464,296,36,599546221,57
248,-78,8816,61920,464,292,32,599546732,57
248,-78,8816,61904,462,290,33,599547246,57
258,-84,8836,61920,460,287,38,599547756,57
258,-84,8836,61904,453,288,35,599548267,57
178,-78,8866,61920,444,282,33,599548777,57
172,-118,8838,61920,444,278,35,599549288,57
172,-118,8838,61920,453,277,39,599549798,57
240,-106,8902,61920,449,279,47,599550312,57
240,-106,8902,61952,454,283,47,599550823,57
232,-58,8848,61920,459,294,52,599551333,57
232,-58,8848,61920,458,295,44,599551843,57
180,-58,8866,61936,465,292,37,599552354,57
180,-58,8866,61968,458,294,34,599552868,57
224,-58,8856,61936,449,287,31,599553378,57
224,-58,8856,61936,451,285,37,599553892,57
264,-88,8814,61936,458,284,45,599554402,57
264,-88,8814,61936,461,288,37,599554913,57
226,-108,8850,61904,463,282,28,599555423,57
226,-108,8850,61936,463,273,23,599555934,57
178,-120,8874,61904,459,282,26,599556446,57
178,-120,8874,61936,450,294,32,599556956,57
268,-104,8896,61904,448,303,36,599557467,57
268,-104,8896,61936,453,304,43,599557977,57
208,-32,8880,61952,457,302,49,599558487,57
208,-32,8880,61952,461,290,38,599558998,57
140,-58,8828,61952,462,280,25,599559510,57
140,-58,8828,61920,463,281,13,599560020,57
196,-86,8876,61920,455,285,9,599560531,57
196,-86,8876,61920,450,288,22,599561041,57
240,-88,8862,61920,465,288,38,599561551,57
240,-88,8862,61920,470,285,43,599562064,57
224,-88,8814,61920,469,289,48,599562574,57
224,-88,8814,61952,465,293,45,599563086,57
166,-82,8884,61920,465,293,38,599563596,57
166,-82,8884,61920,473,285,36,599564107,57
160,-106,8862,61968,483,288,33,599564617,57
160,-106,8862,61904,486,283,33,599565127,57
206,-90,8856,61936,484,279,23,599565638,57
206,-90,8856,61904,485,280,16,599566148,57
190,-106,8854,61936,473,277,21,599566658,57
190,-106,8854,61968,450,271,24,599567169,57
226,-116,8866,61936,438,277,22,599567679,57
226,-116,8866,61936,445,281,26,599568190,57
276,-120,8826,61936,454,287,31,599568700,57
276,-120,8826,61904,451,293,34,599569210,57
260,-104,8798,61904,452,295,38,599569721,57
260,-104,8798,61936,448,290,30,599570231,57
260,-76,8806,61920,450,291,20,599570741,57
260,-76,8806,61936,445,289,17,599571255,57
232,-46,8780,61920,441,282,23,599571766,57
232,-46,8780,61936,444,281,37,599572276,57
224,-64,8802,61920,456,285,49,599572786,57
208,-18,8860,61920,466,289,51,599573297,57
208,-18,8860,61888,461,282,43,599573807,57
180,-82,8914,61920,453,276,36,599574321,57
180,-82,8914,61920,455,270,37,599574832,57
216,-98,8882,61920,454,279,36,599575342,57
216,-98,8882,61920,450,291,35,599575852,57
270,-92,8856,61920,444,305,31,599576363,57
270,-92,8856,61936,448,314,32,599576877,57
204,-84,8852,61936,455,309,30,599577387,57
204,-84,8852,61904,459,301,28,599577901,57
180,-84,8820,61904,465,293,29,599578412,57
180,-84,8820,61904,466,273,41,599578922,57
178,-38,8884,61904,458,260,48,599579432,57
178,-38,8884,61904,435,260,43,599579943,57
266,-66,8862,61904,435,269,37,599580453,57
266,-66,8862,61904,447,276,34,599580964,57
218,-86,8820,61936,451,277,36,599581474,57
218,-86,8820,61936,448,282,34,599581984,57
200,-122,8844,61904,447,288,32,599582495,57
200,-122,8844,61920,453,303,34,599583007,57
204,-72,8844,61920,455,305,35,599583517,57
204,-72,8844,61920,452,312,38,599584028,57
236,-108,8868,61920,453,308,44,599584538,57
236,-108,8868,61920,458,299,36,599585048,57
186,-152,8890,61920,457,289,25,599585559,57
186,-152,8890,61920,459,282,17,599586071,57
216,-144,8832,61920,460,274,23,599586581,57
216,-144,8832,61920,456,270,32,599587091,57
244,-108,8822,61920,454,269,35,599587602,57
244,-108,8822,61920,453,277,37,599588112,57
210,-92,8854,61952,449,291,40,599588622,57
210,-92,8854,61968,456,302,38,599589133,57
208,-122,8824,61904,465,302,43,599589643,57
208,-122,8824,61904,467,297,35,599590154,57
188,-98,8846,61936,467,283,26,599590664,57
188,-98,8846,61904,455,272,28,599591174,57
198,-88,8866,61904,444,263,28,599591685,57
210,-94,8874,61952,450,295,38,599821564,57
210,-94,8874,61920,452,299,36,599822076,57
258,-102,8816,61904,457,295,28,599822586,57
258,-102,8816,61904,456,291,19,599823096,57
184,-100,8860,61904,453,290,18,599823607,57
184,-100,8860,61936,459,287,18,599824117,57
188,-52,8880,61904,454,283,25,599824627,57
188,-52,8880,61936,449,281,29,599825138,57
198,-94,8826,61904,450,277,28,599825648,57
198,-94,8826,61936,455,275,29,599826159,57
230,-90,8826,61936,453,278,27,599826669,57
230,-90,8826,61936,459,287,26,599827179,57
254,-70,8854,61904,463,290,25,599827689,57
254,-70,8854,61904,461,286,25,599828200,57
212,-122,8852,61920,457,274,21,599828710,57
212,-122,8852,61920,451,270,23,599829220,57
212,-140,8798,61952,450,274,20,599829731,57
212,-140,8798,61920,455,272,18,599830241,57
206,-114,8854,61952,458,280,14,599830751,57
206,-114,8854,61952,456,287,13,599831262,57
184,-112,8828,61952,443,294,17,599831772,57
184,-112,8828,61920,435,295,20,599832282,57
196,-70,8898,61952,444,298,26,599832793,57
196,-70,8898,61952,458,301,25,599833303,57
260,-78,8860,61920,459,297,15,599833813,57
260,-78,8860,61920,450,296,19,599834324,57
248,-96,8912,61952,451,294,22,599834834,57
248,-96,8912,61968,453,289,28,599835344,57
182,-138,8872,61936,458,285,37,599835855,57
182,-138,8872,61936,465,278,36,599836365,57
160,-150,8818,61904,465,272,31,599836875,57
160,-150,8818,61936,467,268,21,599837386,57
218,-114,8788,61936,467,264,16,599837896,57
218,-114,8788,61904,465,266,19,599838407,57
180,-84,8888,61904,461,268,22,599838921,57
180,-84,8888,61936,460,280,21,599839431,57
214,-108,8856,61936,457,286,31,599839942,57
214,-108,8856,61904,454,296,42,599840452,57
200,-114,8858,61936,448,300,51,599840962,57
200,-114,8858,61936,446,285,44,599841473,57
238,-90,8774,61920,454,268,28,599841987,57
238,-90,8774,61904,460,262,25,599842499,57
212,-64,8746,61920,459,266,12,599843011,57
204,-104,8810,61920,457,276,9,599843521,57
204,-104,8810,61952,465,279,16,599844032,57
212,-68,8844,61952,473,285,24,599844542,57
212,-68,8844,61920,469,283,35,599845052,57
188,-122,8844,61920,462,289,39,599845563,57
188,-122,8844,61920,457,295,38,599846075,57
184,-126,8876,61920,446,296,37,599846585,57
184,-126,8876,61920,442,303,37,599847096,57
224,-112,8846,61904,447,308,29,599847606,57
224,-112,8846,61936,451,296,25,599848116,57
240,-94,8892,61968,453,289,30,599848627,57
240,-94,8892,61936,451,283,31,599849137,57
226,-46,8906,61904,458,277,28,599849647,57
226,-46,8906,61936,463,285,23,599850158,57
206,-110,8900,61936,462,297,20,599850668,57
206,-110,8900,61936,456,302,34,599851179,57
208,-112,8860,61936,456,303,48,599851689,57
208,-112,8860,61904,459,296,50,599852199,57
240,-86,8842,61936,453,291,42,599852709,57
240,-86,8842,61904,446,289,37,599853220,57
260,-62,8922,61936,442,285,35,599853730,57
260,-62,8922,61920,443,289,33,599854240,57
224,-68,8944,61888,449,293,31,599854751,57
224,-68,8944,61920,458,282,29,599855261,57
236,-106,8892,61888,467,276,29,599855771,57
236,-106,8892,61920,477,278,33,599856282,57
222,-68,8814,61920,469,280,28,599856792,57
222,-68,8814,61920,457,280,22,599857303,57
184,-54,8802,61920,453,286,28,599857813,57
184,-54,8802,61952,447,289,32,599858323,57
190,-32,8832,61920,445,289,38,599858834,57
190,-32,8832,61920,446,290,44,599859344,57
210,-64,8770,61920,445,292,44,599859854,57
210,-64,8770,61904,450,288,41,599860368,57
202,-114,8860,61968,453,287,37,599860879,57
202,-114,8860,61936,456,284,38,599861389,57
184,-72,8892,61936,462,281,48,599861899,57
184,-72,8892,61904,469,280,47,599862410,57
168,-144,8858,61936,470,280,38,599862920,57
168,-144,8858,61936,466,285,44,599863435,57
258,-114,8912,61904,459,290,44,599863945,57
258,-114,8912,61936,461,293,41,599864455,57
246,-82,8874,61968,469,291,48,599864966,57
246,-82,8874,61936,475,288,41,599865476,57
178,-114,8880,61936,478,285,36,599865986,57
178,-114,8880,61936,478,285,42,599866497,57
174,-72,8892,61952,477,285,44,599867011,57
174,-72,8892,61936,466,285,51,599867522,57
220,-68,8820,61952,453,288,52,599868032,57
224,-80,8814,61920,456,287,50,599868542,57
224,-80,8814,61952,460,283,45,599869053,57
182,-86,8866,61920,461,286,35,599869563,57
182,-86,8866,61920,455,282,27,599870075,57
244,-122,8906,61888,454,277,30,599870586,57
244,-122,8906,61920,456,266,31,599871096,57
236,-74,8844,61920,455,264,34,599871606,57
236,-74,8844,61920,451,271,46,599872117,57
238,-98,8800,61936,449,284,48,599872627,57
238,-98,8800,61936,458,287,49,599873137,57
202,-80,8862,61904,461,288,38,599873648,57
202,-80,8862,61936,450,285,31,599874158,57
266,-80,8902,61936,445,280,17,599874668,57
266,-80,8902,61936,458,275,13,599875179,57
268,-92,8824,61936,465,274,18,599875689,57
268,-92,8824,61936,457,276,28,599876199,57
222,-112,8836,61968,449,286,38,599876710,57
222,-112,8836,61904,448,295,46,599877220,57
204,-140,8802,61968,442,296,41,599877730,57
204,-140,8802,61936,438,290,35,599878241,57
188,-112,8844,61936,443,287,29,599878751,57
188,-112,8844,61920,444,283,37,599879261,57
218,-86,8806,61952,444,289,42,599879772,57
218,-86,8806,61888,452,295,37,599880282,57
216,-88,8864,61920,453,296,35,599880792,57
216,-88,8864,61920,453,296,29,599881303,57
220,-96,8884,61920,451,288,24,599881813,57
220,-96,8884,61888,443,283,25,599882323,57
218,-66,8826,61952,437,284,29,599882834,57
218,-66,8826,61920,441,294,30,599883344,57
204,-68,8814,61920,445,292,25,599883854,57
204,-68,8814,61920,455,299,21,599884365,57
190,-120,8836,61920,464,299,22,599884875,57
190,-120,8836,61936,469,291,32,599885385,57
218,-140,8884,61936,474,271,42,599885896,57
218,-140,8884,61904,469,265,45,599886406,57
244,-72,8870,61904,459,268,39,599886917,57
244,-72,8870,61904,458,280,24,599887427,57
202,-88,8884,61936,450,292,17,599887941,57
202,-88,8884,61936,443,294,10,599888452,57
202,-102,8882,61904,447,290,5,599888962,57
202,-102,8882,61904,447,292,9,599889472,57
150,-70,8862,61904,427,296,32,600119856,57
150,-70,8862,61936,439,293,30,600120367,57
216,-44,8890,61904,452,285,36,600120877,57
216,-44,8890,61936,463,276,51,600121387,57
212,-52,8894,61936,468,270,53,600121898,57
212,-52,8894,61936,470,276,47,600122408,57
154,-90,8874,61968,468,286,47,600122918,57
154,-90,8874,61904,466,285,48,600123429,57
194,-76,8846,61936,463,276,47,600123939,57
194,-76,8846,61936,459,275,47,600124449,57
240,-82,8856,61952,464,281,42,600124960,57
240,-82,8856,61920,462,287,34,600125472,57
240,-90,8836,61920,454,292,24,600125982,57
240,-90,8836,61920,445,288,31,600126493,57
212,-60,8856,61952,443,284,39,600127005,57
212,-60,8856,61920,441,272,34,600127515,57
222,-56,8906,61920,437,267,29,600128030,57
222,-56,8906,61920,442,267,28,600128540,57
224,-82,8896,61920,446,268,27,600129050,57
224,-82,8896,61920,444,274,15,600129561,57
182,-94,8882,61920,440,278,7,600130073,57
182,-94,8882,61936,442,277,6,600130583,57
180,-84,8836,61936,448,281,18,600131097,57
180,-84,8836,61936,453,283,29,600131608,57
212,-142,8814,61904,451,279,34,600132118,57
212,-142,8814,61936,449,275,34,600132628,57
242,-102,8906,61936,450,278,32,600133139,57
242,-102,8906,61904,444,280,39,600133649,57
172,-66,8838,61936,434,279,34,600134160,57
172,-66,8838,61936,425,285,23,600134670,57
156,-100,8792,61904,425,279,25,600135180,57
156,-100,8792,61936,446,275,30,600135691,57
244,-140,8766,61936,468,271,35,600136201,57
244,-140,8766,61936,479,272,47,600136711,57
250,-100,8900,61952,476,275,48,600137222,57
250,-100,8900,61936,475,283,47,600137732,57
208,-90,8866,61920,454,292,41,600138243,57
208,-90,8866,61936,444,294,40,600138753,57
184,-84,8858,61952,436,296,40,600139263,57
262,-68,8890,61920,441,294,30,600139774,57
262,-68,8890,61952,431,287,21,600140284,57
168,-88,8834,61952,433,280,18,600140794,57
168,-88,8834,61920,440,277,19,600141305,57
200,-96,8782,61888,437,277,21,600141815,57
200,-96,8782,61952,442,281,22,600142325,57
250,-86,8794,61952,455,286,19,600142836,57
250,-86,8794,61904,454,283,16,600143346,57
234,-108,8872,61936,445,279,27,600143856,57
234,-108,8872,61936,439,276,36,600144367,57
186,-74,8860,61904,438,277,42,600144877,57
186,-74,8860,61904,441,278,44,600145387,57
168,-84,8734,61936,453,280,47,600145898,57
168,-84,8734,61904,455,278,50,600146408,57
226,-84,8792,61904,454,282,37,600146919,57
226,-84,8792,61936,446,285,27,600147429,57
228,-88,8782,61936,451,281,27,600147939,57
228,-88,8782,61936,458,287,32,600148449,57
188,-74,8824,61968,455,280,31,600148960,57
188,-74,8824,61920,467,277,40,600149474,57
184,-152,8874,61920,476,280,43,600149984,57
184,-152,8874,61920,476,285,42,600150495,57
228,-98,8816,61888,463,275,41,600151007,57
228,-98,8816,61920,453,268,33,600151518,57
274,-48,8842,61920,448,269,35,600152028,57
274,-48,8842,61920,441,273,40,600152542,57
196,-86,8852,61920,431,273,49,600153052,57
196,-86,8852,61920,426,271,52,600153563,57
180,-102,8858,61920,437,281,57,600154075,57
180,-102,8858,61920,438,290,58,600154585,57
238,-102,8860,61984,445,289,65,600155099,57
238,-102,8860,61936,458,278,61,600155610,57
222,-70,8854,61936,467,273,52,600156124,57
222,-70,8854,61936,463,272,34,600156634,57
158,-84,8848,61936,459,279,23,600157144,57
158,-84,8848,61904,450,287,16,600157655,57
176,-118,8840,61904,446,286,13,600158165,57
176,-118,8840,61904,446,293,21,600158676,57
228,-146,8856,61936,450,303,31,600159186,57
228,-146,8856,61904,457,295,43,600159696,57
262,-136,8846,61936,455,286,49,600160207,57
262,-136,8846,61904,451,290,49,600160717,57
206,-108,8900,61904,452,290,48,600161227,57
206,-108,8900,61904,455,288,40,600161738,57
230,-118,8816,61920,450,291,26,600162248,57
230,-118,8816,61904,454,294,25,600162758,57
264,-112,8792,61920,453,300,19,600163269,57
208,-60,8792,61920,444,301,15,600163779,57
208,-60,8792,61920,436,283,26,600164289,57
208,-62,8838,61920,447,268,31,600164800,57
208,-62,8838,61920,460,268,43,600165310,57
226,-22,8848,61920,458,274,42,600165820,57
226,-22,8848,61920,456,280,38,600166331,57
232,-84,8910,61920,456,291,34,600166841,57
232,-84,8910,61952,457,294,25,600167352,57
170,-102,8866,61936,456,296,19,600167862,57
170,-102,8866,61936,455,296,16,600168372,57
154,-66,8858,61936,456,292,14,600168883,57
154,-66,8858,61904,456,292,20,600169393,57
236,-44,8908,61904,452,289,35,600169903,57
236,-44,8908,61936,448,284,49,600170414,57
196,-104,8898,61904,444,284,57,600170924,57
196,-104,8898,61936,440,288,58,600171434,57
182,-122,8802,61936,432,295,44,600171945,57
182,-122,8802,61936,429,294,36,600172455,57
238,-38,8822,61936,434,289,30,600172965,57
238,-38,8822,61904,449,285,29,600173476,57
254,-74,8852,61904,454,279,30,600173986,57
254,-74,8852,61920,443,271,29,600174497,57
252,-144,8788,61920,437,266,31,600175009,57
252,-144,8788,61920,441,268,31,600175519,57
204,-120,8806,61920,446,277,35,600176029,57
204,-120,8806,61920,451,295,42,600176544,57
218,-126,8814,61920,454,305,50,600177054,57
218,-126,8814,61888,463,309,49,600177564,57
188,-116,8862,61920,459,309,41,600178076,57
188,-116,8862,61920,453,307,36,600178587,57
174,-64,8830,61920,447,296,31,600179097,57
174,-64,8830,61920,452,284,26,600179607,57
242,-82,8778,61904,455,269,31,600180122,57
242,-82,8778,61936,464,261,40,600180632,57
226,-68,8798,61904,472,270,36,600181142,57
226,-68,8798,61904,468,284,33,600181653,57
176,-52,8770,61936,455,300,32,600182163,57
176,-52,8770,61904,453,304,34,600182674,57
120,-50,8758,61936,458,297,38,600183184,57
120,-50,8758,61936,459,292,38,600183694,57
178,-78,8750,61936,459,287,40,600184205,57
178,-78,8750,61904,444,285,37,600184715,57
194,-64,8786,61904,437,286,36,600185225,57
194,-64,8786,61936,438,285,38,600185736,57
166,-90,8806,61936,449,276,39,600186246,57
166,-90,8806,61936,452,273,32,600186756,57
196,-82,8874,61952,448,312,30,600425249,57
196,-82,8874,61888,437,301,27,600425759,57
244,-78,8880,61920,440,287,25,600426269,57
244,-78,8880,61920,445,277,23,600426780,57
240,-76,8834,61952,444,273,31,600427290,57
240,-76,8834,61920,448,267,45,600427800,57
238,-64,8794,61920,455,267,50,600428311,57
238,-64,8794,61904,453,259,49,600428821,57
216,-68,8818,61904,450,258,41,600429331,57
216,-68,8818,61904,453,267,35,600429842,57
226,-106,8838,61936,455,275,42,600430352,57
226,-106,8838,61936,453,278,46,600430862,57
270,-64,8848,61936,450,275,46,600431373,57
270,-64,8848,61936,457,266,48,600431883,57
184,-56,8862,61968,449,259,39,600432393,57
184,-56,8862,61904,439,268,32,600432904,57
176,-38,8864,61936,440,286,38,600433414,57
176,-38,8864,61936,443,302,34,600433924,57
224,-124,8876,61904,439,314,40,600434435,57
224,-124,8876,61936,444,314,49,600434945,57
244,-92,8790,61920,451,309,45,600435455,57
244,-92,8790,61936,447,300,42,600435966,57
212,-106,8768,61920,441,295,34,600436476,57
212,-106,8768,61936,447,293,29,600436987,57
170,-78,8850,61888,460,290,39,600437497,57
216,-176,8906,61952,468,277,43,600438009,57
216,-176,8906,61920,470,275,47,600438519,57
232,-68,8864,61920,464,274,49,600439030,57
232,-68,8864,61920,462,273,44,600439540,57
220,-60,8854,61888,457,277,40,600440050,57
220,-60,8854,61888,452,294,42,600440561,57
216,-88,8894,61920,447,299,45,600441073,57
216,-88,8894,61968,444,286,45,600441584,57
218,-102,8818,61904,447,277,40,600442094,57
218,-102,8818,61904,454,274,39,600442604,57
186,-70,8854,61904,456,277,41,600443115,57
186,-70,8854,61904,451,281,36,600443625,57
176,-76,8898,61936,451,285,30,600444139,57
176,-76,8898,61936,442,292,32,600444650,57
184,-142,8850,61936,434,295,31,600445160,57
184,-142,8850,61936,437,289,29,600445670,57
234,-106,8860,61936,450,279,29,600446180,57
234,-106,8860,61936,454,268,29,600446691,57
226,-32,8804,61936,455,265,31,600447205,57
226,-32,8804,61920,462,271,24,600447715,57
202,-98,8854,61920,476,275,25,600448228,57
202,-98,8854,61920,473,276,36,600448738,57
206,-110,8830,61920,465,280,43,600449249,57
206,-110,8830,61920,461,284,39,600449759,57
186,-88,8802,61920,463,292,40,600450269,57
186,-88,8802,61952,456,298,38,600450780,57
152,-98,8800,61920,451,306,28,600451290,57
152,-98,8800,61920,453,314,18,600451800,57
164,-88,8862,61920,450,320,17,600452311,57
164,-88,8862,61920,456,312,15,600452821,57
222,-114,8838,61952,462,301,19,600453331,57
222,-114,8838,61936,460,286,32,600453842,57
246,-108,8820,61904,458,277,49,600454352,57
246,-108,8820,61904,461,271,49,600454862,57
172,-58,8816,61936,450,278,47,600455373,57
172,-58,8816,61904,440,284,44,600455883,57
174,-84,8862,61904,436,283,45,600456394,57
174,-84,8862,61936,439,290,47,600456904,57
244,-58,8886,61904,446,298,49,600457414,57
244,-58,8886,61936,457,299,43,600457924,57
240,-80,8894,61904,465,295,40,600458435,57
240,-80,8894,61936,467,292,31,600458945,57
206,-88,8932,61904,467,286,33,600459455,57
206,-88,8932,61936,457,275,34,600459966,57
198,-98,8864,61920,454,276,31,600460476,57
198,-98,8864,61904,447,280,28,600460987,57
202,-78,8862,61920,449,292,32,600461497,57
202,-78,8862,61904,450,302,36,600462009,57
198,-70,8858,61920,460,306,29,600462520,57
204,-112,8902,61920,461,303,23,600463030,57
204,-112,8902,61920,460,294,25,600463540,57
262,-102,8922,61920,456,288,28,600464050,57
262,-102,8922,61952,457,292,33,600464561,57
248,-92,8870,61952,457,293,38,600465073,57
248,-92,8870,61952,451,296,39,600465587,57
192,-54,8844,61920,444,295,36,600466098,57
192,-54,8844,61904,445,282,40,600466608,57
190,-80,8916,61968,441,274,38,600467118,57
190,-80,8916,61904,431,270,43,600467629,57
226,-88,8842,61904,430,275,48,600468139,57
226,-88,8842,61904,433,289,45,600468653,57
250,-84,8822,61936,438,300,35,600469164,57
250,-84,8822,61936,445,305,24,600469674,57
182,-112,8818,61872,447,295,23,600470185,57
182,-112,8818,61936,450,283,21,600470695,57
180,-132,8808,61936,458,264,25,600471209,57
180,-132,8808,61936,470,259,31,600471720,57
186,-112,8858,61920,455,274,33,600472234,57
186,-112,8858,61920,450,285,37,600472744,57
210,-50,8882,61920,449,285,44,600473254,57
210,-50,8882,61952,439,284,38,600473765,57
228,-72,8810,61952,422,286,33,600474275,57
228,-72,8810,61920,420,289,29,600474786,57
226,-96,8838,61920,436,295,27,600475296,57
226,-96,8838,61920,454,309,29,600475806,57
250,-88,8818,61888,460,314,28,600476317,57
250,-88,8818,61920,456,307,30,600476827,57
222,-36,8828,61920,457,304,42,600477337,57
222,-36,8828,61920,461,305,55,600477848,57
174,-52,8890,61952,463,302,60,600478358,57
174,-52,8890,61936,460,286,55,600478868,57
200,-98,8842,61904,463,275,57,600479379,57
200,-98,8842,61936,462,268,52,600479889,57
212,-102,8840,61904,454,268,53,600480399,57
212,-102,8840,61904,444,271,55,600480910,57
216,-76,8890,61936,438,276,54,600481420,57
216,-76,8890,61904,439,282,52,600481930,57
204,-76,8860,61936,441,289,41,600482442,57
204,-76,8860,61936,451,300,41,600482953,57
224,-78,8834,61936,460,311,26,600483463,57
224,-78,8834,61936,466,310,17,600483973,57
220,-114,8882,61936,465,296,26,600484484,57
220,-114,8882,61936,459,290,36,600484994,57
172,-120,8828,61952,452,279,44,600485507,57
172,-120,8828,61904,452,264,46,600486017,57
182,-112,8808,61920,454,258,41,600486527,57
182,-112,8808,61936,458,254,39,600487037,57
216,-116,8834,61920,461,264,46,600487548,57
194,-168,8852,61952,463,273,44,600488058,57
194,-168,8852,61952,460,281,43,600488568,57
156,-78,8852,61920,455,287,29,600489080,57
156,-78,8852,61952,448,289,15,600489595,57
280,-106,8830,61920,449,292,11,600490105,57
280,-106,8830,61920,453,291,15,600490616,57
266,-78,8876,61936,454,286,28,600491126,57
188,-20,8866,61904,450,271,26,600711892,57
224,-92,8884,61904,455,269,26,600712402,57
224,-92,8884,61936,463,274,31,600712912,57
234,-122,8858,61936,456,272,38,600713423,57
234,-122,8858,61920,443,274,46,600713933,57
216,-94,8898,61952,444,288,41,600714445,57
216,-94,8898,61920,444,306,38,600714956,57
220,-62,8882,61888,437,312,41,600715466,57
220,-62,8882,61952,435,310,41,600715976,57
196,-80,8826,61920,441,304,41,600716487,57
196,-80,8826,61920,442,292,39,600716997,57
196,-60,8876,61952,439,287,42,600717509,57
196,-60,8876,61920,445,286,42,600718020,57
268,-72,8874,61888,452,287,37,600718530,57
268,-72,8874,61920,453,286,39,600719040,57
210,-72,8822,61952,453,284,38,600719551,57
210,-72,8822,61888,448,284,37,600720063,57
170,-98,8852,61936,447,283,31,600720573,57
170,-98,8852,61936,449,274,25,600721085,57
240,-100,8860,61936,449,271,31,600721596,57
240,-100,8860,61936,445,275,29,600722106,57
232,-76,8792,61904,446,281,21,600722616,57
232,-76,8792,61936,450,284,20,600723127,57
200,-70,8760,61936,456,285,19,600723637,57
200,-70,8760,61904,461,288,27,600724147,57
172,-86,8822,61936,463,287,41,600724658,57
172,-86,8822,61936,460,282,46,600725168,57
194,-86,8834,61904,458,282,47,600725678,57
194,-86,8834,61936,455,290,45,600726189,57
260,-64,8862,61952,450,300,42,600726699,57
260,-64,8862,61936,462,304,46,600727209,57
240,-70,8876,61920,467,303,44,600727720,57
240,-70,8876,61936,465,298,42,600728230,57
204,-74,8830,61920,459,293,31,600728741,57
230,-82,8850,61920,459,287,23,600729255,57
230,-82,8850,61952,457,282,25,600729765,57
212,-70,8874,61952,449,275,24,600730276,57
212,-70,8874,61920,448,272,23,600730786,57
196,-52,8888,61952,445,272,25,600731296,57
196,-52,8888,61920,434,275,27,600731807,57
190,-78,8892,61920,435,289,24,600732321,57
190,-78,8892,61936,435,296,25,600732831,57
276,-84,8814,61936,450,292,28,600733341,57
276,-84,8814,61936,458,288,35,600733852,57
264,-86,8844,61936,462,290,33,600734362,57
264,-86,8844,61904,462,291,30,600734873,57
236,-66,8800,61936,459,277,36,600735383,57
236,-66,8800,61904,456,267,31,600735893,57
224,-82,8786,61904,451,268,25,600736404,57
224,-82,8786,61904,451,274,25,600736914,57
268,-80,8828,61936,461,277,25,600737424,57
268,-80,8828,61904,462,282,23,600737935,57
198,-86,8862,61936,454,296,22,600738447,57
198,-86,8862,61920,448,305,21,600738957,57
182,-86,8838,61920,439,295,21,600739468,57
182,-86,8838,61920,441,297,25,600739978,57
216,-84,8908,61920,446,301,30,600740488,57
216,-84,8908,61952,447,307,36,600740999,57
208,-64,8952,61952,447,302,27,600741511,57
208,-64,8952,61920,453,287,29,600742021,57
188,-46,8898,61920,460,273,35,600742532,57
188,-46,8898,61920,455,269,38,600743042,57
184,-94,8832,61920,458,268,44,600743553,57
184,-94,8832,61920,463,269,39,600744065,57
222,-114,8802,61952,467,262,27,600744575,57
222,-114,8802,61936,451,257,26,600745087,57
220,-128,8882,61936,441,270,29,600745597,57
220,-128,8882,61904,445,281,32,600746107,57
236,-96,8880,61936,446,280,30,600746618,57
236,-96,8880,61904,450,278,31,600747128,57
200,-118,8852,61936,452,281,41,600747638,57
200,-118,8852,61904,449,281,42,600748149,57
204,-136,8810,61936,445,283,44,600748659,57
204,-136,8810,61904,438,285,41,600749169,57
206,-80,8842,61904,434,282,37,600749680,57
206,-80,8842,61936,440,282,30,600750190,57
204,-100,8800,61904,449,280,35,600750702,57
204,-100,8800,61904,448,276,46,600751213,57
266,-122,8862,61920,441,275,49,600751723,57
266,-122,8862,61904,438,280,49,600752233,57
264,-50,8870,61952,442,283,31,600752744,57
264,-50,8870,61936,437,287,24,600753258,57
158,-56,8796,61920,435,288,25,600753768,57
192,-80,8842,61952,446,287,19,600754279,57
192,-80,8842,61920,459,286,21,600754789,57
242,-54,8864,61952,452,277,25,600755299,57
242,-54,8864,61920,446,278,28,600755809,57
240,-80,8870,61920,450,283,40,600756324,57
240,-80,8870,61952,448,291,50,600756834,57
158,-40,8862,61936,451,303,58,600757347,57
158,-40,8862,61936,461,308,59,600757857,57
160,-64,8806,61936,468,311,54,600758367,57
160,-64,8806,61936,472,310,42,600758878,57
202,-112,8806,61936,474,303,27,600759388,57
202,-112,8806,61968,471,299,22,600759898,57
168,-130,8826,61936,455,289,17,600760409,57
168,-130,8826,61936,449,278,13,600760919,57
168,-96,8770,61968,454,273,18,600761430,57
168,-96,8770,61936,453,261,21,600761940,57
202,-88,8796,61936,449,260,26,600762450,57
202,-88,8796,61936,446,275,36,600762961,57
186,-116,8862,61904,452,294,49,600763471,57
186,-116,8862,61920,451,299,57,600763981,57
232,-112,8850,61920,453,299,51,600764492,57
232,-112,8850,61952,460,292,45,600765004,57
170,-74,8896,61920,463,283,47,600765514,57
170,-74,8896,61920,466,283,43,600766025,57
228,-102,8888,61920,470,281,46,600766535,57
228,-102,8888,61952,471,284,41,600767046,57
196,-94,8792,61920,470,286,37,600767556,57
196,-94,8792,61920,461,291,32,600768068,57
148,-102,8794,61920,452,292,28,600768578,57
148,-102,8794,61920,455,296,25,600769090,57
206,-100,8778,61920,460,303,33,600769601,57
206,-100,8778,61936,456,299,39,600770111,57
232,-54,8792,61904,451,297,41,600770621,57
232,-54,8792,61872,456,295,43,600771132,57
216,-60,8838,61904,467,292,45,600771642,57
216,-60,8838,61904,466,293,42,600772152,57
118,-78,8788,61936,455,280,48,600772663,57
118,-78,8788,61904,447,261,42,600773173,57
180,-80,8778,61936,451,251,34,600773683,57
180,-80,8778,61968,449,257,32,600774194,57
256,-88,8834,61936,452,271,28,600774708,57
256,-88,8834,61936,457,286,30,600775218,57
192,-74,8870,61968,454,292,38,600775729,57
192,-74,8870,61936,456,292,41,600776239,57
144,-88,8874,61920,454,286,51,600776750,57
144,-88,8874,61936,456,284,56,600777260,57
188,-78,8870,61920,452,291,53,600777774,57
242,-84,8788,61920,447,290,45,600778285,57
242,-84,8788,61920,448,288,29,600778795,57
174,-58,8820,61920,449,292,24,600779305,57
174,-58,8820,61888,446,297,26,600779816,57
216,-120,8856,61920,451,284,21,601010718,57
216,-120,8856,61920,445,286,19,601011229,57
184,-68,8794,61920,445,282,24,601011739,57
184,-68,8794,61952,442,286,29,601012249,57
224,-68,8822,61920,450,288,35,601012760,57
224,-68,8822,61920,452,287,34,601013270,57
252,-120,8802,61920,448,285,36,601013780,57
252,-120,8802,61920,449,284,40,601014291,57
194,-46,8852,61888,454,286,39,601014801,57
194,-46,8852,61920,454,293,33,601015311,57
218,-70,8902,61920,454,296,34,601015822,57
218,-70,8902,61936,461,299,43,601016332,57
184,-74,8838,61904,466,302,46,601016842,57
184,-74,8838,61936,457,299,50,601017353,57
244,-92,8780,61936,449,294,48,601017863,57
244,-92,8780,61936,438,296,42,601018377,57
204,-80,8824,61904,439,291,32,601018888,57
204,-80,8824,61936,447,276,25,601019398,57
160,-102,8804,61904,443,273,29,601019908,57
160,-102,8804,61904,435,269,31,601020419,57
178,-68,8818,61936,433,274,36,601020929,57
178,-68,8818,61936,440,287,38,601021445,57
212,-70,8834,61920,442,296,32,601021956,57
212,-70,8834,61936,443,297,30,601022466,57
196,-140,8880,61952,453,287,28,601022976,57
196,-140,8880,61936,460,281,28,601023487,57
228,-112,8934,61920,466,272,41,601023997,57
256,-86,8868,61920,458,274,40,601024509,57
256,-86,8868,61952,454,277,35,601025020,57
176,-120,8826,61920,452,282,29,601025530,57
176,-120,8826,61920,457,284,21,601026040,57
182,-126,8832,61920,455,281,29,601026551,57
182,-126,8832,61920,447,276,27,601027063,57
178,-140,8828,61920,449,280,34,601027573,57
178,-140,8828,61936,446,282,52,601028086,57
222,-78,8806,61936,444,282,47,601028596,57
222,-78,8806,61936,444,290,42,601029106,57
236,-88,8828,61936,452,298,34,601029616,57
236,-88,8828,61904,465,300,28,601030127,57
266,-118,8834,61936,460,295,29,601030637,57
266,-118,8834,61904,457,296,31,601031148,57
268,-96,8884,61936,456,297,36,601031658,57
268,-96,8884,61904,454,292,40,601032168,57
232,-78,8848,61904,454,285,34,601032679,57
232,-78,8848,61936,454,278,30,601033189,57
170,-124,8858,61904,450,273,26,601033700,57
170,-124,8858,61936,452,272,25,601034210,57
188,-106,8882,61920,462,276,19,601034720,57
188,-106,8882,61920,463,284,17,601035231,57
186,-116,8816,61952,468,292,18,601035741,57
186,-116,8816,61920,473,300,25,601036251,57
176,-140,8800,61952,461,305,34,601036762,57
176,-140,8800,61920,445,301,43,601037272,57
126,-118,8814,61920,442,293,39,601037782,57
126,-118,8814,61920,437,288,30,601038293,57
228,-38,8828,61920,438,280,19,601038803,57
228,-38,8828,61952,444,266,19,601039313,57
262,-30,8830,61920,449,271,22,601039828,57
262,-30,8830,61920,451,273,29,601040338,57
220,-88,8848,61936,451,271,34,601040848,57
220,-88,8848,61936,447,276,31,601041359,57
196,-112,8798,61936,446,285,34,601041870,57
196,-112,8798,61936,456,294,40,601042384,57
244,-110,8820,61936,447,295,41,601042894,57
244,-110,8820,61904,437,293,42,601043404,57
244,-114,8824,61936,436,288,34,601043915,57
244,-114,8824,61936,438,284,34,601044425,57
188,-128,8862,61936,447,285,41,601044935,57
188,-128,8862,61904,459,287,34,601045452,57
162,-96,8798,61904,462,288,25,601045962,57
162,-96,8798,61904,464,286,22,601046473,57
230,-62,8822,61952,453,279,22,601046984,57
230,-62,8822,61904,445,283,28,601047494,57
226,-68,8836,61920,436,287,33,601048006,57
226,-68,8836,61904,438,282,30,601048517,57
244,-104,8830,61920,440,276,32,601049027,57
200,-98,8810,61888,442,276,37,601049538,57
200,-98,8810,61888,459,270,45,601050048,57
244,-84,8818,61888,478,270,59,601050558,57
244,-84,8818,61920,484,276,56,601051070,57
236,-92,8886,61920,468,281,48,601051581,57
236,-92,8886,61920,450,280,31,601052091,57
154,-132,8846,61920,443,280,28,601052601,57
154,-132,8846,61904,443,286,24,601053112,57
202,-102,8838,61936,444,302,23,601053622,57
202,-102,8838,61936,443,306,23,601054133,57
246,-118,8906,61936,447,301,26,601054643,57
246,-118,8906,61936,452,285,31,601055153,57
196,-88,8894,61904,456,270,30,601055664,57
196,-88,8894,61904,459,261,32,601056174,57
224,-88,8828,61936,459,263,40,601056684,57
224,-88,8828,61936,460,270,48,601057195,57
208,-96,8856,61936,459,274,51,601057705,57
208,-96,8856,61936,462,278,55,601058215,57
272,-124,8910,61936,465,280,53,601058726,57
272,-124,8910,61952,465,283,44,601059236,57
194,-104,8866,61952,465,285,38,601059747,57
194,-104,8866,61920,462,286,34,601060257,57
208,-66,8858,61920,457,286,33,601060767,57
208,-66,8858,61920,456,294,41,601061278,57
234,-76,8822,61952,460,297,43,601061788,57
234,-76,8822,61952,458,305,37,601062298,57
226,-92,8836,61920,453,306,38,601062809,57
226,-92,8836,61920,453,309,37,601063319,57
196,-138,8882,61920,448,306,35,601063833,57
196,-138,8882,61920,444,295,28,601064344,57
202,-126,8868,61920,439,281,24,601064854,57
202,-126,8868,61952,448,274,28,601065364,57
260,-88,8858,61968,461,280,27,601065875,57
260,-88,8858,61936,454,293,31,601066385,57
228,-96,8818,61936,449,302,32,601066899,57
228,-96,8818,61904,447,309,35,601067410,57
180,-136,8822,61936,453,315,38,601067920,57
180,-136,8822,61904,449,309,35,601068430,57
212,-84,8852,61904,450,300,35,601068941,57
212,-84,8852,61904,448,297,37,601069455,57
210,-188,8826,61904,438,298,40,601069965,57
210,-188,8826,61904,431,297,34,601070480,57
240,-74,8780,61936,432,293,28,601070990,57
240,-74,8780,61936,438,287,28,601071502,57
188,-118,8804,61920,452,284,31,601072013,57
188,-118,8804,61904,456,286,40,601072523,57
210,-108,8808,61920,454,291,51,601073033,57
210,-108,8808,61936,449,291,47,601073544,57
212,-112,8850,61920,446,288,42,601074054,57
234,-104,8830,61920,439,288,30,601074564,57
234,-104,8830,61920,437,293,28,601075076,57
220,-102,8776,61920,434,298,28,601075587,57
220,-102,8776,61952,439,303,30,601076097,57
254,-84,8876,61920,443,307,36,601076608,57
254,-84,8876,61952,446,298,30,601077118,57
188,-66,8906,61936,454,279,33,601077628,57
188,-66,8906,61936,459,270,36,601078139,57
200,-84,8896,61904,465,267,41,601078649,57
200,-84,8896,61936,459,274,46,601079159,57
228,-80,8862,61936,454,282,43,601079670,57
192,-104,8848,61952,444,294,39,601310557,57
184,-122,8920,61952,439,293,27,601311069,57
184,-122,8920,61936,439,288,14,601311581,57
176,-124,8906,61936,444,287,17,601312091,57
176,-124,8906,61936,440,289,30,601312602,57
172,-62,8824,61936,443,287,39,601313112,57
172,-62,8824,61936,449,281,47,601313622,57
162,-58,8860,61936,456,274,44,601314133,57
162,-58,8860,61936,455,272,44,601314643,57
204,-78,8808,61904,456,272,47,601315154,57
204,-78,8808,61936,459,269,36,601315664,57
192,-68,8862,61904,460,269,28,601316174,57
192,-68,8862,61968,463,271,29,601316685,57
182,-104,8900,61936,466,273,33,601317195,57
182,-104,8900,61936,457,276,36,601317705,57
178,-138,8896,61920,452,285,39,601318216,57
178,-138,8896,61904,451,286,46,601318726,57
194,-128,8850,61920,451,289,45,601319236,57
194,-128,8850,61904,445,291,37,601319747,57
214,-76,8834,61920,430,294,36,601320257,57
194,-88,8886,61920,429,293,34,601320767,57
194,-88,8886,61920,433,296,32,601321278,57
188,-64,8866,61920,450,303,31,601321788,57
188,-64,8866,61920,456,307,31,601322298,57
224,-90,8886,61920,457,305,28,601322809,57
224,-90,8886,61952,458,298,28,601323319,57
212,-98,8832,61920,455,297,36,601323829,57
212,-98,8832,61904,461,295,49,601324340,57
188,-60,8834,61936,458,305,56,601324850,57
188,-60,8834,61936,456,301,55,601325361,57
200,-34,8828,61904,457,280,51,601325871,57
200,-34,8828,61936,447,266,44,601326381,57
248,-70,8832,61936,437,262,34,601326892,57
248,-70,8832,61904,440,265,34,601327402,57
248,-78,8754,61904,443,267,25,601327913,57
248,-78,8754,61904,445,272,18,601328423,57
186,-102,8768,61936,446,279,17,601328933,57
186,-102,8768,61904,460,277,27,601329446,57
184,-142,8806,61936,470,272,33,601329956,57
184,-142,8806,61904,468,278,35,601330466,57
212,-114,8858,61920,453,285,36,601330977,57
212,-114,8858,61920,453,283,26,601331487,57
196,-94,8872,61920,450,280,22,601332003,57
196,-94,8872,61920,447,278,17,601332514,57
168,-104,8842,61920,450,266,22,601333024,57
168,-104,8842,61920,447,265,27,601333534,57
234,-76,8812,61920,454,262,36,601334045,57
234,-76,8812,61920,456,264,45,601334555,57
242,-44,8854,61920,454,276,47,601335067,57
242,-44,8854,61888,448,290,49,601335581,57
158,-104,8862,61952,450,294,42,601336092,57
158,-104,8862,61904,450,283,26,601336602,57
190,-88,8808,61936,451,271,21,601337112,57
190,-88,8808,61936,457,273,26,601337623,57
230,-72,8754,61904,460,279,30,601338133,57
230,-72,8754,61904,451,281,31,601338644,57
220,-92,8838,61936,446,290,29,601339154,57
220,-92,8838,61936,448,295,24,601339664,57
162,-92,8862,61904,457,293,26,601340175,57
162,-92,8862,61904,464,294,26,601340685,57
190,-74,8880,61936,465,289,25,601341195,57
190,-74,8880,61936,473,283,18,601341706,57
232,-74,8838,61936,474,281,13,601342216,57
232,-74,8838,61936,472,279,9,601342727,57
224,-102,8814,61920,458,276,15,601343237,57
224,-102,8814,61936,454,275,20,601343747,57
162,-82,8840,61920,460,285,34,601344258,57
162,-82,8840,61936,466,292,30,601344768,57
220,-96,8850,61920,470,303,27,601345278,57
256,-88,8866,61920,475,295,30,601345789,57
256,-88,8866,61920,474,282,29,601346299,57
234,-54,8860,61920,474,271,28,601346809,57
234,-54,8860,61952,464,275,34,601347320,57
176,-90,8880,61920,452,286,36,601347830,57
176,-90,8880,61920,445,286,29,601348341,57
248,-78,8866,61920,438,278,23,601348851,57
248,-78,8866,61936,442,276,22,601349361,57
244,-108,8866,61904,438,280,22,601349872,57
244,-108,8866,61936,446,279,25,601350382,57
156,-124,8800,61904,443,273,29,601350892,57
156,-124,8800,61968,433,267,25,601351403,57
156,-114,8818,61936,438,271,29,601351913,57
156,-114,8818,61936,444,285,40,601352423,57
226,-98,8856,61904,448,301,36,601352934,57
226,-98,8856,61936,459,312,40,601353446,57
218,-100,8870,61904,468,306,40,601353956,57
218,-100,8870,61936,469,292,36,601354467,57
170,-84,8874,61968,467,286,31,601354977,57
170,-84,8874,61952,458,291,18,601355488,57
220,-32,8830,61920,452,295,22,601355998,57
220,-32,8830,61920,445,297,36,601356514,57
226,-106,8874,61920,441,292,38,601357025,57
226,-106,8874,61920,446,289,33,601357535,57
192,-92,8928,61920,446,292,27,601358045,57
192,-92,8928,61920,448,292,22,601358555,57
210,-94,8832,61952,444,294,23,601359068,57
210,-94,8832,61920,448,293,22,601359582,57
230,-70,8834,61920,458,279,23,601360092,57
230,-70,8834,61920,454,268,28,601360603,57
210,-76,8870,61952,457,272,28,601361113,57
210,-76,8870,61904,462,281,31,601361623,57
192,-104,8854,61936,460,283,38,601362134,57
192,-104,8854,61936,452,284,43,601362644,57
174,-110,8834,61936,452,282,48,601363155,57
174,-110,8834,61968,443,275,46,601363665,57
212,-106,8834,61904,441,272,45,601364175,57
212,-106,8834,61936,442,274,46,601364686,57
210,-102,8838,61936,443,282,43,601365196,57
210,-102,8838,61936,445,286,45,601365706,57
182,-126,8828,61936,451,287,37,601366217,57
182,-126,8828,61904,452,292,33,601366727,57
220,-84,8792,61904,449,297,33,601367237,57
220,-84,8792,61936,450,297,40,601367748,57
254,-48,8834,61920,461,289,54,601368258,57
254,-48,8834,61936,459,286,51,601368768,57
204,-18,8892,61920,455,280,50,601369279,57
204,-18,8892,61936,461,281,47,601369789,57
172,-56,8902,61920,463,281,39,601370299,57
244,-40,8860,61920,459,282,38,601370810,57
244,-40,8860,61920,458,275,31,601371320,57
238,-10,8854,61920,455,273,21,601371830,57
238,-10,8854,61952,451,276,19,601372341,57
250,-92,8860,61920,444,277,19,601372851,57
250,-92,8860,61920,443,284,28,601373362,57
222,-54,8860,61952,447,301,28,601373872,57
222,-54,8860,61936,438,309,34,601374382,57
230,-74,8890,61936,431,308,29,601374893,57
230,-74,8890,61904,435,305,29,601375403,57
244,-52,8854,61936,439,301,26,601375913,57
244,-52,8854,61936,445,286,21,601376424,57
156,-20,8816,61904,450,280,26,601376934,57
156,-20,8816,61936,454,274,30,601377446,57
200,-84,8776,61936,457,278,30,601377961,57
200,-84,8776,61936,452,274,24,601378471,57
250,-56,8864,61936,467,263,44,601607340,57
250,-56,8864,61936,469,261,33,601607851,57
188,-114,8840,61936,465,264,29,601608361,57
188,-114,8840,61936,460,278,30,601608871,57
184,-108,8812,61904,458,293,30,601609382,57
184,-108,8812,61936,454,307,30,601609892,57
276,-92,8838,61936,443,322,27,601610402,57
276,-92,8838,61904,444,324,28,601610913,57
266,-94,8864,61936,440,320,25,601611423,57
266,-94,8864,61936,444,310,32,601611933,57
260,-136,8848,61920,449,283,36,601612446,57
260,-136,8848,61936,454,273,33,601612956,57
264,-88,8812,61952,453,269,25,601613466,57
264,-88,8812,61936,446,269,19,601613977,57
248,-102,8826,61952,448,271,19,601614487,57
192,-108,8832,61952,452,273,28,601614998,57
192,-108,8832,61920,455,275,38,601615510,57
202,-112,8872,61920,451,281,47,601616020,57
202,-112,8872,61920,445,285,49,601616531,57
192,-128,8846,61920,435,292,47,601617045,57
192,-128,8846,61920,433,295,42,601617555,57
244,-84,8792,61888,431,295,38,601618067,57
244,-84,8792,61936,436,284,33,601618578,57
182,-108,8718,61936,445,281,31,601619090,57
182,-108,8718,61936,451,278,34,601619600,57
156,-118,8794,61904,463,283,28,601620114,57
156,-118,8794,61936,464,292,28,601620625,57
182,-94,8848,61904,460,297,24,601621135,57
182,-94,8848,61936,463,298,26,601621645,57
268,-54,8838,61936,472,298,26,601622155,57
268,-54,8838,61904,470,300,36,601622670,57
250,-66,8808,61904,461,297,41,601623180,57
250,-66,8808,61968,455,299,40,601623694,57
264,-78,8784,61936,451,299,36,601624204,57
264,-78,8784,61952,449,298,38,601624715,57
274,-86,8810,61920,451,295,34,601625225,57
274,-86,8810,61920,449,290,31,601625735,57
252,-60,8834,61888,452,289,34,601626246,57
252,-60,8834,61920,452,288,48,601626756,57
200,-36,8876,61920,442,290,48,601627267,57
200,-36,8876,61920,450,288,39,601627777,57
200,-74,8848,61920,456,280,33,601628287,57
200,-74,8848,61952,460,274,27,601628798,57
232,-74,8872,61952,463,273,27,601629308,57
232,-74,8872,61920,463,283,35,601629818,57
240,-70,8828,61920,473,288,39,601630329,57
240,-70,8828,61968,476,283,48,601630839,57
186,-82,8840,61936,467,278,48,601631349,57
186,-82,8840,61904,460,287,42,601631860,57
216,-58,8818,61936,457,295,40,601632370,57
216,-58,8818,61936,453,301,35,601632881,57
250,-34,8838,61936,442,297,33,601633391,57
250,-34,8838,61904,430,290,30,601633901,57
176,-64,8798,61904,442,298,24,601634412,57
176,-64,8798,61936,452,303,24,601634922,57
172,-54,8848,61936,452,299,18,601635433,57
172,-54,8848,61936,446,290,13,601635943,57
236,-54,8852,61936,447,286,19,601636453,57
236,-54,8852,61904,444,282,22,601636963,57
194,-68,8812,61952,445,281,30,601637474,57
194,-68,8812,61936,451,281,41,601637984,57
172,-100,8838,61920,452,272,43,601638495,57
172,-100,8838,61936,452,269,38,601639007,57
168,-108,8924,61888,448,272,26,601639517,57
228,-100,8842,61920,448,278,26,601640028,57
228,-100,8842,61920,459,288,34,601640538,57
228,-142,8838,61920,465,298,42,601641052,57
228,-142,8838,61920,462,301,44,601641563,57
256,-88,8848,61952,461,293,41,601642075,57
256,-88,8848,61920,466,293,40,601642585,57
236,-84,8884,61904,467,292,42,601643096,57
236,-84,8884,61936,467,290,35,601643606,57
196,-96,8760,61904,457,283,26,601644120,57
196,-96,8760,61936,457,283,20,601644631,57
198,-52,8800,61936,453,283,16,601645141,57
198,-52,8800,61936,445,273,22,601645651,57
146,-88,8848,61904,440,271,32,601646162,57
146,-88,8848,61936,448,268,29,601646676,57
188,-70,8792,61936,457,262,27,601647186,57
188,-70,8792,61904,467,263,34,601647700,57
224,-64,8872,61904,468,273,39,601648211,57
224,-64,8872,61936,463,278,43,601648721,57
214,-70,8828,61888,449,280,47,601649232,57
214,-70,8828,61920,440,287,39,601649742,57
204,-94,8834,61920,438,293,32,601650252,57
204,-94,8834,61920,440,302,30,601650763,57
224,-80,8858,61920,445,303,30,601651273,57
224,-80,8858,61920,448,305,33,601651783,57
220,-94,8856,61952,451,304,32,601652294,57
220,-94,8856,61952,455,293,29,601652804,57
214,-56,8882,61920,464,281,34,601653315,57
214,-56,8882,61952,465,282,31,601653825,57
216,-34,8908,61920,464,284,28,601654335,57
216,-34,8908,61920,466,284,34,601654846,57
172,-78,8898,61936,468,279,32,601655356,57
172,-78,8898,61936,475,279,33,601655867,57
156,-118,8886,61904,474,286,29,601656377,57
156,-118,8886,61904,463,297,20,601656887,57
146,-140,8808,61904,461,304,21,601657397,57
146,-140,8808,61936,453,299,21,601657908,57
230,-122,8832,61936,449,291,28,601658418,57
230,-122,8832,61936,447,283,31,601658929,57
246,-114,8848,61904,443,283,37,601659441,57
246,-114,8848,61936,448,284,36,601659951,57
200,-114,8840,61936,450,288,33,601660461,57
200,-114,8840,61904,457,295,25,601660972,57
172,-114,8820,61936,464,296,29,601661482,57
172,-114,8820,61904,464,297,37,601661993,57
228,-112,8774,61920,470,296,38,601662505,57
228,-112,8774,61936,472,292,33,601663015,57
202,-96,8816,61888,458,285,28,601663526,57
156,-114,8790,61920,446,278,32,601664036,57
156,-114,8790,61952,444,274,47,601664546,57
180,-100,8772,61888,453,279,49,601665063,57
180,-100,8772,61920,459,283,43,601665573,57
220,-64,8798,61920,460,292,41,601666085,57
220,-64,8798,61920,454,298,39,601666595,57
230,-36,8870,61920,453,299,41,601667106,57
230,-36,8870,61936,458,298,35,601667616,57
208,-108,8874,61936,464,299,33,601668130,57
208,-108,8874,61936,451,301,37,601668641,57
242,-102,8882,61904,443,296,35,601669151,57
242,-102,8882,61936,443,294,30,601669661,57
290,-72,8812,61936,441,303,36,601670172,57
290,-72,8812,61904,445,312,40,601670686,57
234,-72,8826,61904,452,314,49,601671196,57
234,-72,8826,61936,455,298,45,601671710,57
158,-92,8858,61936,461,282,33,601672221,57
158,-92,8858,61936,459,277,22,601672731,57
188,-108,8800,61936,452,282,19,601673241,57
188,-108,8800,61920,448,290,23,601673752,57
236,-126,8862,61920,453,297,30,601674262,57
236,-126,8862,61920,458,295,29,601674772,57
174,-76,8946,61920,455,295,28,601675283,57
174,-76,8946,61920,456,292,31,601675793,57
176,-42,8842,61952,441,274,18,601914808,57
212,-76,8786,61888,448,282,18,601915318,57
212,-76,8786,61904,456,287,27,601915829,57
222,-56,8830,61936,452,289,38,601916339,57
222,-56,8830,61936,443,281,39,601916849,57
248,-110,8806,61904,443,276,42,601917360,57
248,-110,8806,61904,448,277,45,601917870,57
182,-122,8872,61904,453,282,45,601918381,57
182,-122,8872,61904,451,281,45,601918891,57
238,-90,8852,61936,457,275,42,601919401,57
238,-90,8852,61936,465,279,36,601919912,57
246,-92,8770,61936,464,283,27,601920422,57
246,-92,8770,61936,471,283,33,601920932,57
190,-112,8832,61936,467,284,37,601921444,57
190,-112,8832,61920,459,276,37,601921955,57
232,-82,8870,61952,455,272,39,601922465,57
232,-82,8870,61984,447,266,43,601922975,57
276,-98,8900,61952,448,258,52,601923486,57
276,-98,8900,61920,444,260,50,601923996,57
248,-44,8850,61952,454,270,39,601924508,57
248,-44,8850,61920,455,286,25,601925019,57
148,-116,8916,61920,444,288,19,601925529,57
148,-116,8916,61920,449,287,19,601926039,57
154,-92,8898,61920,458,286,20,601926550,57
154,-92,8898,61920,456,290,23,601927062,57
188,-38,8720,61920,459,292,30,601927572,57
188,-38,8720,61936,453,288,35,601928084,57
224,-48,8788,61904,446,290,37,601928595,57
224,-48,8788,61904,432,289,45,601929105,57
220,-114,8812,61936,430,292,54,601929615,57
220,-114,8812,61968,441,291,51,601930126,57
192,-98,8846,61904,456,283,42,601930636,57
192,-98,8846,61936,462,277,38,601931147,57
216,-88,8850,61968,466,277,36,601931657,57
216,-88,8850,61936,463,276,33,601932170,57
174,-78,8768,61936,450,271,23,601932680,57
174,-78,8768,61904,438,272,15,601933191,57
156,-24,8882,61936,436,276,14,601933701,57
156,-24,8882,61936,439,282,20,601934212,57
192,-124,8882,61920,459,294,24,601934726,57
192,-124,8882,61936,466,298,21,601935236,57
196,-116,8858,61920,461,301,26,601935747,57
196,-116,8858,61936,449,304,31,601936257,57
206,-136,8858,61952,455,299,32,601936767,57
192,-94,8812,61920,462,290,35,601937277,57
192,-94,8812,61920,459,276,41,601937792,57
240,-136,8868,61920,460,277,38,601938302,57
240,-136,8868,61952,466,287,38,601938815,57
186,-146,8790,61920,466,294,34,601939325,57
186,-146,8790,61920,462,299,34,601939835,57
176,-62,8790,61904,457,300,37,601940346,57
176,-62,8790,61904,456,292,36,601940856,57
238,-64,8858,61936,454,288,37,601941366,57
238,-64,8858,61904,447,298,43,601941877,57
220,-86,8880,61936,447,305,39,601942387,57
220,-86,8880,61904,447,298,42,601942897,57
232,-92,8860,61936,436,289,39,601943408,57
232,-92,8860,61936,438,289,34,601943918,57
178,-106,8866,61936,440,289,33,601944428,57
178,-106,8866,61936,447,284,34,601944939,57
204,-118,8830,61904,457,275,38,601945449,57
204,-118,8830,61904,460,269,37,601945959,57
236,-106,8826,61936,457,266,39,601946470,57
236,-106,8826,61920,451,272,40,601946980,57
186,-86,8844,61952,447,284,41,601947491,57
186,-86,8844,61920,446,284,45,601948003,57
126,-130,8858,61952,453,275,48,601948513,57
126,-130,8858,61920,453,269,52,601949023,57
184,-68,8874,61920,454,270,47,601949534,57
184,-68,8874,61920,464,280,39,601950044,57
224,-58,8872,61920,470,290,33,601950554,57
224,-58,8872,61920,472,294,27,601951066,57
150,-80,8870,61920,467,293,23,601951577,57
150,-80,8870,61920,457,291,26,601952089,57
198,-130,8816,61952,446,283,37,601952599,57
198,-130,8816,61936,441,281,36,601953109,57
196,-126,8862,61904,439,279,35,601953620,57
196,-126,8862,61936,435,292,33,601954130,57
208,-104,8830,61936,432,303,29,601954640,57
208,-104,8830,61904,435,308,27,601955151,57
176,-92,8824,61968,433,308,28,601955661,57
176,-92,8824,61904,442,296,34,601956176,57
196,-120,8870,61936,455,289,45,601956686,57
196,-120,8870,61968,467,287,47,601957196,57
242,-72,8900,61904,471,286,47,601957707,57
242,-72,8900,61904,470,288,46,601958217,57
214,-100,8854,61936,463,288,43,601958727,57
214,-100,8854,61936,453,290,39,601959242,57
152,-116,8868,61920,440,295,37,601959752,57
152,-116,8868,61936,436,294,30,601960262,57
162,-118,8816,61920,438,294,38,601960773,57
208,-82,8854,61920,444,295,47,601961283,57
208,-82,8854,61920,451,297,52,601961797,57
168,-24,8802,61952,464,288,52,601962307,57
168,-24,8802,61920,471,278,44,601962821,57
150,-58,8846,61952,468,285,37,601963332,57
150,-58,8846,61920,459,289,29,601963842,57
156,-98,8802,61920,455,287,19,601964353,57
156,-98,8802,61904,457,292,29,601964863,57
210,-74,8780,61904,470,291,39,601965373,57
210,-74,8780,61936,473,282,42,601965884,57
186,-92,8766,61904,473,275,46,601966394,57
186,-92,8766,61904,467,271,54,601966904,57
190,-126,8790,61936,460,281,48,601967415,57
190,-126,8790,61936,451,290,43,601967925,57
248,-126,8850,61936,448,299,37,601968436,57
248,-126,8850,61936,432,295,41,601968946,57
230,-92,8796,61936,431,288,41,601969456,57
230,-92,8796,61904,435,284,38,601969966,57
174,-128,8852,61936,446,286,41,601970477,57
174,-128,8852,61936,461,288,48,601970987,57
162,-114,8860,61952,471,283,41,601971500,57
162,-114,8860,61920,469,276,30,601972011,57
216,-42,8846,61888,462,283,34,601972521,57
216,-42,8846,61920,452,299,34,601973032,57
188,-80,8874,61952,442,304,30,601973542,57
188,-80,8874,61952,442,301,24,601974052,57
202,-88,8784,61920,452,286,23,601974562,57
202,-88,8784,61920,461,270,31,601975075,57
220,-66,8766,61920,458,266,36,601975585,57
220,-66,8766,61888,460,260,30,601976095,57
248,-106,8842,61920,461,259,23,601976606,57
248,-106,8842,61952,458,265,20,601977116,57
226,-102,8856,61936,456,274,15,601977626,57
226,-102,8856,61936,456,276,19,601978137,57
204,-84,8834,61936,458,276,20,601978647,57
204,-84,8834,61936,458,284,18,601979157,57
214,-100,8806,61936,459,297,21,601979668,57
214,-100,8806,61936,455,302,30,601980182,57
214,-70,8824,61936,459,297,36,601980692,57
214,-70,8824,61904,459,289,41,601981203,57
192,-128,8820,61936,454,283,40,601981713,57
192,-128,8820,61936,452,277,43,601982224,57
238,-122,8816,61968,452,275,39,601982734,57
238,-122,8816,61904,446,274,37,601983248,57
220,-80,8826,61888,442,289,38,602205528,57
220,-80,8826,61888,434,283,39,602206039,57
222,-94,8842,61952,432,284,39,602206549,57
222,-94,8842,61904,438,283,39,602207061,57
276,-110,8816,61904,447,279,33,602207571,57
276,-110,8816,61904,457,281,32,602208084,57
246,-84,8868,61936,463,289,34,602208594,57
246,-84,8868,61936,465,297,37,602209104,57
198,-98,8892,61904,458,301,37,602209615,57
198,-98,8892,61904,454,307,38,602210125,57
230,-116,8876,61936,446,312,34,602210635,57
230,-116,8876,61936,446,309,31,602211146,57
240,-122,8840,61936,450,298,31,602211656,57
240,-122,8840,61904,449,290,34,602212166,57
196,-94,8812,61904,446,280,38,602212677,57
196,-94,8812,61920,453,283,44,602213187,57
216,-110,8822,61920,455,293,45,602213697,57
216,-110,8822,61920,456,302,38,602214208,57
204,-42,8890,61952,453,309,29,602214718,57
204,-42,8890,61920,445,304,28,602215228,57
172,-72,8852,61920,453,298,42,602215739,57
172,-72,8852,61952,456,289,55,602216249,57
138,-144,8826,61920,450,284,57,602216759,57
138,-144,8826,61920,447,283,57,602217270,57
206,-140,8836,61952,441,283,55,602217780,57
206,-140,8836,61920,443,286,53,602218290,57
274,-74,8862,61920,445,278,40,602218801,57
274,-74,8862,61920,447,278,32,602219311,57
212,-118,8810,61936,448,278,22,602219825,57
212,-118,8810,61936,444,284,20,602220336,57
206,-104,8814,61936,449,282,20,602220846,57
206,-104,8814,61904,463,286,30,602221357,57
254,-98,8846,61904,471,287,35,602221867,57
254,-98,8846,61904,471,284,28,602222377,57
198,-104,8856,61936,460,281,27,602222891,57
198,-104,8856,61936,445,284,28,602223402,57
168,-84,8852,61904,435,289,25,602223913,57
168,-84,8852,61904,443,290,25,602224423,57
176,-76,8846,61936,453,290,39,602224934,57
176,-76,8846,61904,458,292,50,602225446,57
246,-92,8844,61920,462,304,56,602225957,57
246,-92,8844,61904,467,307,47,602226467,57
264,-64,8790,61920,463,299,44,602226977,57
264,-64,8790,61904,451,294,41,602227488,57
216,-34,8824,61920,440,295,36,602227998,57
216,-96,8860,61920,445,289,29,602228510,57
216,-96,8860,61920,443,283,24,602229021,57
296,-116,8852,61920,435,281,20,602229531,57
296,-116,8852,61952,430,278,20,602230041,57
248,-108,8886,61952,435,273,22,602230552,57
248,-108,8886,61888,435,281,32,602231064,57
226,-58,8792,61904,437,288,45,602231574,57
226,-58,8792,61936,441,294,48,602232086,57
224,-52,8814,61936,453,294,46,602232597,57
224,-52,8814,61904,457,296,44,602233107,57
252,-90,8900,61936,450,290,38,602233617,57
252,-90,8900,61936,452,287,38,602234128,57
224,-76,8778,61936,456,276,36,602234638,57
224,-76,8778,61904,444,267,34,602235149,57
208,-94,8788,61936,442,269,35,602235659,57
208,-94,8788,61936,443,271,40,602236169,57
156,-122,8854,61936,445,269,43,602236680,57
156,-122,8854,61936,453,274,34,602237190,57
226,-100,8892,61936,457,279,27,602237700,57
226,-100,8892,61888,454,298,32,602238211,57
168,-114,8878,61920,453,297,32,602238721,57
168,-114,8878,61952,457,286,34,602239231,57
148,-104,8876,61920,457,279,46,602239742,57
148,-104,8876,61920,453,284,49,602240252,57
250,-164,8890,61920,446,289,43,602240762,57
250,-164,8890,61920,446,295,39,602241276,57
214,-114,8836,61952,453,298,38,602241787,57
214,-114,8836,61952,458,301,34,602242297,57
216,-122,8878,61920,457,295,27,602242807,57
216,-122,8878,61920,465,291,28,602243318,57
196,-104,8824,61904,472,285,36,602243832,57
196,-104,8824,61936,463,287,39,602244343,57
262,-80,8886,61904,453,291,43,602244853,57
262,-80,8886,61936,449,289,44,602245363,57
268,-76,8850,61936,444,287,39,602245874,57
268,-76,8850,61936,439,288,32,602246384,57
204,-96,8846,61904,445,287,25,602246898,57
204,-96,8846,61904,454,283,24,602247409,57
176,-114,8816,61968,457,283,33,602247921,57
176,-114,8816,61936,449,294,41,602248431,57
148,-100,8854,61936,453,305,42,602248942,57
148,-100,8854,61936,456,313,43,602249452,57
164,-106,8798,61920,454,307,28,602249962,57
164,-106,8798,61936,454,297,25,602250473,57
164,-90,8860,61920,456,285,28,602250983,57
164,-90,8860,61936,456,278,31,602251494,57
196,-74,8876,61920,458,254,41,602252006,57
220,-40,8858,61952,458,257,41,602252516,57
220,-40,8858,61920,458,276,39,602253026,57
156,-40,8862,61952,467,291,43,602253537,57
156,-40,8862,61920,457,298,37,602254047,57
200,-118,8840,61920,451,298,29,602254557,57
200,-118,8840,61920,447,300,23,602255069,57
254,-80,8814,61920,447,298,24,602255580,57
254,-80,8814,61920,450,295,33,602256091,57
242,-108,8898,61904,458,286,54,602256601,57
242,-108,8898,61936,461,281,53,602257111,57
192,-118,8916,61872,462,280,38,602257622,57
192,-118,8916,61904,463,286,32,602258132,57
282,-92,8900,61904,465,287,28,602258642,57
282,-92,8900,61936,463,286,28,602259153,57
278,-76,8920,61936,470,283,29,602259663,57
278,-76,8920,61904,469,284,29,602260173,57
256,-106,8874,61936,456,283,32,602260684,57
256,-106,8874,61968,446,285,32,602261194,57
240,-150,8840,61936,441,296,30,602261704,57
240,-150,8840,61936,440,296,28,602262215,57
220,-134,8872,61920,434,293,27,602262725,57
220,-134,8872,61952,429,295,27,602263235,57
228,-36,8912,61920,438,288,24,602263746,57
228,-36,8912,61920,451,284,31,602264256,57
152,-76,8868,61920,460,284,48,602264766,57
152,-76,8868,61920,455,283,55,602265281,57
