0,0,0,0,0,0,0,593714434,56
0,0,0,0,0,0,0,593714945,56
0,0,0,0,0,0,0,593715455,56
0,0,0,0,0,0,0,593715967,56
0,0,0,0,0,0,0,593716478,56
0,0,0,0,0,0,0,593716988,56
0,0,0,0,0,0,0,593717500,56
0,0,0,0,0,0,0,593718011,56
0,0,0,0,0,0,0,593718525,56
0,0,0,0,0,0,0,593719035,56
0,0,0,0,0,0,0,593719546,56
0,0,0,0,0,0,0,593720056,56
0,0,0,0,0,0,0,593720566,56
0,0,0,0,0,0,0,593721078,56
0,0,0,0,0,0,0,593721593,56
0,0,0,0,0,0,0,593722103,56
0,0,0,0,0,0,0,593722614,56
0,0,0,0,0,0,0,593723124,56
0,0,0,0,0,0,0,593723634,56
0,0,0,0,0,0,0,593724145,56
0,0,0,0,0,0,0,593724655,56
0,0,0,0,0,0,0,593725166,56
0,0,0,0,0,0,0,593725676,56
0,0,0,0,0,0,0,593726187,56
0,0,0,0,0,0,0,593726697,56
0,0,0,0,0,0,0,593727207,56
0,0,0,0,0,0,0,593727718,56
0,0,0,0,0,0,0,593728228,56
0,0,0,0,0,0,0,593728738,56
0,0,0,0,0,0,0,593729249,56
0,0,0,0,0,0,0,593729759,56
0,0,0,0,0,0,0,593730269,56
0,0,0,0,0,0,0,593730780,56
0,0,0,0,0,0,0,593731290,56
0,0,0,0,0,0,0,593731800,56
0,0,0,0,0,0,0,593732311,56
0,0,0,0,0,0,0,593732821,56
0,0,0,0,0,0,0,593733331,56
0,0,0,0,0,0,0,593733841,56
0,0,0,0,0,0,0,593734352,56
0,0,0,0,0,0,0,593734862,56
0,0,0,0,0,0,0,593735373,56
0,0,0,0,0,0,0,593735883,56
0,0,0,0,0,0,0,593736393,56
0,0,0,0,0,0,0,593736904,56
0,0,0,0,0,0,0,593737414,56
0,0,0,0,0,0,0,593737924,56
0,0,0,0,0,0,0,593738435,56
0,0,0,0,0,0,0,593738945,56
0,0,0,0,0,0,0,593739455,56
0,0,0,0,0,0,0,593739970,56
0,0,0,0,0,0,0,593740480,56
0,0,0,0,0,0,0,593740990,56
0,0,0,0,0,0,0,593741503,56
0,0,0,0,0,0,0,593742013,56
0,0,0,0,0,0,0,593742524,56
0,0,0,0,0,0,0,593743038,56
0,0,0,0,0,0,0,593743548,56
0,0,0,0,0,0,0,593744058,56
0,0,0,0,0,0,0,593744569,56
0,0,0,0,0,0,0,593745081,56
0,0,0,0,0,0,0,593745595,56
0,0,0,0,0,0,0,593746105,56
0,0,0,0,0,0,0,593746619,56
0,0,0,0,0,0,0,593747130,56
0,0,0,0,0,0,0,593747640,56
0,0,0,0,0,0,0,593748150,56
0,0,0,0,0,0,0,593748661,56
0,0,0,0,0,0,0,593749171,56
0,0,0,0,0,0,0,593749682,56
0,0,0,0,0,0,0,593750192,56
0,0,0,0,0,0,0,593750702,56
0,0,0,0,0,0,0,593751212,56
0,0,0,0,0,0,0,593751723,56
0,0,0,0,0,0,0,593752233,56
0,0,0,0,0,0,0,593752744,56
0,0,0,0,0,0,0,593753254,56
0,0,0,0,0,0,0,593753764,56
0,0,0,0,0,0,0,593754275,56
0,0,0,0,0,0,0,593754785,56
0,0,0,0,0,0,0,593755295,56
0,0,0,0,0,0,0,593755806,56
0,0,0,0,0,0,0,593756316,56
0,0,0,0,0,0,0,593756826,56
0,0,0,0,0,0,0,593757337,56
0,0,0,0,0,0,0,593757847,56
0,0,0,0,0,0,0,593758357,56
0,0,0,0,0,0,0,593758868,56
0,0,0,0,0,0,0,593759378,56
0,0,0,0,0,0,0,593759888,56
0,0,0,0,0,0,0,593760399,56
0,0,0,0,0,0,0,593760909,56
0,0,0,0,0,0,0,593761420,56
0,0,0,0,0,0,0,593761930,56
0,0,0,0,0,0,0,593762442,56
0,0,0,0,0,0,0,593762952,56
0,0,0,0,0,0,0,593763463,56
0,0,0,0,0,0,0,593763973,56
0,0,0,0,0,0,0,593764484,56
0,0,0,0,0,0,0,593764994,56
0,0,0,0,0,0,0,593765506,56
0,0,0,0,0,0,0,593766017,56
0,0,0,0,0,0,0,593766527,56
0,0,0,0,0,0,0,593767041,56
0,0,0,0,0,0,0,593767552,56
0,0,0,0,0,0,0,593768064,56
0,0,0,0,0,0,0,593768575,56
0,0,0,0,0,0,0,593769087,56
0,0,0,0,0,0,0,593769597,56
0,0,0,0,0,0,0,593770107,56
0,0,0,0,0,0,0,593770621,56
0,0,0,0,0,0,0,593771132,56
0,0,0,0,0,0,0,593771642,56
0,0,0,0,0,0,0,593772152,56
0,0,0,0,0,0,0,593772663,56
0,0,0,0,0,0,0,593773173,56
0,0,0,0,0,0,0,593773683,56
0,0,0,0,0,0,0,593774194,56
0,0,0,0,0,0,0,593774704,56
0,0,0,0,0,0,0,593775215,56
0,0,0,0,0,0,0,593775725,56
0,0,0,0,0,0,0,593776235,56
0,0,0,0,0,0,0,593776746,56
0,0,0,0,0,0,0,593777256,56
0,0,0,0,0,0,0,593777766,56
0,0,0,0,0,0,0,593778277,56
0,0,0,0,0,0,0,593778787,56
0,0,0,0,0,0,0,593779297,56
0,0,0,0,0,0,0,593779808,56
0,0,0,0,0,0,0,593780318,56
0,0,0,0,0,0,0,593780828,56
0,0,0,0,0,0,0,593781339,56
0,0,0,0,0,0,0,593781849,56
0,0,0,0,0,0,0,593782359,56
0,0,0,0,0,0,0,593782870,56
0,0,0,0,0,0,0,593783380,56
0,0,0,0,0,0,0,593783891,56
0,0,0,0,0,0,0,593784401,56
0,0,0,0,0,0,0,593784911,56
0,0,0,0,0,0,0,593785422,56
0,0,0,0,0,0,0,593785932,56
0,0,0,0,0,0,0,593786444,56
0,0,0,0,0,0,0,593786955,56
0,0,0,0,0,0,0,593787465,56
0,0,0,0,0,0,0,593787975,56
0,0,0,0,0,0,0,593788486,56
0,0,0,0,0,0,0,593788999,56
0,0,0,0,0,0,0,593789511,56
0,0,0,0,0,0,0,593790021,56
0,0,0,0,0,0,0,593790532,56
0,0,0,0,0,0,0,593791042,56
0,0,0,0,0,0,0,593791556,56
0,0,0,0,0,0,0,593792069,56
0,0,0,0,0,0,0,593792579,56
0,0,0,0,0,0,0,593793090,56
0,0,0,0,0,0,0,593793601,56
0,0,0,0,0,0,0,593794111,56
0,0,0,0,0,0,0,593794625,56
0,0,0,0,0,0,0,593795136,56
0,0,0,0,0,0,0,593795646,56
0,0,0,0,0,0,0,593796157,56
0,0,0,0,0,0,0,593796667,56
0,0,0,0,0,0,0,593797177,56
0,0,0,0,0,0,0,593797688,56
0,0,0,0,0,0,0,593798198,56
0,0,0,0,0,0,0,593798708,56
0,0,0,0,0,0,0,593799219,56
0,0,0,0,0,0,0,593799729,56
0,0,0,0,0,0,0,593800240,56
0,0,0,0,0,0,0,593800750,56
0,0,0,0,0,0,0,593801260,56
0,0,0,0,0,0,0,593801771,56
0,0,0,0,0,0,0,593802281,56
0,0,0,0,0,0,0,593802791,56
0,0,0,0,0,0,0,593803302,56
0,0,0,0,0,0,0,593803812,56
0,0,0,0,0,0,0,593804322,56
0,0,0,0,0,0,0,593804833,56
0,0,0,0,0,0,0,593805343,56
0,0,0,0,0,0,0,593805854,56
0,0,0,0,0,0,0,593806364,56
0,0,0,0,0,0,0,593806874,56
0,0,0,0,0,0,0,593807385,56
0,0,0,0,0,0,0,593807895,56
0,0,0,0,0,0,0,593808405,56
0,0,0,0,0,0,0,593808916,56
0,0,0,0,0,0,0,593809426,56
0,0,0,0,0,0,0,593809936,56
0,0,0,0,0,0,0,593810449,56
0,0,0,0,0,0,0,593810959,56
0,0,0,0,0,0,0,593811469,56
0,0,0,0,0,0,0,593811980,56
0,0,0,0,0,0,0,593812490,56
0,0,0,0,0,0,0,593813006,56
0,0,0,0,0,0,0,593813517,56
0,0,0,0,0,0,0,593814027,56
0,0,0,0,0,0,0,593814537,56
0,0,0,0,0,0,0,593815048,56
0,0,0,0,0,0,0,593815558,56
0,0,0,0,0,0,0,593816074,56
0,0,0,0,0,0,0,593816585,56
0,0,0,0,0,0,0,593817095,56
0,0,0,0,0,0,0,593817605,56
0,0,0,0,0,0,0,593818116,56
0,0,0,0,0,0,0,593818630,56
0,0,0,0,0,0,0,593819140,56
0,0,0,0,0,0,0,593819654,56
0,0,0,0,0,0,0,593820165,56
0,0,0,0,0,0,0,593820675,56
0,0,0,0,0,0,0,593821185,56
0,0,0,0,0,0,0,593821696,56
0,0,0,0,0,0,0,593822206,56
0,0,0,0,0,0,0,593822717,56
0,0,0,0,0,0,0,593823227,56
0,0,0,0,0,0,0,593823737,56
0,0,0,0,0,0,0,593824248,56
0,0,0,0,0,0,0,593824758,56
0,0,0,0,0,0,0,593825268,56
0,0,0,0,0,0,0,593825779,56
0,0,0,0,0,0,0,593826289,56
0,0,0,0,0,0,0,593826799,56
0,0,0,0,0,0,0,593827310,56
0,0,0,0,0,0,0,593827820,56
0,0,0,0,0,0,0,593828331,56
0,0,0,0,0,0,0,593828841,56
0,0,0,0,0,0,0,593829351,56
0,0,0,0,0,0,0,593829862,56
0,0,0,0,0,0,0,593830372,56
0,0,0,0,0,0,0,593830882,56
0,0,0,0,0,0,0,593831393,56
0,0,0,0,0,0,0,593831903,56
0,0,0,0,0,0,0,593832413,56
0,0,0,0,0,0,0,593832924,56
0,0,0,0,0,0,0,593833434,56
0,0,0,0,0,0,0,593833944,56
0,0,0,0,0,0,0,593834455,56
0,0,0,0,0,0,0,593834965,56
0,0,0,0,0,0,0,593835476,56
0,0,0,0,0,0,0,593835986,56
0,0,0,0,0,0,0,593836496,56
0,0,0,0,0,0,0,593837009,56
0,0,0,0,0,0,0,593837519,56
0,0,0,0,0,0,0,593838029,56
0,0,0,0,0,0,0,593838539,56
0,0,0,0,0,0,0,593839050,56
0,0,0,0,0,0,0,593839560,56
0,0,0,0,0,0,0,593840073,56
0,0,0,0,0,0,0,593840587,56
0,0,0,0,0,0,0,593841097,56
0,0,0,0,0,0,0,593841607,56
0,0,0,0,0,0,0,593842118,56
0,0,0,0,0,0,0,593842628,56
0,0,0,0,0,0,0,593843138,56
0,0,0,0,0,0,0,593843653,56
0,0,0,0,0,0,0,593844163,56
0,0,0,0,0,0,0,593844674,56
0,0,0,0,0,0,0,593845184,56
0,0,0,0,0,0,0,593845695,56
0,0,0,0,0,0,0,593846205,56
0,0,0,0,0,0,0,593846715,56
0,0,0,0,0,0,0,593847226,56
0,0,0,0,0,0,0,593847736,56
0,0,0,0,0,0,0,593848246,56
0,0,0,0,0,0,0,593848757,56
0,0,0,0,0,0,0,593849267,56
0,0,0,0,0,0,0,593849777,56
0,0,0,0,0,0,0,593850288,56
0,0,0,0,0,0,0,593850798,56
0,0,0,0,0,0,0,593851308,56
0,0,0,0,0,0,0,593851819,56
0,0,0,0,0,0,0,593852329,56
0,0,0,0,0,0,0,593852839,56
0,0,0,0,0,0,0,593853350,56
0,0,0,0,0,0,0,593853860,56
0,0,0,0,0,0,0,593854371,56
0,0,0,0,0,0,0,593854881,56
0,0,0,0,0,0,0,593855391,56
0,0,0,0,0,0,0,593855902,56
0,0,0,0,0,0,0,593856412,56
0,0,0,0,0,0,0,593856922,56
0,0,0,0,0,0,0,593857433,56
0,0,0,0,0,0,0,593857943,56
0,0,0,0,0,0,0,593858454,56
0,0,0,0,0,0,0,593858964,56
0,0,0,0,0,0,0,593859474,56
0,0,0,0,0,0,0,593859985,56
0,0,0,0,0,0,0,593860495,56
0,0,0,0,0,0,0,593861007,56
0,0,0,0,0,0,0,593861518,56
0,0,0,0,0,0,0,593862032,56
0,0,0,0,0,0,0,593862542,56
0,0,0,0,0,0,0,593863053,56
0,0,0,0,0,0,0,593863563,56
0,0,0,0,0,0,0,593864075,56
0,0,0,0,0,0,0,593864585,56
0,0,0,0,0,0,0,593865100,56
0,0,0,0,0,0,0,593865610,56
0,0,0,0,0,0,0,593866120,56
0,0,0,0,0,0,0,593866631,56
0,0,0,0,0,0,0,593867141,56
0,0,0,0,0,0,0,593867655,56
0,0,0,0,0,0,0,593868166,56
0,0,0,0,0,0,0,593868680,56
0,0,0,0,0,0,0,593869190,56
0,0,0,0,0,0,0,593869700,56
0,0,0,0,0,0,0,593870211,56
0,0,0,0,0,0,0,593870721,56
0,0,0,0,0,0,0,593871231,56
0,0,0,0,0,0,0,593871742,56
0,0,0,0,0,0,0,593872252,56
0,0,0,0,0,0,0,593872762,56
0,0,0,0,0,0,0,593873273,56
0,0,0,0,0,0,0,593873783,56
0,0,0,0,0,0,0,593874293,56
0,0,0,0,0,0,0,593874804,56
0,0,0,0,0,0,0,593875314,56
0,0,0,0,0,0,0,593875825,56
0,0,0,0,0,0,0,593876335,56
0,0,0,0,0,0,0,593876845,56
0,0,0,0,0,0,0,593877356,56
0,0,0,0,0,0,0,593877866,56
0,0,0,0,0,0,0,593878376,56
0,0,0,0,0,0,0,593878887,56
0,0,0,0,0,0,0,593879397,56
0,0,0,0,0,0,0,593879907,56
0,0,0,0,0,0,0,593880418,56
0,0,0,0,0,0,0,593880928,56
0,0,0,0,0,0,0,593881438,56
0,0,0,0,0,0,0,593881949,56
0,0,0,0,0,0,0,593882459,56
0,0,0,0,0,0,0,593882969,56
0,0,0,0,0,0,0,593883480,56
0,0,0,0,0,0,0,593883990,56
0,0,0,0,0,0,0,593884502,56
0,0,0,0,0,0,0,593885013,56
0,0,0,0,0,0,0,593885523,56
0,0,0,0,0,0,0,593886033,56
0,0,0,0,0,0,0,593886544,56
0,0,0,0,0,0,0,593887054,56
0,0,0,0,0,0,0,593887564,56
0,0,0,0,0,0,0,593888077,56
0,0,0,0,0,0,0,593888587,56
0,0,0,0,0,0,0,593889101,56
0,0,0,0,0,0,0,593889612,56
0,0,0,0,0,0,0,593890122,56
0,0,0,0,0,0,0,593890632,56
0,0,0,0,0,0,0,593891143,56
0,0,0,0,0,0,0,593891653,56
0,0,0,0,0,0,0,593892163,56
0,0,0,0,0,0,0,593892678,56
0,0,0,0,0,0,0,593893188,56
0,0,0,0,0,0,0,593893698,56
0,0,0,0,0,0,0,593894209,56
0,0,0,0,0,0,0,593894719,56
0,0,0,0,0,0,0,593895229,56
0,0,0,0,0,0,0,593895740,56
0,0,0,0,0,0,0,593896250,56
0,0,0,0,0,0,0,593896761,56
0,0,0,0,0,0,0,593897271,56
0,0,0,0,0,0,0,593897781,56
0,0,0,0,0,0,0,593898292,56
0,0,0,0,0,0,0,593898802,56
0,0,0,0,0,0,0,593899312,56
0,0,0,0,0,0,0,593899823,56
0,0,0,0,0,0,0,593900333,56
0,0,0,0,0,0,0,593900843,56
0,0,0,0,0,0,0,593901354,56
0,0,0,0,0,0,0,593901864,56
0,0,0,0,0,0,0,593902375,56
0,0,0,0,0,0,0,593902885,56
0,0,0,0,0,0,0,593903395,56
0,0,0,0,0,0,0,593903906,56
0,0,0,0,0,0,0,593904416,56
0,0,0,0,0,0,0,593904926,56
0,0,0,0,0,0,0,593905437,56
0,0,0,0,0,0,0,593905947,56
0,0,0,0,0,0,0,593906457,56
0,0,0,0,0,0,0,593906968,56
0,0,0,0,0,0,0,593907478,56
0,0,0,0,0,0,0,593907988,56
0,0,0,0,0,0,0,593908501,56
0,0,0,0,0,0,0,593909011,56
0,0,0,0,0,0,0,593909521,56
0,0,0,0,0,0,0,593910032,56
0,0,0,0,0,0,0,593910542,56
0,0,0,0,0,0,0,594143985,56
0,0,0,0,0,0,0,594144496,56
0,0,0,0,0,0,0,594145008,56
0,0,0,0,0,0,0,594145518,56
0,0,0,0,0,0,0,594146028,56
0,0,0,0,0,0,0,594146539,56
0,0,0,0,0,0,0,594147049,56
0,0,0,0,0,0,0,594147559,56
0,0,0,0,0,0,0,594148072,56
0,0,0,0,0,0,0,594148582,56
0,0,0,0,0,0,0,594149092,56
0,0,0,0,0,0,0,594149603,56
0,0,0,0,0,0,0,594150113,56
0,0,0,0,0,0,0,594150623,56
0,0,0,0,0,0,0,594151134,56
0,0,0,0,0,0,0,594151644,56
0,0,0,0,0,0,0,594152155,56
0,0,0,0,0,0,0,594152665,56
0,0,0,0,0,0,0,594153175,56
0,0,0,0,0,0,0,594153685,56
0,0,0,0,0,0,0,594154196,56
0,0,0,0,0,0,0,594154706,56
0,0,0,0,0,0,0,594155220,56
0,0,0,0,0,0,0,594155731,56
0,0,0,0,0,0,0,594156241,56
0,0,0,0,0,0,0,594156751,56
0,0,0,0,0,0,0,594157262,56
0,0,0,0,0,0,0,594157772,56
0,0,0,0,0,0,0,594158283,56
0,0,0,0,0,0,0,594158797,56
0,0,0,0,0,0,0,594159307,56
0,0,0,0,0,0,0,594159818,56
0,0,0,0,0,0,0,594160328,56
0,0,0,0,0,0,0,594160838,56
0,0,0,0,0,0,0,594161349,56
0,0,0,0,0,0,0,594161859,56
0,0,0,0,0,0,0,594162369,56
0,0,0,0,0,0,0,594162880,56
0,0,0,0,0,0,0,594163390,56
0,0,0,0,0,0,0,594163901,56
0,0,0,0,0,0,0,594164411,56
0,0,0,0,0,0,0,594164921,56
0,0,0,0,0,0,0,594165432,56
0,0,0,0,0,0,0,594165942,56
0,0,0,0,0,0,0,594166452,56
0,0,0,0,0,0,0,594166963,56
0,0,0,0,0,0,0,594167473,56
0,0,0,0,0,0,0,594167983,56
0,0,0,0,0,0,0,594168494,56
0,0,0,0,0,0,0,594169006,56
0,0,0,0,0,0,0,594169516,56
0,0,0,0,0,0,0,594170026,56
0,0,0,0,0,0,0,594170537,56
0,0,0,0,0,0,0,594171047,56
0,0,0,0,0,0,0,594171557,56
0,0,0,0,0,0,0,594172070,56
0,0,0,0,0,0,0,594172580,56
0,0,0,0,0,0,0,594173091,56
0,0,0,0,0,0,0,594173601,56
0,0,0,0,0,0,0,594174111,56
0,0,0,0,0,0,0,594174622,56
0,0,0,0,0,0,0,594175132,56
0,0,0,0,0,0,0,594175642,56
0,0,0,0,0,0,0,594176153,56
0,0,0,0,0,0,0,594176663,56
0,0,0,0,0,0,0,594177177,56
0,0,0,0,0,0,0,594177688,56
0,0,0,0,0,0,0,594178198,56
0,0,0,0,0,0,0,594178709,56
0,0,0,0,0,0,0,594179219,56
0,0,0,0,0,0,0,594179729,56
0,0,0,0,0,0,0,594180244,56
0,0,0,0,0,0,0,594180754,56
0,0,0,0,0,0,0,594181264,56
0,0,0,0,0,0,0,594181775,56
0,0,0,0,0,0,0,594182285,56
0,0,0,0,0,0,0,594182799,56
0,0,0,0,0,0,0,594183310,56
0,0,0,0,0,0,0,594183823,56
0,0,0,0,0,0,0,594184334,56
0,0,0,0,0,0,0,594184844,56
0,0,0,0,0,0,0,594185355,56
0,0,0,0,0,0,0,594185865,56
0,0,0,0,0,0,0,594186376,56
0,0,0,0,0,0,0,594186886,56
0,0,0,0,0,0,0,594187397,56
0,0,0,0,0,0,0,594187907,56
0,0,0,0,0,0,0,594188417,56
0,0,0,0,0,0,0,594188928,56
0,0,0,0,0,0,0,594189438,56
0,0,0,0,0,0,0,594189948,56
0,0,0,0,0,0,0,594190459,56
0,0,0,0,0,0,0,594190969,56
0,0,0,0,0,0,0,594191479,56
0,0,0,0,0,0,0,594191990,56
0,0,0,0,0,0,0,594192502,56
0,0,0,0,0,0,0,594193012,56
0,0,0,0,0,0,0,594193523,56
0,0,0,0,0,0,0,594194033,56
0,0,0,0,0,0,0,594194543,56
0,0,0,0,0,0,0,594195054,56
0,0,0,0,0,0,0,594195564,56
0,0,0,0,0,0,0,594196076,56
0,0,0,0,0,0,0,594196586,56
0,0,0,0,0,0,0,594197097,56
0,0,0,0,0,0,0,594197607,56
0,0,0,0,0,0,0,594198117,56
0,0,0,0,0,0,0,594198628,56
0,0,0,0,0,0,0,594199138,56
0,0,0,0,0,0,0,594199648,56
0,0,0,0,0,0,0,594200159,56
0,0,0,0,0,0,0,594200669,56
0,0,0,0,0,0,0,594201184,56
0,0,0,0,0,0,0,594201694,56
0,0,0,0,0,0,0,594202204,56
0,0,0,0,0,0,0,594202715,56
0,0,0,0,0,0,0,594203225,56
0,0,0,0,0,0,0,594203735,56
0,0,0,0,0,0,0,594204250,56
0,0,0,0,0,0,0,594204760,56
0,0,0,0,0,0,0,594205270,56
0,0,0,0,0,0,0,594205781,56
0,0,0,0,0,0,0,594206291,56
0,0,0,0,0,0,0,594206801,56
0,0,0,0,0,0,0,594207312,56
0,0,0,0,0,0,0,594207826,56
0,0,0,0,0,0,0,594208336,56
0,0,0,0,0,0,0,594208847,56
0,0,0,0,0,0,0,594209357,56
0,0,0,0,0,0,0,594209868,56
0,0,0,0,0,0,0,594210378,56
0,0,0,0,0,0,0,594210888,56
0,0,0,0,0,0,0,594211399,56
0,0,0,0,0,0,0,594211909,56
0,0,0,0,0,0,0,594212419,56
0,0,0,0,0,0,0,594212930,56
0,0,0,0,0,0,0,594442810,56
0,0,0,0,0,0,0,594443321,56
0,0,0,0,0,0,0,594443831,56
0,0,0,0,0,0,0,594444341,56
0,0,0,0,0,0,0,594444852,56
0,0,0,0,0,0,0,594445366,56
0,0,0,0,0,0,0,594445877,56
0,0,0,0,0,0,0,594446387,56
0,0,0,0,0,0,0,594446897,56
0,0,0,0,0,0,0,594447407,56
0,0,0,0,0,0,0,594447922,56
0,0,0,0,0,0,0,594448432,56
0,0,0,0,0,0,0,594448946,56
0,0,0,0,0,0,0,594449456,56
0,0,0,0,0,0,0,594449967,56
0,0,0,0,0,0,0,594450477,56
0,0,0,0,0,0,0,594450987,56
0,0,0,0,0,0,0,594451500,56
0,0,0,0,0,0,0,594452011,56
0,0,0,0,0,0,0,594452521,56
0,0,0,0,0,0,0,594453032,56
0,0,0,0,0,0,0,594453542,56
0,0,0,0,0,0,0,594454052,56
0,0,0,0,0,0,0,594454563,56
0,0,0,0,0,0,0,594455075,56
0,0,0,0,0,0,0,594455585,56
0,0,0,0,0,0,0,594456096,56
0,0,0,0,0,0,0,594456606,56
0,0,0,0,0,0,0,594457116,56
0,0,0,0,0,0,0,594457627,56
0,0,0,0,0,0,0,594458137,56
0,0,0,0,0,0,0,594458647,56
0,0,0,0,0,0,0,594459158,56
0,0,0,0,0,0,0,594459668,56
0,0,0,0,0,0,0,594460178,56
0,0,0,0,0,0,0,594460689,56
0,0,0,0,0,0,0,594461199,56
0,0,0,0,0,0,0,594461709,56
0,0,0,0,0,0,0,594462220,56
0,0,0,0,0,0,0,594462730,56
0,0,0,0,0,0,0,594463240,56
0,0,0,0,0,0,0,594463751,56
0,0,0,0,0,0,0,594464261,56
0,0,0,0,0,0,0,594464771,56
0,0,0,0,0,0,0,594465282,56
0,0,0,0,0,0,0,594465792,56
0,0,0,0,0,0,0,594466306,56
0,0,0,0,0,0,0,594466817,56
0,0,0,0,0,0,0,594467327,56
0,0,0,0,0,0,0,594467837,56
0,0,0,0,0,0,0,594468348,56
0,0,0,0,0,0,0,594468858,56
0,0,0,0,0,0,0,594469372,56
0,0,0,0,0,0,0,594469883,56
0,0,0,0,0,0,0,594470393,56
0,0,0,0,0,0,0,594470903,56
0,0,0,0,0,0,0,594471414,56
0,0,0,0,0,0,0,594471924,56
0,0,0,0,0,0,0,594472434,56
0,0,0,0,0,0,0,594472948,56
0,0,0,0,0,0,0,594473459,56
0,0,0,0,0,0,0,594473969,56
0,0,0,0,0,0,0,594474480,56
0,0,0,0,0,0,0,594474990,56
0,0,0,0,0,0,0,594475502,56
0,0,0,0,0,0,0,594476013,56
0,0,0,0,0,0,0,594476523,56
0,0,0,0,0,0,0,594477033,56
0,0,0,0,0,0,0,594477544,56
0,0,0,0,0,0,0,594478054,56
0,0,0,0,0,0,0,594478565,56
0,0,0,0,0,0,0,594479077,56
0,0,0,0,0,0,0,594479587,56
0,0,0,0,0,0,0,594480097,56
0,0,0,0,0,0,0,594480608,56
0,0,0,0,0,0,0,594481118,56
0,0,0,0,0,0,0,594481628,56
0,0,0,0,0,0,0,594482139,56
0,0,0,0,0,0,0,594482649,56
0,0,0,0,0,0,0,594483159,56
0,0,0,0,0,0,0,594483670,56
0,0,0,0,0,0,0,594484180,56
0,0,0,0,0,0,0,594484690,56
0,0,0,0,0,0,0,594485201,56
0,0,0,0,0,0,0,594485711,56
0,0,0,0,0,0,0,594486221,56
0,0,0,0,0,0,0,594486732,56
0,0,0,0,0,0,0,594487242,56
0,0,0,0,0,0,0,594487752,56
0,0,0,0,0,0,0,594488263,56
0,0,0,0,0,0,0,594488773,56
0,0,0,0,0,0,0,594489283,56
0,0,0,0,0,0,0,594489794,56
0,0,0,0,0,0,0,594490304,56
0,0,0,0,0,0,0,594490814,56
0,0,0,0,0,0,0,594491325,56
0,0,0,0,0,0,0,594491835,56
0,0,0,0,0,0,0,594492345,56
0,0,0,0,0,0,0,594492856,56
0,0,0,0,0,0,0,594493366,56
0,0,0,0,0,0,0,594493880,56
0,0,0,0,0,0,0,594494391,56
0,0,0,0,0,0,0,594494901,56
0,0,0,0,0,0,0,594495411,56
0,0,0,0,0,0,0,594495922,56
0,0,0,0,0,0,0,594496432,56
0,0,0,0,0,0,0,594496946,56
0,0,0,0,0,0,0,594497456,56
0,0,0,0,0,0,0,594497970,56
0,0,0,0,0,0,0,594498480,56
0,0,0,0,0,0,0,594498991,56
0,0,0,0,0,0,0,594499503,56
0,0,0,0,0,0,0,594500013,56
0,0,0,0,0,0,0,594500523,56
0,0,0,0,0,0,0,594501034,56
0,0,0,0,0,0,0,594501544,56
0,0,0,0,0,0,0,594502055,56
0,0,0,0,0,0,0,594502565,56
0,0,0,0,0,0,0,594503077,56
0,0,0,0,0,0,0,594503587,56
0,0,0,0,0,0,0,594504098,56
0,0,0,0,0,0,0,594504608,56
0,0,0,0,0,0,0,594505119,56
0,0,0,0,0,0,0,594505629,56
0,0,0,0,0,0,0,594506139,56
0,0,0,0,0,0,0,594506650,56
0,0,0,0,0,0,0,594507160,56
0,0,0,0,0,0,0,594507670,56
0,0,0,0,0,0,0,594508181,56
0,0,0,0,0,0,0,594508691,56
0,0,0,0,0,0,0,594509202,56
0,0,0,0,0,0,0,594509712,56
0,0,0,0,0,0,0,594510222,56
0,0,0,0,0,0,0,594510733,56
0,0,0,0,0,0,0,594734024,56
0,0,0,0,0,0,0,594734534,56
0,0,0,0,0,0,0,594735048,56
0,0,0,0,0,0,0,594735559,56
0,0,0,0,0,0,0,594736071,56
0,0,0,0,0,0,0,594736581,56
0,0,0,0,0,0,0,594737092,56
0,0,0,0,0,0,0,594737602,56
0,0,0,0,0,0,0,594738112,56
0,0,0,0,0,0,0,594738623,56
0,0,0,0,0,0,0,594739133,56
0,0,0,0,0,0,0,594739643,56
0,0,0,0,0,0,0,594740154,56
0,0,0,0,0,0,0,594740664,56
0,0,0,0,0,0,0,594741175,56
0,0,0,0,0,0,0,594741685,56
0,0,0,0,0,0,0,594742195,56
0,0,0,0,0,0,0,594742706,56
0,0,0,0,0,0,0,594743216,56
0,0,0,0,0,0,0,594743726,56
0,0,0,0,0,0,0,594744237,56
0,0,0,0,0,0,0,594744747,56
0,0,0,0,0,0,0,594745258,56
0,0,0,0,0,0,0,594745768,56
0,0,0,0,0,0,0,594746278,56
0,0,0,0,0,0,0,594746789,56
0,0,0,0,0,0,0,594747299,56
0,0,0,0,0,0,0,594747809,56
0,0,0,0,0,0,0,594748320,56
0,0,0,0,0,0,0,594748830,56
0,0,0,0,0,0,0,594749341,56
0,0,0,0,0,0,0,594749851,56
0,0,0,0,0,0,0,594750361,56
0,0,0,0,0,0,0,594750872,56
0,0,0,0,0,0,0,594751382,56
0,0,0,0,0,0,0,594751892,56
0,0,0,0,0,0,0,594752403,56
0,0,0,0,0,0,0,594752913,56
0,0,0,0,0,0,0,594753427,56
0,0,0,0,0,0,0,594753938,56
0,0,0,0,0,0,0,594754448,56
0,0,0,0,0,0,0,594754959,56
0,0,0,0,0,0,0,594755469,56
0,0,0,0,0,0,0,594755983,56
0,0,0,0,0,0,0,594756494,56
0,0,0,0,0,0,0,594757006,56
0,0,0,0,0,0,0,594757516,56
0,0,0,0,0,0,0,594758026,56
0,0,0,0,0,0,0,594758537,56
0,0,0,0,0,0,0,594759051,56
0,0,0,0,0,0,0,594759561,56
0,0,0,0,0,0,0,594760075,56
0,0,0,0,0,0,0,594760586,56
0,0,0,0,0,0,0,594761096,56
0,0,0,0,0,0,0,594761607,56
0,0,0,0,0,0,0,594762117,56
0,0,0,0,0,0,0,594762627,56
0,0,0,0,0,0,0,594763138,56
0,0,0,0,0,0,0,594763648,56
0,0,0,0,0,0,0,594764159,56
0,0,0,0,0,0,0,594764669,56
0,0,0,0,0,0,0,594765179,56
0,0,0,0,0,0,0,594765690,56
0,0,0,0,0,0,0,594766200,56
0,0,0,0,0,0,0,594766710,56
0,0,0,0,0,0,0,594767221,56
0,0,0,0,0,0,0,594767731,56
0,0,0,0,0,0,0,594768242,56
0,0,0,0,0,0,0,594768752,56
0,0,0,0,0,0,0,594769262,56
0,0,0,0,0,0,0,594769773,56
0,0,0,0,0,0,0,594770283,56
0,0,0,0,0,0,0,594770793,56
0,0,0,0,0,0,0,594771304,56
0,0,0,0,0,0,0,594771814,56
0,0,0,0,0,0,0,594772324,56
0,0,0,0,0,0,0,594772835,56
0,0,0,0,0,0,0,594773345,56
0,0,0,0,0,0,0,594773856,56
0,0,0,0,0,0,0,594774366,56
0,0,0,0,0,0,0,594774876,56
0,0,0,0,0,0,0,594775387,56
0,0,0,0,0,0,0,594775897,56
0,0,0,0,0,0,0,594776407,56
0,0,0,0,0,0,0,594776918,56
0,0,0,0,0,0,0,594777432,56
0,0,0,0,0,0,0,594777942,56
0,0,0,0,0,0,0,594778453,56
0,0,0,0,0,0,0,594778963,56
0,0,0,0,0,0,0,594779473,56
0,0,0,0,0,0,0,594779984,56
0,0,0,0,0,0,0,594780500,56
0,0,0,0,0,0,0,594781011,56
0,0,0,0,0,0,0,594781521,56
0,0,0,0,0,0,0,594782031,56
0,0,0,0,0,0,0,594782542,56
0,0,0,0,0,0,0,594783056,56
0,0,0,0,0,0,0,594783566,56
0,0,0,0,0,0,0,594784082,56
0,0,0,0,0,0,0,594784592,56
0,0,0,0,0,0,0,594785103,56
0,0,0,0,0,0,0,594785613,56
0,0,0,0,0,0,0,594786124,56
0,0,0,0,0,0,0,594786634,56
0,0,0,0,0,0,0,594787145,56
0,0,0,0,0,0,0,594787655,56
0,0,0,0,0,0,0,594788165,56
0,0,0,0,0,0,0,594788676,56
0,0,0,0,0,0,0,594789186,56
0,0,0,0,0,0,0,594789696,56
0,0,0,0,0,0,0,594790207,56
0,0,0,0,0,0,0,594790717,56
0,0,0,0,0,0,0,594791228,56
0,0,0,0,0,0,0,594791738,56
0,0,0,0,0,0,0,594792248,56
0,0,0,0,0,0,0,594792759,56
0,0,0,0,0,0,0,594793269,56
0,0,0,0,0,0,0,594793779,56
0,0,0,0,0,0,0,594794290,56
0,0,0,0,0,0,0,594794800,56
0,0,0,0,0,0,0,594795310,56
0,0,0,0,0,0,0,594795821,56
0,0,0,0,0,0,0,594796331,56
0,0,0,0,0,0,0,594796841,56
0,0,0,0,0,0,0,594797352,56
0,0,0,0,0,0,0,594797862,56
0,0,0,0,0,0,0,594798372,56
0,0,0,0,0,0,0,594798883,56
0,0,0,0,0,0,0,594799393,56
0,0,0,0,0,0,0,595027233,56
0,0,0,0,0,0,0,595027743,56
0,0,0,0,0,0,0,595028253,56
0,0,0,0,0,0,0,595028764,56
0,0,0,0,0,0,0,595029274,56
0,0,0,0,0,0,0,595029784,56
0,0,0,0,0,0,0,595030295,56
0,0,0,0,0,0,0,595030805,56
0,0,0,0,0,0,0,595031316,56
0,0,0,0,0,0,0,595031826,56
0,0,0,0,0,0,0,595032336,56
0,0,0,0,0,0,0,595032847,56
0,0,0,0,0,0,0,595033357,56
0,0,0,0,0,0,0,595033867,56
0,0,0,0,0,0,0,595034378,56
0,0,0,0,0,0,0,595034888,56
0,0,0,0,0,0,0,595035398,56
0,0,0,0,0,0,0,595035909,56
0,0,0,0,0,0,0,595036419,56
0,0,0,0,0,0,0,595036929,56
0,0,0,0,0,0,0,595037442,56
0,0,0,0,0,0,0,595037952,56
0,0,0,0,0,0,0,595038462,56
0,0,0,0,0,0,0,595038972,56
0,0,0,0,0,0,0,595039483,56
0,0,0,0,0,0,0,595039993,56
0,0,0,0,0,0,0,595040506,56
0,0,0,0,0,0,0,595041016,56
0,0,0,0,0,0,0,595041528,56
0,0,0,0,0,0,0,595042039,56
0,0,0,0,0,0,0,595042549,56
0,0,0,0,0,0,0,595043061,56
0,0,0,0,0,0,0,595043572,56
0,0,0,0,0,0,0,595044088,56
0,0,0,0,0,0,0,595044598,56
0,0,0,0,0,0,0,595045108,56
0,0,0,0,0,0,0,595045619,56
0,0,0,0,0,0,0,595046129,56
0,0,0,0,0,0,0,595046639,56
0,0,0,0,0,0,0,595047154,56
0,0,0,0,0,0,0,595047664,56
0,0,0,0,0,0,0,595048174,56
0,0,0,0,0,0,0,595048685,56
0,0,0,0,0,0,0,595049195,56
0,0,0,0,0,0,0,595049705,56
0,0,0,0,0,0,0,595050216,56
0,0,0,0,0,0,0,595050726,56
0,0,0,0,0,0,0,595051236,56
0,0,0,0,0,0,0,595051747,56
0,0,0,0,0,0,0,595052257,56
0,0,0,0,0,0,0,595052768,56
0,0,0,0,0,0,0,595053278,56
0,0,0,0,0,0,0,595053788,56
0,0,0,0,0,0,0,595054299,56
0,0,0,0,0,0,0,595054809,56
0,0,0,0,0,0,0,595055319,56
0,0,0,0,0,0,0,595055830,56
0,0,0,0,0,0,0,595056340,56
0,0,0,0,0,0,0,595056850,56
0,0,0,0,0,0,0,595057361,56
0,0,0,0,0,0,0,595057871,56
0,0,0,0,0,0,0,595058381,56
0,0,0,0,0,0,0,595058892,56
0,0,0,0,0,0,0,595059402,56
0,0,0,0,0,0,0,595059912,56
0,0,0,0,0,0,0,595060422,56
0,0,0,0,0,0,0,595060933,56
0,0,0,0,0,0,0,595061445,56
0,0,0,0,0,0,0,595061955,56
0,0,0,0,0,0,0,595062466,56
0,0,0,0,0,0,0,595062976,56
0,0,0,0,0,0,0,595063487,56
0,0,0,0,0,0,0,595063997,56
0,0,0,0,0,0,0,595064509,56
0,0,0,0,0,0,0,595065019,56
0,0,0,0,0,0,0,595065534,56
0,0,0,0,0,0,0,595066044,56
0,0,0,0,0,0,0,595066555,56
0,0,0,0,0,0,0,595067067,56
0,0,0,0,0,0,0,595067577,56
0,0,0,0,0,0,0,595068093,56
0,0,0,0,0,0,0,595068603,56
0,0,0,0,0,0,0,595069114,56
0,0,0,0,0,0,0,595069624,56
0,0,0,0,0,0,0,595070134,56
0,0,0,0,0,0,0,595070645,56
0,0,0,0,0,0,0,595071159,56
0,0,0,0,0,0,0,595071669,56
0,0,0,0,0,0,0,595072181,56
0,0,0,0,0,0,0,595072691,56
0,0,0,0,0,0,0,595073201,56
0,0,0,0,0,0,0,595073712,56
0,0,0,0,0,0,0,595074222,56
0,0,0,0,0,0,0,595074733,56
0,0,0,0,0,0,0,595075243,56
0,0,0,0,0,0,0,595075753,56
0,0,0,0,0,0,0,595076264,56
0,0,0,0,0,0,0,595076774,56
0,0,0,0,0,0,0,595077284,56
0,0,0,0,0,0,0,595077795,56
0,0,0,0,0,0,0,595078305,56
0,0,0,0,0,0,0,595078816,56
0,0,0,0,0,0,0,595079326,56
0,0,0,0,0,0,0,595079836,56
0,0,0,0,0,0,0,595080347,56
0,0,0,0,0,0,0,595080857,56
0,0,0,0,0,0,0,595081367,56
0,0,0,0,0,0,0,595081878,56
0,0,0,0,0,0,0,595082388,56
0,0,0,0,0,0,0,595082898,56
0,0,0,0,0,0,0,595083409,56
0,0,0,0,0,0,0,595083919,56
0,0,0,0,0,0,0,595084429,56
0,0,0,0,0,0,0,595084940,56
0,0,0,0,0,0,0,595085450,56
0,0,0,0,0,0,0,595085960,56
0,0,0,0,0,0,0,595086470,56
0,0,0,0,0,0,0,595086981,56
0,0,0,0,0,0,0,595087491,56
0,0,0,0,0,0,0,595088003,56
0,0,0,0,0,0,0,595088514,56
0,0,0,0,0,0,0,595089024,56
0,0,0,0,0,0,0,595089539,56
0,0,0,0,0,0,0,595090049,56
0,0,0,0,0,0,0,595090559,56
0,0,0,0,0,0,0,595091071,56
0,0,0,0,0,0,0,595091582,56
0,0,0,0,0,0,0,595092092,56
0,0,0,0,0,0,0,595092606,56
0,0,0,0,0,0,0,595093117,56
0,0,0,0,0,0,0,595093627,56
0,0,0,0,0,0,0,595094137,56
0,0,0,0,0,0,0,595094648,56
0,0,0,0,0,0,0,595095162,56
0,0,0,0,0,0,0,595335694,56
0,0,0,0,0,0,0,595336204,56
0,0,0,0,0,0,0,595336714,56
0,0,0,0,0,0,0,595337224,56
0,0,0,0,0,0,0,595337735,56
0,0,0,0,0,0,0,595338245,56
0,0,0,0,0,0,0,595338755,56
0,0,0,0,0,0,0,595339270,56
0,0,0,0,0,0,0,595339780,56
0,0,0,0,0,0,0,595340291,56
0,0,0,0,0,0,0,595340801,56
0,0,0,0,0,0,0,595341311,56
0,0,0,0,0,0,0,595341822,56
0,0,0,0,0,0,0,595342332,56
0,0,0,0,0,0,0,595342842,56
0,0,0,0,0,0,0,595343353,56
0,0,0,0,0,0,0,595343863,56
0,0,0,0,0,0,0,595344373,56
0,0,0,0,0,0,0,595344884,56
0,0,0,0,0,0,0,595345394,56
0,0,0,0,0,0,0,595345904,56
0,0,0,0,0,0,0,595346415,56
0,0,0,0,0,0,0,595346925,56
0,0,0,0,0,0,0,595347435,56
0,0,0,0,0,0,0,595347946,56
0,0,0,0,0,0,0,595348456,56
0,0,0,0,0,0,0,595348966,56
0,0,0,0,0,0,0,595349477,56
0,0,0,0,0,0,0,595349987,56
0,0,0,0,0,0,0,595350500,56
0,0,0,0,0,0,0,595351011,56
0,0,0,0,0,0,0,595351521,56
0,0,0,0,0,0,0,595352032,56
0,0,0,0,0,0,0,595352542,56
0,0,0,0,0,0,0,595353052,56
0,0,0,0,0,0,0,595353563,56
0,0,0,0,0,0,0,595354075,56
0,0,0,0,0,0,0,595354585,56
0,0,0,0,0,0,0,595355095,56
0,0,0,0,0,0,0,595355606,56
0,0,0,0,0,0,0,595356116,56
0,0,0,0,0,0,0,595356626,56
0,0,0,0,0,0,0,595357137,56
0,0,0,0,0,0,0,595357647,56
0,0,0,0,0,0,0,595358158,56
0,0,0,0,0,0,0,595358668,56
0,0,0,0,0,0,0,595359178,56
0,0,0,0,0,0,0,595359688,56
0,0,0,0,0,0,0,595360203,56
0,0,0,0,0,0,0,595360713,56
0,0,0,0,0,0,0,595361223,56
0,0,0,0,0,0,0,595361734,56
0,0,0,0,0,0,0,595362244,56
0,0,0,0,0,0,0,595362754,56
0,0,0,0,0,0,0,595363269,56
0,0,0,0,0,0,0,595363779,56
0,0,0,0,0,0,0,595364291,56
0,0,0,0,0,0,0,595364801,56
0,0,0,0,0,0,0,595365311,56
0,0,0,0,0,0,0,595365822,56
0,0,0,0,0,0,0,595366332,56
0,0,0,0,0,0,0,595366842,56
0,0,0,0,0,0,0,595367353,56
0,0,0,0,0,0,0,595367863,56
0,0,0,0,0,0,0,595368373,56
0,0,0,0,0,0,0,595368884,56
0,0,0,0,0,0,0,595369394,56
0,0,0,0,0,0,0,595369905,56
0,0,0,0,0,0,0,595370415,56
0,0,0,0,0,0,0,595370925,56
0,0,0,0,0,0,0,595371436,56
0,0,0,0,0,0,0,595371946,56
0,0,0,0,0,0,0,595372456,56
0,0,0,0,0,0,0,595372967,56
0,0,0,0,0,0,0,595373477,56
0,0,0,0,0,0,0,595373987,56
0,0,0,0,0,0,0,595374500,56
0,0,0,0,0,0,0,595375011,56
0,0,0,0,0,0,0,595375521,56
0,0,0,0,0,0,0,595376031,56
0,0,0,0,0,0,0,595376542,56
0,0,0,0,0,0,0,595377052,56
0,0,0,0,0,0,0,595377562,56
0,0,0,0,0,0,0,595378075,56
0,0,0,0,0,0,0,595378585,56
0,0,0,0,0,0,0,595379095,56
0,0,0,0,0,0,0,595379606,56
0,0,0,0,0,0,0,595380116,56
0,0,0,0,0,0,0,595380626,56
0,0,0,0,0,0,0,595381137,56
0,0,0,0,0,0,0,595381651,56
0,0,0,0,0,0,0,595382161,56
0,0,0,0,0,0,0,595382672,56
0,0,0,0,0,0,0,595383182,56
0,0,0,0,0,0,0,595383692,56
0,0,0,0,0,0,0,595384203,56
0,0,0,0,0,0,0,595384717,56
0,0,0,0,0,0,0,595385227,56
0,0,0,0,0,0,0,595385738,56
0,0,0,0,0,0,0,595386248,56
0,0,0,0,0,0,0,595386758,56
0,0,0,0,0,0,0,595387272,56
0,0,0,0,0,0,0,595387783,56
0,0,0,0,0,0,0,595388297,56
0,0,0,0,0,0,0,595388807,56
0,0,0,0,0,0,0,595389317,56
0,0,0,0,0,0,0,595389828,56
0,0,0,0,0,0,0,595390338,56
0,0,0,0,0,0,0,595390849,56
0,0,0,0,0,0,0,595391359,56
0,0,0,0,0,0,0,595391869,56
0,0,0,0,0,0,0,595392380,56
0,0,0,0,0,0,0,595392890,56
0,0,0,0,0,0,0,595393400,56
0,0,0,0,0,0,0,595393911,56
0,0,0,0,0,0,0,595394421,56
0,0,0,0,0,0,0,595394931,56
0,0,0,0,0,0,0,595395443,56
0,0,0,0,0,0,0,595395954,56
0,0,0,0,0,0,0,595396464,56
0,0,0,0,0,0,0,595396974,56
0,0,0,0,0,0,0,595397485,56
0,0,0,0,0,0,0,595397995,56
0,0,0,0,0,0,0,595398507,56
0,0,0,0,0,0,0,595399018,56
0,0,0,0,0,0,0,595399528,56
0,0,0,0,0,0,0,595400038,56
0,0,0,0,0,0,0,595400549,56
0,0,0,0,0,0,0,595401059,56
0,0,0,0,0,0,0,595401569,56
0,0,0,0,0,0,0,595402082,56
0,0,0,0,0,0,0,595402592,56
0,0,0,0,0,0,0,595403102,56
0,0,0,0,0,0,0,595403613,56
0,0,0,0,0,0,0,595404123,56
0,0,0,0,0,0,0,595627930,56
0,0,0,0,0,0,0,595628442,56
0,0,0,0,0,0,0,595628953,56
0,0,0,0,0,0,0,595629463,56
0,0,0,0,0,0,0,595629973,56
0,0,0,0,0,0,0,595630484,56
0,0,0,0,0,0,0,595630994,56
0,0,0,0,0,0,0,595631507,56
0,0,0,0,0,0,0,595632017,56
0,0,0,0,0,0,0,595632527,56
0,0,0,0,0,0,0,595633038,56
0,0,0,0,0,0,0,595633548,56
0,0,0,0,0,0,0,595634058,56
0,0,0,0,0,0,0,595634569,56
0,0,0,0,0,0,0,595635081,56
0,0,0,0,0,0,0,595635591,56
0,0,0,0,0,0,0,595636101,56
0,0,0,0,0,0,0,595636612,56
0,0,0,0,0,0,0,595637122,56
0,0,0,0,0,0,0,595637632,56
0,0,0,0,0,0,0,595638143,56
0,0,0,0,0,0,0,595638653,56
0,0,0,0,0,0,0,595639164,56
0,0,0,0,0,0,0,595639674,56
0,0,0,0,0,0,0,595640184,56
0,0,0,0,0,0,0,595640695,56
0,0,0,0,0,0,0,595641205,56
0,0,0,0,0,0,0,595641716,56
0,0,0,0,0,0,0,595642226,56
0,0,0,0,0,0,0,595642736,56
0,0,0,0,0,0,0,595643247,56
0,0,0,0,0,0,0,595643760,56
0,0,0,0,0,0,0,595644270,56
0,0,0,0,0,0,0,595644781,56
0,0,0,0,0,0,0,595645291,56
0,0,0,0,0,0,0,595645802,56
0,0,0,0,0,0,0,595646316,56
0,0,0,0,0,0,0,595646826,56
0,0,0,0,0,0,0,595647337,56
0,0,0,0,0,0,0,595647847,56
0,0,0,0,0,0,0,595648357,56
0,0,0,0,0,0,0,595648868,56
0,0,0,0,0,0,0,595649382,56
0,0,0,0,0,0,0,595649892,56
0,0,0,0,0,0,0,595650404,56
0,0,0,0,0,0,0,595650915,56
0,0,0,0,0,0,0,595651425,56
0,0,0,0,0,0,0,595651935,56
0,0,0,0,0,0,0,595652448,56
0,0,0,0,0,0,0,595652958,56
0,0,0,0,0,0,0,595653468,56
0,0,0,0,0,0,0,595653979,56
0,0,0,0,0,0,0,595654489,56
0,0,0,0,0,0,0,595655001,56
0,0,0,0,0,0,0,595655512,56
0,0,0,0,0,0,0,595656022,56
0,0,0,0,0,0,0,595656532,56
0,0,0,0,0,0,0,595657043,56
0,0,0,0,0,0,0,595657553,56
0,0,0,0,0,0,0,595658065,56
0,0,0,0,0,0,0,595658576,56
0,0,0,0,0,0,0,595659087,56
0,0,0,0,0,0,0,595659598,56
0,0,0,0,0,0,0,595660108,56
0,0,0,0,0,0,0,595660618,56
0,0,0,0,0,0,0,595661129,56
0,0,0,0,0,0,0,595661639,56
0,0,0,0,0,0,0,595662150,56
0,0,0,0,0,0,0,595662660,56
0,0,0,0,0,0,0,595663170,56
0,0,0,0,0,0,0,595663680,56
0,0,0,0,0,0,0,595664191,56
0,0,0,0,0,0,0,595664701,56
0,0,0,0,0,0,0,595665211,56
0,0,0,0,0,0,0,595665722,56
0,0,0,0,0,0,0,595666232,56
0,0,0,0,0,0,0,595666742,56
0,0,0,0,0,0,0,595667253,56
0,0,0,0,0,0,0,595667767,56
0,0,0,0,0,0,0,595668278,56
0,0,0,0,0,0,0,595668788,56
0,0,0,0,0,0,0,595669298,56
0,0,0,0,0,0,0,595669809,56
0,0,0,0,0,0,0,595670323,56
0,0,0,0,0,0,0,595670833,56
0,0,0,0,0,0,0,595671344,56
0,0,0,0,0,0,0,595671854,56
0,0,0,0,0,0,0,595672364,56
0,0,0,0,0,0,0,595672875,56
0,0,0,0,0,0,0,595673389,56
0,0,0,0,0,0,0,595673899,56
0,0,0,0,0,0,0,595674412,56
0,0,0,0,0,0,0,595674923,56
0,0,0,0,0,0,0,595675433,56
0,0,0,0,0,0,0,595675943,56
0,0,0,0,0,0,0,595676454,56
0,0,0,0,0,0,0,595676964,56
0,0,0,0,0,0,0,595677475,56
0,0,0,0,0,0,0,595677985,56
0,0,0,0,0,0,0,595678496,56
0,0,0,0,0,0,0,595679008,56
0,0,0,0,0,0,0,595679518,56
0,0,0,0,0,0,0,595680028,56
0,0,0,0,0,0,0,595680539,56
0,0,0,0,0,0,0,595681049,56
0,0,0,0,0,0,0,595681559,56
0,0,0,0,0,0,0,595682071,56
0,0,0,0,0,0,0,595682582,56
0,0,0,0,0,0,0,595683092,56
0,0,0,0,0,0,0,595683602,56
0,0,0,0,0,0,0,595684113,56
0,0,0,0,0,0,0,595684623,56
0,0,0,0,0,0,0,595685133,56
0,0,0,0,0,0,0,595685644,56
0,0,0,0,0,0,0,595686154,56
0,0,0,0,0,0,0,595686665,56
0,0,0,0,0,0,0,595687175,56
0,0,0,0,0,0,0,595687685,56
0,0,0,0,0,0,0,595688196,56
0,0,0,0,0,0,0,595688706,56
0,0,0,0,0,0,0,595689216,56
0,0,0,0,0,0,0,595689727,56
0,0,0,0,0,0,0,595690237,56
0,0,0,0,0,0,0,595690747,56
0,0,0,0,0,0,0,595691258,56
0,0,0,0,0,0,0,595691772,56
0,0,0,0,0,0,0,595692282,56
0,0,0,0,0,0,0,595692793,56
0,0,0,0,0,0,0,595693303,56
0,0,0,0,0,0,0,595693814,56
0,0,0,0,0,0,0,595694324,56
0,0,0,0,0,0,0,595694838,56
0,0,0,0,0,0,0,595695349,56
0,0,0,0,0,0,0,595925235,56
0,0,0,0,0,0,0,595925746,56
0,0,0,0,0,0,0,595926256,56
0,0,0,0,0,0,0,595926766,56
0,0,0,0,0,0,0,595927277,56
0,0,0,0,0,0,0,595927787,56
0,0,0,0,0,0,0,595928297,56
0,0,0,0,0,0,0,595928808,56
0,0,0,0,0,0,0,595929318,56
0,0,0,0,0,0,0,595929828,56
0,0,0,0,0,0,0,595930339,56
0,0,0,0,0,0,0,595930853,56
0,0,0,0,0,0,0,595931363,56
0,0,0,0,0,0,0,595931874,56
0,0,0,0,0,0,0,595932384,56
0,0,0,0,0,0,0,595932895,56
0,0,0,0,0,0,0,595933405,56
0,0,0,0,0,0,0,595933919,56
0,0,0,0,0,0,0,595934429,56
0,0,0,0,0,0,0,595934940,56
0,0,0,0,0,0,0,595935450,56
0,0,0,0,0,0,0,595935960,56
0,0,0,0,0,0,0,595936471,56
0,0,0,0,0,0,0,595936981,56
0,0,0,0,0,0,0,595937495,56
0,0,0,0,0,0,0,595938007,56
0,0,0,0,0,0,0,595938518,56
0,0,0,0,0,0,0,595939028,56
0,0,0,0,0,0,0,595939539,56
0,0,0,0,0,0,0,595940049,56
0,0,0,0,0,0,0,595940559,56
0,0,0,0,0,0,0,595941071,56
0,0,0,0,0,0,0,595941582,56
0,0,0,0,0,0,0,595942092,56
0,0,0,0,0,0,0,595942602,56
0,0,0,0,0,0,0,595943113,56
0,0,0,0,0,0,0,595943623,56
0,0,0,0,0,0,0,595944134,56
0,0,0,0,0,0,0,595944644,56
0,0,0,0,0,0,0,595945154,56
0,0,0,0,0,0,0,595945665,56
0,0,0,0,0,0,0,595946175,56
0,0,0,0,0,0,0,595946685,56
0,0,0,0,0,0,0,595947196,56
0,0,0,0,0,0,0,595947706,56
0,0,0,0,0,0,0,595948216,56
0,0,0,0,0,0,0,595948727,56
0,0,0,0,0,0,0,595949237,56
0,0,0,0,0,0,0,595949747,56
0,0,0,0,0,0,0,595950258,56
0,0,0,0,0,0,0,595950768,56
0,0,0,0,0,0,0,595951278,56
0,0,0,0,0,0,0,595951789,56
0,0,0,0,0,0,0,595952299,56
0,0,0,0,0,0,0,595952809,56
0,0,0,0,0,0,0,595953320,56
0,0,0,0,0,0,0,595953830,56
0,0,0,0,0,0,0,595954340,56
0,0,0,0,0,0,0,595954851,56
0,0,0,0,0,0,0,595955361,56
0,0,0,0,0,0,0,595955872,56
0,0,0,0,0,0,0,595956382,56
0,0,0,0,0,0,0,595956892,56
0,0,0,0,0,0,0,595957403,56
0,0,0,0,0,0,0,595957913,56
0,0,0,0,0,0,0,595958427,56
0,0,0,0,0,0,0,595958938,56
0,0,0,0,0,0,0,595959449,56
0,0,0,0,0,0,0,595959959,56
0,0,0,0,0,0,0,595960469,56
0,0,0,0,0,0,0,595960979,56
0,0,0,0,0,0,0,595961494,56
0,0,0,0,0,0,0,595962006,56
0,0,0,0,0,0,0,595962517,56
0,0,0,0,0,0,0,595963027,56
0,0,0,0,0,0,0,595963537,56
0,0,0,0,0,0,0,595964048,56
0,0,0,0,0,0,0,595964558,56
0,0,0,0,0,0,0,595965070,56
0,0,0,0,0,0,0,595965581,56
0,0,0,0,0,0,0,595966091,56
0,0,0,0,0,0,0,595966601,56
0,0,0,0,0,0,0,595967112,56
0,0,0,0,0,0,0,595967622,56
0,0,0,0,0,0,0,595968132,56
0,0,0,0,0,0,0,595968643,56
0,0,0,0,0,0,0,595969153,56
0,0,0,0,0,0,0,595969663,56
0,0,0,0,0,0,0,595970174,56
0,0,0,0,0,0,0,595970684,56
0,0,0,0,0,0,0,595971194,56
0,0,0,0,0,0,0,595971705,56
0,0,0,0,0,0,0,595972215,56
0,0,0,0,0,0,0,595972725,56
0,0,0,0,0,0,0,595973236,56
0,0,0,0,0,0,0,595973746,56
0,0,0,0,0,0,0,595974256,56
0,0,0,0,0,0,0,595974767,56
0,0,0,0,0,0,0,595975277,56
0,0,0,0,0,0,0,595975787,56
0,0,0,0,0,0,0,595976298,56
0,0,0,0,0,0,0,595976808,56
0,0,0,0,0,0,0,595977319,56
0,0,0,0,0,0,0,595977829,56
0,0,0,0,0,0,0,595978339,56
0,0,0,0,0,0,0,595978850,56
0,0,0,0,0,0,0,595979360,56
0,0,0,0,0,0,0,595979874,56
0,0,0,0,0,0,0,595980385,56
0,0,0,0,0,0,0,595980895,56
0,0,0,0,0,0,0,595981405,56
0,0,0,0,0,0,0,595981916,56
0,0,0,0,0,0,0,595982426,56
0,0,0,0,0,0,0,595982940,56
0,0,0,0,0,0,0,595983451,56
0,0,0,0,0,0,0,595983961,56
0,0,0,0,0,0,0,595984471,56
0,0,0,0,0,0,0,595984982,56
0,0,0,0,0,0,0,595985492,56
0,0,0,0,0,0,0,595986004,56
0,0,0,0,0,0,0,595986519,56
0,0,0,0,0,0,0,595987029,56
0,0,0,0,0,0,0,595987539,56
0,0,0,0,0,0,0,595988050,56
0,0,0,0,0,0,0,595988560,56
0,0,0,0,0,0,0,595989072,56
0,0,0,0,0,0,0,595989583,56
0,0,0,0,0,0,0,595990093,56
0,0,0,0,0,0,0,595990603,56
0,0,0,0,0,0,0,595991114,56
0,0,0,0,0,0,0,595991624,56
0,0,0,0,0,0,0,595992135,56
0,0,0,0,0,0,0,596227593,56
0,0,0,0,0,0,0,596228103,56
0,0,0,0,0,0,0,596228615,56
0,0,0,0,0,0,0,596229125,56
0,0,0,0,0,0,0,596229636,56
0,0,0,0,0,0,0,596230146,56
0,0,0,0,0,0,0,596230657,56
0,0,0,0,0,0,0,596231167,56
0,0,0,0,0,0,0,596231677,56
0,0,0,0,0,0,0,596232188,56
0,0,0,0,0,0,0,596232698,56
0,0,0,0,0,0,0,596233208,56
0,0,0,0,0,0,0,596233719,56
0,0,0,0,0,0,0,596234229,56
0,0,0,0,0,0,0,596234739,56
0,0,0,0,0,0,0,596235250,56
0,0,0,0,0,0,0,596235760,56
0,0,0,0,0,0,0,596236271,56
0,0,0,0,0,0,0,596236781,56
0,0,0,0,0,0,0,596237291,56
0,0,0,0,0,0,0,596237802,56
0,0,0,0,0,0,0,596238312,56
0,0,0,0,0,0,0,596238822,56
0,0,0,0,0,0,0,596239332,56
0,0,0,0,0,0,0,596239843,56
0,0,0,0,0,0,0,596240353,56
0,0,0,0,0,0,0,596240864,56
0,0,0,0,0,0,0,596241374,56
0,0,0,0,0,0,0,596241884,56
0,0,0,0,0,0,0,596242395,56
0,0,0,0,0,0,0,596242905,56
0,0,0,0,0,0,0,596243416,56
0,0,0,0,0,0,0,596243926,56
0,0,0,0,0,0,0,596244436,56
0,0,0,0,0,0,0,596244947,56
0,0,0,0,0,0,0,596245457,56
0,0,0,0,0,0,0,596245967,56
0,0,0,0,0,0,0,596246478,56
0,0,0,0,0,0,0,596246988,56
0,0,0,0,0,0,0,596247501,56
0,0,0,0,0,0,0,596248011,56
0,0,0,0,0,0,0,596248521,56
0,0,0,0,0,0,0,596249035,56
0,0,0,0,0,0,0,596249546,56
0,0,0,0,0,0,0,596250056,56
0,0,0,0,0,0,0,596250566,56
0,0,0,0,0,0,0,596251079,56
0,0,0,0,0,0,0,596251589,56
0,0,0,0,0,0,0,596252099,56
0,0,0,0,0,0,0,596252613,56
0,0,0,0,0,0,0,596253124,56
0,0,0,0,0,0,0,596253634,56
0,0,0,0,0,0,0,596254145,56
0,0,0,0,0,0,0,596254655,56
0,0,0,0,0,0,0,596255165,56
0,0,0,0,0,0,0,596255676,56
0,0,0,0,0,0,0,596256186,56
0,0,0,0,0,0,0,596256697,56
0,0,0,0,0,0,0,596257207,56
0,0,0,0,0,0,0,596257717,56
0,0,0,0,0,0,0,596258227,56
0,0,0,0,0,0,0,596258738,56
0,0,0,0,0,0,0,596259248,56
0,0,0,0,0,0,0,596259759,56
0,0,0,0,0,0,0,596260269,56
0,0,0,0,0,0,0,596260779,56
0,0,0,0,0,0,0,596261289,56
0,0,0,0,0,0,0,596261800,56
0,0,0,0,0,0,0,596262310,56
0,0,0,0,0,0,0,596262821,56
0,0,0,0,0,0,0,596263331,56
0,0,0,0,0,0,0,596263841,56
0,0,0,0,0,0,0,596264352,56
0,0,0,0,0,0,0,596264862,56
0,0,0,0,0,0,0,596265373,56
0,0,0,0,0,0,0,596265883,56
0,0,0,0,0,0,0,596266393,56
0,0,0,0,0,0,0,596266903,56
0,0,0,0,0,0,0,596267414,56
0,0,0,0,0,0,0,596267924,56
0,0,0,0,0,0,0,596268434,56
0,0,0,0,0,0,0,596268945,56
0,0,0,0,0,0,0,596269455,56
0,0,0,0,0,0,0,596269965,56
0,0,0,0,0,0,0,596270476,56
0,0,0,0,0,0,0,596270990,56
0,0,0,0,0,0,0,596271502,56
0,0,0,0,0,0,0,596272012,56
0,0,0,0,0,0,0,596272523,56
0,0,0,0,0,0,0,596273033,56
0,0,0,0,0,0,0,596273547,56
0,0,0,0,0,0,0,596274058,56
0,0,0,0,0,0,0,596274568,56
0,0,0,0,0,0,0,596275080,56
0,0,0,0,0,0,0,596275590,56
0,0,0,0,0,0,0,596276101,56
0,0,0,0,0,0,0,596276615,56
0,0,0,0,0,0,0,596277125,56
0,0,0,0,0,0,0,596277636,56
0,0,0,0,0,0,0,596278146,56
0,0,0,0,0,0,0,596278657,56
0,0,0,0,0,0,0,596279167,56
0,0,0,0,0,0,0,596279677,56
0,0,0,0,0,0,0,596280188,56
0,0,0,0,0,0,0,596280698,56
0,0,0,0,0,0,0,596281209,56
0,0,0,0,0,0,0,596281719,56
0,0,0,0,0,0,0,596282229,56
0,0,0,0,0,0,0,596282740,56
0,0,0,0,0,0,0,596283250,56
0,0,0,0,0,0,0,596283760,56
0,0,0,0,0,0,0,596284271,56
0,0,0,0,0,0,0,596284781,56
0,0,0,0,0,0,0,596285291,56
0,0,0,0,0,0,0,596285802,56
0,0,0,0,0,0,0,596286312,56
0,0,0,0,0,0,0,596286822,56
0,0,0,0,0,0,0,596287333,56
0,0,0,0,0,0,0,596287843,56
0,0,0,0,0,0,0,596288353,56
0,0,0,0,0,0,0,596288864,56
0,0,0,0,0,0,0,596289374,56
0,0,0,0,0,0,0,596289884,56
0,0,0,0,0,0,0,596290395,56
0,0,0,0,0,0,0,596290905,56
0,0,0,0,0,0,0,596291416,56
0,0,0,0,0,0,0,596291926,56
0,0,0,0,0,0,0,596292436,56
0,0,0,0,0,0,0,596292946,56
0,0,0,0,0,0,0,596293457,56
0,0,0,0,0,0,0,596293967,56
0,0,0,0,0,0,0,596294478,56
0,0,0,0,0,0,0,596294992,56
0,0,0,0,0,0,0,596295504,56
0,0,0,0,0,0,0,596296014,56
0,0,0,0,0,0,0,596532991,56
0,0,0,0,0,0,0,596533504,56
0,0,0,0,0,0,0,596534014,56
0,0,0,0,0,0,0,596534524,56
0,0,0,0,0,0,0,596535035,56
0,0,0,0,0,0,0,596535545,56
0,0,0,0,0,0,0,596536055,56
0,0,0,0,0,0,0,596536565,56
0,0,0,0,0,0,0,596537078,56
0,0,0,0,0,0,0,596537588,56
0,0,0,0,0,0,0,596538098,56
0,0,0,0,0,0,0,596538609,56
0,0,0,0,0,0,0,596539119,56
0,0,0,0,0,0,0,596539630,56
0,0,0,0,0,0,0,596540144,56
0,0,0,0,0,0,0,596540654,56
0,0,0,0,0,0,0,596541165,56
0,0,0,0,0,0,0,596541675,56
0,0,0,0,0,0,0,596542185,56
0,0,0,0,0,0,0,596542696,56
0,0,0,0,0,0,0,596543206,56
0,0,0,0,0,0,0,596543720,56
0,0,0,0,0,0,0,596544231,56
0,0,0,0,0,0,0,596544741,56
0,0,0,0,0,0,0,596545251,56
0,0,0,0,0,0,0,596545762,56
0,0,0,0,0,0,0,596546272,56
0,0,0,0,0,0,0,596546782,56
0,0,0,0,0,0,0,596547293,56
0,0,0,0,0,0,0,596547803,56
0,0,0,0,0,0,0,596548314,56
0,0,0,0,0,0,0,596548824,56
0,0,0,0,0,0,0,596549334,56
0,0,0,0,0,0,0,596549844,56
0,0,0,0,0,0,0,596550355,56
0,0,0,0,0,0,0,596550865,56
0,0,0,0,0,0,0,596551376,56
0,0,0,0,0,0,0,596551886,56
0,0,0,0,0,0,0,596552396,56
0,0,0,0,0,0,0,596552907,56
0,0,0,0,0,0,0,596553417,56
0,0,0,0,0,0,0,596553927,56
0,0,0,0,0,0,0,596554438,56
0,0,0,0,0,0,0,596554948,56
0,0,0,0,0,0,0,596555458,56
0,0,0,0,0,0,0,596555969,56
0,0,0,0,0,0,0,596556479,56
0,0,0,0,0,0,0,596556990,56
0,0,0,0,0,0,0,596557502,56
0,0,0,0,0,0,0,596558012,56
0,0,0,0,0,0,0,596558522,56
0,0,0,0,0,0,0,596559033,56
0,0,0,0,0,0,0,596559543,56
0,0,0,0,0,0,0,596560053,56
0,0,0,0,0,0,0,596560564,56
0,0,0,0,0,0,0,596561076,56
0,0,0,0,0,0,0,596561586,56
0,0,0,0,0,0,0,596562098,56
0,0,0,0,0,0,0,596562608,56
0,0,0,0,0,0,0,596563119,56
0,0,0,0,0,0,0,596563629,56
0,0,0,0,0,0,0,596564139,56
0,0,0,0,0,0,0,596564654,56
0,0,0,0,0,0,0,596565164,56
0,0,0,0,0,0,0,596565674,56
0,0,0,0,0,0,0,596566185,56
0,0,0,0,0,0,0,596566695,56
0,0,0,0,0,0,0,596567205,56
0,0,0,0,0,0,0,596567719,56
0,0,0,0,0,0,0,596568230,56
0,0,0,0,0,0,0,596568742,56
0,0,0,0,0,0,0,596569252,56
0,0,0,0,0,0,0,596569762,56
0,0,0,0,0,0,0,596570273,56
0,0,0,0,0,0,0,596570783,56
0,0,0,0,0,0,0,596571293,56
0,0,0,0,0,0,0,596571804,56
0,0,0,0,0,0,0,596572314,56
0,0,0,0,0,0,0,596572824,56
0,0,0,0,0,0,0,596573335,56
0,0,0,0,0,0,0,596573845,56
0,0,0,0,0,0,0,596574356,56
0,0,0,0,0,0,0,596574866,56
0,0,0,0,0,0,0,596575376,56
0,0,0,0,0,0,0,596575887,56
0,0,0,0,0,0,0,596576397,56
0,0,0,0,0,0,0,596576907,56
0,0,0,0,0,0,0,596577417,56
0,0,0,0,0,0,0,596577928,56
0,0,0,0,0,0,0,596578438,56
0,0,0,0,0,0,0,596578948,56
0,0,0,0,0,0,0,596579459,56
0,0,0,0,0,0,0,596579969,56
0,0,0,0,0,0,0,596580480,56
0,0,0,0,0,0,0,596580990,56
0,0,0,0,0,0,0,596581502,56
0,0,0,0,0,0,0,596582013,56
0,0,0,0,0,0,0,596582523,56
0,0,0,0,0,0,0,596583033,56
0,0,0,0,0,0,0,596583544,56
0,0,0,0,0,0,0,596584054,56
0,0,0,0,0,0,0,596584564,56
0,0,0,0,0,0,0,596585076,56
0,0,0,0,0,0,0,596585587,56
0,0,0,0,0,0,0,596586101,56
0,0,0,0,0,0,0,596586611,56
0,0,0,0,0,0,0,596587122,56
0,0,0,0,0,0,0,596587632,56
0,0,0,0,0,0,0,596588143,56
0,0,0,0,0,0,0,596588653,56
0,0,0,0,0,0,0,596589167,56
0,0,0,0,0,0,0,596589678,56
0,0,0,0,0,0,0,596590188,56
0,0,0,0,0,0,0,596590698,56
0,0,0,0,0,0,0,596591209,56
0,0,0,0,0,0,0,596591723,56
0,0,0,0,0,0,0,596592233,56
0,0,0,0,0,0,0,596592747,56
0,0,0,0,0,0,0,596593257,56
0,0,0,0,0,0,0,596593768,56
0,0,0,0,0,0,0,596594278,56
0,0,0,0,0,0,0,596594789,56
0,0,0,0,0,0,0,596595299,56
0,0,0,0,0,0,0,596595809,56
0,0,0,0,0,0,0,596596320,56
0,0,0,0,0,0,0,596596830,56
0,0,0,0,0,0,0,596597340,56
0,0,0,0,0,0,0,596597851,56
0,0,0,0,0,0,0,596598361,56
0,0,0,0,0,0,0,596598872,56
0,0,0,0,0,0,0,596599382,56
0,0,0,0,0,0,0,596599892,56
0,0,0,0,0,0,0,596600402,56
0,0,0,0,0,0,0,596600913,56
0,0,0,0,0,0,0,596601423,56
0,0,0,0,0,0,0,596828767,56
0,0,0,0,0,0,0,596829277,56
0,0,0,0,0,0,0,596829787,56
0,0,0,0,0,0,0,596830298,56
0,0,0,0,0,0,0,596830812,56
0,0,0,0,0,0,0,596831322,56
0,0,0,0,0,0,0,596831834,56
0,0,0,0,0,0,0,596832344,56
0,0,0,0,0,0,0,596832854,56
0,0,0,0,0,0,0,596833365,56
0,0,0,0,0,0,0,596833875,56
0,0,0,0,0,0,0,596834386,56
0,0,0,0,0,0,0,596834896,56
0,0,0,0,0,0,0,596835406,56
0,0,0,0,0,0,0,596835917,56
0,0,0,0,0,0,0,596836427,56
0,0,0,0,0,0,0,596836937,56
0,0,0,0,0,0,0,596837449,56
0,0,0,0,0,0,0,596837959,56
0,0,0,0,0,0,0,596838469,56
0,0,0,0,0,0,0,596838979,56
0,0,0,0,0,0,0,596839490,56
0,0,0,0,0,0,0,596840002,56
0,0,0,0,0,0,0,596840513,56
0,0,0,0,0,0,0,596841023,56
0,0,0,0,0,0,0,596841533,56
0,0,0,0,0,0,0,596842044,56
0,0,0,0,0,0,0,596842554,56
0,0,0,0,0,0,0,596843066,56
0,0,0,0,0,0,0,596843576,56
0,0,0,0,0,0,0,596844088,56
0,0,0,0,0,0,0,596844599,56
0,0,0,0,0,0,0,596845109,56
0,0,0,0,0,0,0,596845619,56
0,0,0,0,0,0,0,596846130,56
0,0,0,0,0,0,0,596846640,56
0,0,0,0,0,0,0,596847150,56
0,0,0,0,0,0,0,596847661,56
0,0,0,0,0,0,0,596848171,56
0,0,0,0,0,0,0,596848681,56
0,0,0,0,0,0,0,596849196,56
0,0,0,0,0,0,0,596849706,56
0,0,0,0,0,0,0,596850216,56
0,0,0,0,0,0,0,596850727,56
0,0,0,0,0,0,0,596851237,56
0,0,0,0,0,0,0,596851747,56
0,0,0,0,0,0,0,596852262,56
0,0,0,0,0,0,0,596852772,56
0,0,0,0,0,0,0,596853282,56
0,0,0,0,0,0,0,596853793,56
0,0,0,0,0,0,0,596854303,56
0,0,0,0,0,0,0,596854817,56
0,0,0,0,0,0,0,596855328,56
0,0,0,0,0,0,0,596855842,56
0,0,0,0,0,0,0,596856352,56
0,0,0,0,0,0,0,596856862,56
0,0,0,0,0,0,0,596857373,56
0,0,0,0,0,0,0,596857883,56
0,0,0,0,0,0,0,596858394,56
0,0,0,0,0,0,0,596858904,56
0,0,0,0,0,0,0,596859414,56
0,0,0,0,0,0,0,596859925,56
0,0,0,0,0,0,0,596860435,56
0,0,0,0,0,0,0,596860945,56
0,0,0,0,0,0,0,596861456,56
0,0,0,0,0,0,0,596861966,56
0,0,0,0,0,0,0,596862476,56
0,0,0,0,0,0,0,596862987,56
0,0,0,0,0,0,0,596863499,56
0,0,0,0,0,0,0,596864011,56
0,0,0,0,0,0,0,596864521,56
0,0,0,0,0,0,0,596865032,56
0,0,0,0,0,0,0,596865542,56
0,0,0,0,0,0,0,596866052,56
0,0,0,0,0,0,0,596866563,56
0,0,0,0,0,0,0,596867075,56
0,0,0,0,0,0,0,596867585,56
0,0,0,0,0,0,0,596868095,56
0,0,0,0,0,0,0,596868606,56
0,0,0,0,0,0,0,596869116,56
0,0,0,0,0,0,0,596869626,56
0,0,0,0,0,0,0,596870137,56
0,0,0,0,0,0,0,596870647,56
0,0,0,0,0,0,0,596871158,56
0,0,0,0,0,0,0,596871668,56
0,0,0,0,0,0,0,596872178,56
0,0,0,0,0,0,0,596872688,56
0,0,0,0,0,0,0,596873203,56
0,0,0,0,0,0,0,596873713,56
0,0,0,0,0,0,0,596874223,56
0,0,0,0,0,0,0,596874734,56
0,0,0,0,0,0,0,596875244,56
0,0,0,0,0,0,0,596875754,56
0,0,0,0,0,0,0,596876269,56
0,0,0,0,0,0,0,596876779,56
0,0,0,0,0,0,0,596877289,56
0,0,0,0,0,0,0,596877800,56
0,0,0,0,0,0,0,596878310,56
0,0,0,0,0,0,0,596878824,56
0,0,0,0,0,0,0,596879334,56
0,0,0,0,0,0,0,596879849,56
0,0,0,0,0,0,0,596880359,56
0,0,0,0,0,0,0,596880870,56
0,0,0,0,0,0,0,596881380,56
0,0,0,0,0,0,0,596881890,56
0,0,0,0,0,0,0,596882401,56
0,0,0,0,0,0,0,596882911,56
0,0,0,0,0,0,0,596883421,56
0,0,0,0,0,0,0,596883932,56
0,0,0,0,0,0,0,596884444,56
0,0,0,0,0,0,0,596884954,56
0,0,0,0,0,0,0,596885465,56
0,0,0,0,0,0,0,596885975,56
0,0,0,0,0,0,0,596886486,56
0,0,0,0,0,0,0,596886996,56
0,0,0,0,0,0,0,596887508,56
0,0,0,0,0,0,0,596888019,56
0,0,0,0,0,0,0,596888529,56
0,0,0,0,0,0,0,596889039,56
0,0,0,0,0,0,0,596889549,56
0,0,0,0,0,0,0,596890062,56
0,0,0,0,0,0,0,596890572,56
0,0,0,0,0,0,0,596891084,56
0,0,0,0,0,0,0,596891594,56
0,0,0,0,0,0,0,596892105,56
0,0,0,0,0,0,0,596892615,56
0,0,0,0,0,0,0,596893125,56
0,0,0,0,0,0,0,596893636,56
0,0,0,0,0,0,0,596894146,56
0,0,0,0,0,0,0,596894656,56
0,0,0,0,0,0,0,596895167,56
0,0,0,0,0,0,0,596895677,56
0,0,0,0,0,0,0,596896187,56
0,0,0,0,0,0,0,596896698,56
0,0,0,0,0,0,0,597112387,56
0,0,0,0,0,0,0,597112897,56
0,0,0,0,0,0,0,597113408,56
0,0,0,0,0,0,0,597113922,56
0,0,0,0,0,0,0,597114432,56
0,0,0,0,0,0,0,597114943,56
0,0,0,0,0,0,0,597115453,56
0,0,0,0,0,0,0,597115963,56
0,0,0,0,0,0,0,597116474,56
0,0,0,0,0,0,0,597116984,56
0,0,0,0,0,0,0,597117495,56
0,0,0,0,0,0,0,597118007,56
0,0,0,0,0,0,0,597118517,56
0,0,0,0,0,0,0,597119028,56
0,0,0,0,0,0,0,597119538,56
0,0,0,0,0,0,0,597120048,56
0,0,0,0,0,0,0,597120559,56
0,0,0,0,0,0,0,597121071,56
0,0,0,0,0,0,0,597121581,56
0,0,0,0,0,0,0,597122092,56
0,0,0,0,0,0,0,597122602,56
0,0,0,0,0,0,0,597123112,56
0,0,0,0,0,0,0,597123623,56
0,0,0,0,0,0,0,597124133,56
0,0,0,0,0,0,0,597124643,56
0,0,0,0,0,0,0,597125154,56
0,0,0,0,0,0,0,597125664,56
0,0,0,0,0,0,0,597126175,56
0,0,0,0,0,0,0,597126685,56
0,0,0,0,0,0,0,597127195,56
0,0,0,0,0,0,0,597127705,56
0,0,0,0,0,0,0,597128216,56
0,0,0,0,0,0,0,597128726,56
0,0,0,0,0,0,0,597129236,56
0,0,0,0,0,0,0,597129747,56
0,0,0,0,0,0,0,597130257,56
0,0,0,0,0,0,0,597130767,56
0,0,0,0,0,0,0,597131278,56
0,0,0,0,0,0,0,597131788,56
0,0,0,0,0,0,0,597132303,56
0,0,0,0,0,0,0,597132813,56
0,0,0,0,0,0,0,597133323,56
0,0,0,0,0,0,0,597133834,56
0,0,0,0,0,0,0,597134344,56
0,0,0,0,0,0,0,597134858,56
0,0,0,0,0,0,0,597135369,56
0,0,0,0,0,0,0,597135879,56
0,0,0,0,0,0,0,597136389,56
0,0,0,0,0,0,0,597136900,56
0,0,0,0,0,0,0,597137410,56
0,0,0,0,0,0,0,597137924,56
0,0,0,0,0,0,0,597138435,56
0,0,0,0,0,0,0,597138948,56
0,0,0,0,0,0,0,597139458,56
0,0,0,0,0,0,0,597139968,56
0,0,0,0,0,0,0,597140479,56
0,0,0,0,0,0,0,597140989,56
0,0,0,0,0,0,0,597141501,56
0,0,0,0,0,0,0,597142012,56
0,0,0,0,0,0,0,597142522,56
0,0,0,0,0,0,0,597143032,56
0,0,0,0,0,0,0,597143543,56
0,0,0,0,0,0,0,597144053,56
0,0,0,0,0,0,0,597144563,56
0,0,0,0,0,0,0,597145076,56
0,0,0,0,0,0,0,597145586,56
0,0,0,0,0,0,0,597146096,56
0,0,0,0,0,0,0,597146607,56
0,0,0,0,0,0,0,597147117,56
0,0,0,0,0,0,0,597147627,56
0,0,0,0,0,0,0,597148138,56
0,0,0,0,0,0,0,597148648,56
0,0,0,0,0,0,0,597149158,56
0,0,0,0,0,0,0,597149669,56
0,0,0,0,0,0,0,597150179,56
0,0,0,0,0,0,0,597150689,56
0,0,0,0,0,0,0,597151200,56
0,0,0,0,0,0,0,597151710,56
0,0,0,0,0,0,0,597152221,56
0,0,0,0,0,0,0,597152731,56
0,0,0,0,0,0,0,597153241,56
0,0,0,0,0,0,0,597153752,56
0,0,0,0,0,0,0,597154262,56
0,0,0,0,0,0,0,597154772,56
0,0,0,0,0,0,0,597155283,56
0,0,0,0,0,0,0,597155793,56
0,0,0,0,0,0,0,597156307,56
0,0,0,0,0,0,0,597156818,56
0,0,0,0,0,0,0,597157328,56
0,0,0,0,0,0,0,597157838,56
0,0,0,0,0,0,0,597158349,56
0,0,0,0,0,0,0,597158859,56
0,0,0,0,0,0,0,597159373,56
0,0,0,0,0,0,0,597159884,56
0,0,0,0,0,0,0,597160394,56
0,0,0,0,0,0,0,597160904,56
0,0,0,0,0,0,0,597161415,56
0,0,0,0,0,0,0,597161929,56
0,0,0,0,0,0,0,597162441,56
0,0,0,0,0,0,0,597162955,56
0,0,0,0,0,0,0,597163465,56
0,0,0,0,0,0,0,597163976,56
0,0,0,0,0,0,0,597164486,56
0,0,0,0,0,0,0,597164996,56
0,0,0,0,0,0,0,597165509,56
0,0,0,0,0,0,0,597166019,56
0,0,0,0,0,0,0,597166530,56
0,0,0,0,0,0,0,597167040,56
0,0,0,0,0,0,0,597167550,56
0,0,0,0,0,0,0,597168062,56
0,0,0,0,0,0,0,597168573,56
0,0,0,0,0,0,0,597169085,56
0,0,0,0,0,0,0,597169595,56
0,0,0,0,0,0,0,597170106,56
0,0,0,0,0,0,0,597170616,56
0,0,0,0,0,0,0,597171126,56
0,0,0,0,0,0,0,597171637,56
0,0,0,0,0,0,0,597172147,56
0,0,0,0,0,0,0,597172657,56
0,0,0,0,0,0,0,597173168,56
0,0,0,0,0,0,0,597173678,56
0,0,0,0,0,0,0,597174188,56
0,0,0,0,0,0,0,597174699,56
0,0,0,0,0,0,0,597175209,56
0,0,0,0,0,0,0,597175719,56
0,0,0,0,0,0,0,597176230,56
0,0,0,0,0,0,0,597176740,56
0,0,0,0,0,0,0,597177250,56
0,0,0,0,0,0,0,597177761,56
0,0,0,0,0,0,0,597178271,56
0,0,0,0,0,0,0,597178781,56
0,0,0,0,0,0,0,597179292,56
0,0,0,0,0,0,0,597179802,56
0,0,0,0,0,0,0,597411208,56
0,0,0,0,0,0,0,597411718,56
0,0,0,0,0,0,0,597412229,56
0,0,0,0,0,0,0,597412739,56
0,0,0,0,0,0,0,597413249,56
0,0,0,0,0,0,0,597413760,56
0,0,0,0,0,0,0,597414270,56
0,0,0,0,0,0,0,597414780,56
0,0,0,0,0,0,0,597415291,56
0,0,0,0,0,0,0,597415801,56
0,0,0,0,0,0,0,597416311,56
0,0,0,0,0,0,0,597416822,56
0,0,0,0,0,0,0,597417332,56
0,0,0,0,0,0,0,597417843,56
0,0,0,0,0,0,0,597418353,56
0,0,0,0,0,0,0,597418863,56
0,0,0,0,0,0,0,597419374,56
0,0,0,0,0,0,0,597419884,56
0,0,0,0,0,0,0,597420394,56
0,0,0,0,0,0,0,597420905,56
0,0,0,0,0,0,0,597421419,56
0,0,0,0,0,0,0,597421929,56
0,0,0,0,0,0,0,597422442,56
0,0,0,0,0,0,0,597422952,56
0,0,0,0,0,0,0,597423462,56
0,0,0,0,0,0,0,597423973,56
0,0,0,0,0,0,0,597424487,56
0,0,0,0,0,0,0,597424997,56
0,0,0,0,0,0,0,597425510,56
0,0,0,0,0,0,0,597426020,56
0,0,0,0,0,0,0,597426530,56
0,0,0,0,0,0,0,597427044,56
0,0,0,0,0,0,0,597427555,56
0,0,0,0,0,0,0,597428070,56
0,0,0,0,0,0,0,597428580,56
0,0,0,0,0,0,0,597429091,56
0,0,0,0,0,0,0,597429601,56
0,0,0,0,0,0,0,597430112,56
0,0,0,0,0,0,0,597430622,56
0,0,0,0,0,0,0,597431132,56
0,0,0,0,0,0,0,597431643,56
0,0,0,0,0,0,0,597432153,56
0,0,0,0,0,0,0,597432663,56
0,0,0,0,0,0,0,597433174,56
0,0,0,0,0,0,0,597433684,56
0,0,0,0,0,0,0,597434194,56
0,0,0,0,0,0,0,597434705,56
0,0,0,0,0,0,0,597435215,56
0,0,0,0,0,0,0,597435725,56
0,0,0,0,0,0,0,597436236,56
0,0,0,0,0,0,0,597436746,56
0,0,0,0,0,0,0,597437256,56
0,0,0,0,0,0,0,597437767,56
0,0,0,0,0,0,0,597438277,56
0,0,0,0,0,0,0,597438787,56
0,0,0,0,0,0,0,597439298,56
0,0,0,0,0,0,0,597439808,56
0,0,0,0,0,0,0,597440318,56
0,0,0,0,0,0,0,597440829,56
0,0,0,0,0,0,0,597441339,56
0,0,0,0,0,0,0,597441849,56
0,0,0,0,0,0,0,597442360,56
0,0,0,0,0,0,0,597442870,56
0,0,0,0,0,0,0,597443380,56
0,0,0,0,0,0,0,597443891,56
0,0,0,0,0,0,0,597444401,56
0,0,0,0,0,0,0,597444911,56
0,0,0,0,0,0,0,597445422,56
0,0,0,0,0,0,0,597445932,56
0,0,0,0,0,0,0,597446444,56
0,0,0,0,0,0,0,597446954,56
0,0,0,0,0,0,0,597447465,56
0,0,0,0,0,0,0,597447975,56
0,0,0,0,0,0,0,597448490,56
0,0,0,0,0,0,0,597449002,56
0,0,0,0,0,0,0,597449512,56
0,0,0,0,0,0,0,597450023,56
0,0,0,0,0,0,0,597450533,56
0,0,0,0,0,0,0,597451043,56
0,0,0,0,0,0,0,597451553,56
0,0,0,0,0,0,0,597452070,56
0,0,0,0,0,0,0,597452580,56
0,0,0,0,0,0,0,597453091,56
0,0,0,0,0,0,0,597453601,56
0,0,0,0,0,0,0,597454111,56
0,0,0,0,0,0,0,597454622,56
0,0,0,0,0,0,0,597455132,56
0,0,0,0,0,0,0,597455643,56
0,0,0,0,0,0,0,597456153,56
0,0,0,0,0,0,0,597456663,56
0,0,0,0,0,0,0,597457174,56
0,0,0,0,0,0,0,597457684,56
0,0,0,0,0,0,0,597458194,56
0,0,0,0,0,0,0,597458705,56
0,0,0,0,0,0,0,597459215,56
0,0,0,0,0,0,0,597459725,56
0,0,0,0,0,0,0,597460236,56
0,0,0,0,0,0,0,597460746,56
0,0,0,0,0,0,0,597461256,56
0,0,0,0,0,0,0,597461767,56
0,0,0,0,0,0,0,597462277,56
0,0,0,0,0,0,0,597462788,56
0,0,0,0,0,0,0,597463298,56
0,0,0,0,0,0,0,597463808,56
0,0,0,0,0,0,0,597464319,56
0,0,0,0,0,0,0,597464829,56
0,0,0,0,0,0,0,597465339,56
0,0,0,0,0,0,0,597465850,56
0,0,0,0,0,0,0,597466360,56
0,0,0,0,0,0,0,597466870,56
0,0,0,0,0,0,0,597467381,56
0,0,0,0,0,0,0,597467891,56
0,0,0,0,0,0,0,597468402,56
0,0,0,0,0,0,0,597468912,56
0,0,0,0,0,0,0,597469422,56
0,0,0,0,0,0,0,597469933,56
0,0,0,0,0,0,0,597470447,56
0,0,0,0,0,0,0,597470957,56
0,0,0,0,0,0,0,597471468,56
0,0,0,0,0,0,0,597471978,56
0,0,0,0,0,0,0,597472488,56
0,0,0,0,0,0,0,597473005,56
0,0,0,0,0,0,0,597473515,56
0,0,0,0,0,0,0,597474025,56
0,0,0,0,0,0,0,597474535,56
0,0,0,0,0,0,0,597475046,56
0,0,0,0,0,0,0,597475556,56
0,0,0,0,0,0,0,597476072,56
0,0,0,0,0,0,0,597476582,56
0,0,0,0,0,0,0,597477093,56
0,0,0,0,0,0,0,597477603,56
0,0,0,0,0,0,0,597478114,56
0,0,0,0,0,0,0,597478624,56
0,0,0,0,0,0,0,597479134,56
0,0,0,0,0,0,0,597479645,56
0,0,0,0,0,0,0,597480155,56
0,0,0,0,0,0,0,597480666,56
0,0,0,0,0,0,0,597702439,56
0,0,0,0,0,0,0,597702949,56
0,0,0,0,0,0,0,597703460,56
0,0,0,0,0,0,0,597703970,56
0,0,0,0,0,0,0,597704480,56
0,0,0,0,0,0,0,597704991,56
0,0,0,0,0,0,0,597705503,56
0,0,0,0,0,0,0,597706013,56
0,0,0,0,0,0,0,597706524,56
0,0,0,0,0,0,0,597707034,56
0,0,0,0,0,0,0,597707544,56
0,0,0,0,0,0,0,597708055,56
0,0,0,0,0,0,0,597708565,56
0,0,0,0,0,0,0,597709077,56
0,0,0,0,0,0,0,597709591,56
0,0,0,0,0,0,0,597710103,56
0,0,0,0,0,0,0,597710613,56
0,0,0,0,0,0,0,597711124,56
0,0,0,0,0,0,0,597711634,56
0,0,0,0,0,0,0,597712144,56
0,0,0,0,0,0,0,597712655,56
0,0,0,0,0,0,0,597713169,56
0,0,0,0,0,0,0,597713679,56
0,0,0,0,0,0,0,597714190,56
0,0,0,0,0,0,0,597714700,56
0,0,0,0,0,0,0,597715211,56
0,0,0,0,0,0,0,597715721,56
0,0,0,0,0,0,0,597716231,56
0,0,0,0,0,0,0,597716742,56
0,0,0,0,0,0,0,597717252,56
0,0,0,0,0,0,0,597717762,56
0,0,0,0,0,0,0,597718273,56
0,0,0,0,0,0,0,597718783,56
0,0,0,0,0,0,0,597719294,56
0,0,0,0,0,0,0,597719804,56
0,0,0,0,0,0,0,597720314,56
0,0,0,0,0,0,0,597720825,56
0,0,0,0,0,0,0,597721335,56
0,0,0,0,0,0,0,597721845,56
0,0,0,0,0,0,0,597722356,56
0,0,0,0,0,0,0,597722866,56
0,0,0,0,0,0,0,597723377,56
0,0,0,0,0,0,0,597723887,56
0,0,0,0,0,0,0,597724397,56
0,0,0,0,0,0,0,597724908,56
0,0,0,0,0,0,0,597725418,56
0,0,0,0,0,0,0,597725928,56
0,0,0,0,0,0,0,597726441,56
0,0,0,0,0,0,0,597726951,56
0,0,0,0,0,0,0,597727461,56
0,0,0,0,0,0,0,597727971,56
0,0,0,0,0,0,0,597728482,56
0,0,0,0,0,0,0,597728992,56
0,0,0,0,0,0,0,597729505,56
0,0,0,0,0,0,0,597730015,56
0,0,0,0,0,0,0,597730525,56
0,0,0,0,0,0,0,597731035,56
0,0,0,0,0,0,0,597731550,56
0,0,0,0,0,0,0,597732062,56
0,0,0,0,0,0,0,597732572,56
0,0,0,0,0,0,0,597733085,56
0,0,0,0,0,0,0,597733595,56
0,0,0,0,0,0,0,597734109,56
0,0,0,0,0,0,0,597734619,56
0,0,0,0,0,0,0,597735130,56
0,0,0,0,0,0,0,597735640,56
0,0,0,0,0,0,0,597736150,56
0,0,0,0,0,0,0,597736661,56
0,0,0,0,0,0,0,597737175,56
0,0,0,0,0,0,0,597737685,56
0,0,0,0,0,0,0,597738196,56
0,0,0,0,0,0,0,597738706,56
0,0,0,0,0,0,0,597739217,56
0,0,0,0,0,0,0,597739727,56
0,0,0,0,0,0,0,597740237,56
0,0,0,0,0,0,0,597740748,56
0,0,0,0,0,0,0,597741258,56
0,0,0,0,0,0,0,597741768,56
0,0,0,0,0,0,0,597742279,56
0,0,0,0,0,0,0,597742789,56
0,0,0,0,0,0,0,597743299,56
0,0,0,0,0,0,0,597743810,56
0,0,0,0,0,0,0,597744320,56
0,0,0,0,0,0,0,597744830,56
0,0,0,0,0,0,0,597745341,56
0,0,0,0,0,0,0,597745851,56
0,0,0,0,0,0,0,597746361,56
0,0,0,0,0,0,0,597746872,56
0,0,0,0,0,0,0,597747382,56
0,0,0,0,0,0,0,597747892,56
0,0,0,0,0,0,0,597748403,56
0,0,0,0,0,0,0,597748913,56
0,0,0,0,0,0,0,597749423,56
0,0,0,0,0,0,0,597749934,56
0,0,0,0,0,0,0,597750446,56
0,0,0,0,0,0,0,597750956,56
0,0,0,0,0,0,0,597751467,56
0,0,0,0,0,0,0,597751977,56
0,0,0,0,0,0,0,597752488,56
0,0,0,0,0,0,0,597752998,56
0,0,0,0,0,0,0,597753510,56
0,0,0,0,0,0,0,597754020,56
0,0,0,0,0,0,0,597754531,56
0,0,0,0,0,0,0,597755041,56
0,0,0,0,0,0,0,597755555,56
0,0,0,0,0,0,0,597756068,56
0,0,0,0,0,0,0,597756578,56
0,0,0,0,0,0,0,597757090,56
0,0,0,0,0,0,0,597757600,56
0,0,0,0,0,0,0,597758111,56
0,0,0,0,0,0,0,597758625,56
0,0,0,0,0,0,0,597759135,56
0,0,0,0,0,0,0,597759645,56
0,0,0,0,0,0,0,597760156,56
0,0,0,0,0,0,0,597760666,56
0,0,0,0,0,0,0,597761180,56
0,0,0,0,0,0,0,597761691,56
0,0,0,0,0,0,0,597762205,56
0,0,0,0,0,0,0,597762715,56
0,0,0,0,0,0,0,597763225,56
0,0,0,0,0,0,0,597763736,56
0,0,0,0,0,0,0,597764246,56
0,0,0,0,0,0,0,597764757,56
0,0,0,0,0,0,0,597765267,56
0,0,0,0,0,0,0,597765777,56
0,0,0,0,0,0,0,597766288,56
0,0,0,0,0,0,0,597766798,56
0,0,0,0,0,0,0,597767308,56
0,0,0,0,0,0,0,597767819,56
0,0,0,0,0,0,0,597768329,56
0,0,0,0,0,0,0,597768839,56
0,0,0,0,0,0,0,597769350,56
0,0,0,0,0,0,0,597769860,56
0,0,0,0,0,0,0,597994666,56
0,0,0,0,0,0,0,597995176,56
0,0,0,0,0,0,0,597995687,56
0,0,0,0,0,0,0,597996197,56
0,0,0,0,0,0,0,597996711,56
0,0,0,0,0,0,0,597997222,56
0,0,0,0,0,0,0,597997732,56
0,0,0,0,0,0,0,597998242,56
0,0,0,0,0,0,0,597998753,56
0,0,0,0,0,0,0,597999267,56
0,0,0,0,0,0,0,597999777,56
0,0,0,0,0,0,0,598000291,56
0,0,0,0,0,0,0,598000801,56
0,0,0,0,0,0,0,598001312,56
0,0,0,0,0,0,0,598001822,56
0,0,0,0,0,0,0,598002333,56
0,0,0,0,0,0,0,598002843,56
0,0,0,0,0,0,0,598003353,56
0,0,0,0,0,0,0,598003864,56
0,0,0,0,0,0,0,598004374,56
0,0,0,0,0,0,0,598004884,56
0,0,0,0,0,0,0,598005395,56
0,0,0,0,0,0,0,598005905,56
0,0,0,0,0,0,0,598006416,56
0,0,0,0,0,0,0,598006926,56
0,0,0,0,0,0,0,598007436,56
0,0,0,0,0,0,0,598007947,56
0,0,0,0,0,0,0,598008457,56
0,0,0,0,0,0,0,598008967,56
0,0,0,0,0,0,0,598009478,56
0,0,0,0,0,0,0,598009988,56
0,0,0,0,0,0,0,598010500,56
0,0,0,0,0,0,0,598011011,56
0,0,0,0,0,0,0,598011521,56
0,0,0,0,0,0,0,598012031,56
0,0,0,0,0,0,0,598012542,56
0,0,0,0,0,0,0,598013052,56
0,0,0,0,0,0,0,598013562,56
0,0,0,0,0,0,0,598014075,56
0,0,0,0,0,0,0,598014585,56
0,0,0,0,0,0,0,598015095,56
0,0,0,0,0,0,0,598015606,56
0,0,0,0,0,0,0,598016116,56
0,0,0,0,0,0,0,598016627,56
0,0,0,0,0,0,0,598017137,56
0,0,0,0,0,0,0,598017651,56
0,0,0,0,0,0,0,598018162,56
0,0,0,0,0,0,0,598018672,56
0,0,0,0,0,0,0,598019182,56
0,0,0,0,0,0,0,598019693,56
0,0,0,0,0,0,0,598020203,56
0,0,0,0,0,0,0,598020717,56
0,0,0,0,0,0,0,598021227,56
0,0,0,0,0,0,0,598021738,56
0,0,0,0,0,0,0,598022248,56
0,0,0,0,0,0,0,598022758,56
0,0,0,0,0,0,0,598023273,56
0,0,0,0,0,0,0,598023783,56
0,0,0,0,0,0,0,598024297,56
0,0,0,0,0,0,0,598024808,56
0,0,0,0,0,0,0,598025318,56
0,0,0,0,0,0,0,598025828,56
0,0,0,0,0,0,0,598026339,56
0,0,0,0,0,0,0,598026849,56
0,0,0,0,0,0,0,598027360,56
0,0,0,0,0,0,0,598027870,56
0,0,0,0,0,0,0,598028380,56
0,0,0,0,0,0,0,598028891,56
0,0,0,0,0,0,0,598029401,56
0,0,0,0,0,0,0,598029911,56
0,0,0,0,0,0,0,598030421,56
0,0,0,0,0,0,0,598030932,56
0,0,0,0,0,0,0,598031444,56
0,0,0,0,0,0,0,598031954,56
0,0,0,0,0,0,0,598032465,56
0,0,0,0,0,0,0,598032975,56
0,0,0,0,0,0,0,598033485,56
0,0,0,0,0,0,0,598033996,56
0,0,0,0,0,0,0,598034508,56
0,0,0,0,0,0,0,598035018,56
0,0,0,0,0,0,0,598035529,56
0,0,0,0,0,0,0,598036039,56
0,0,0,0,0,0,0,598036549,56
0,0,0,0,0,0,0,598037062,56
0,0,0,0,0,0,0,598037572,56
0,0,0,0,0,0,0,598038084,56
0,0,0,0,0,0,0,598038594,56
0,0,0,0,0,0,0,598039105,56
0,0,0,0,0,0,0,598039615,56
0,0,0,0,0,0,0,598040125,56
0,0,0,0,0,0,0,598040636,56
0,0,0,0,0,0,0,598041146,56
0,0,0,0,0,0,0,598041660,56
0,0,0,0,0,0,0,598042171,56
0,0,0,0,0,0,0,598042681,56
0,0,0,0,0,0,0,598043191,56
0,0,0,0,0,0,0,598043702,56
0,0,0,0,0,0,0,598044212,56
0,0,0,0,0,0,0,598044726,56
0,0,0,0,0,0,0,598045237,56
0,0,0,0,0,0,0,598045747,56
0,0,0,0,0,0,0,598046257,56
0,0,0,0,0,0,0,598046768,56
0,0,0,0,0,0,0,598047282,56
0,0,0,0,0,0,0,598047792,56
0,0,0,0,0,0,0,598048306,56
0,0,0,0,0,0,0,598048817,56
0,0,0,0,0,0,0,598049327,56
0,0,0,0,0,0,0,598049838,56
0,0,0,0,0,0,0,598050348,56
0,0,0,0,0,0,0,598050858,56
0,0,0,0,0,0,0,598051369,56
0,0,0,0,0,0,0,598051879,56
0,0,0,0,0,0,0,598052389,56
0,0,0,0,0,0,0,598052900,56
0,0,0,0,0,0,0,598053410,56
0,0,0,0,0,0,0,598053920,56
0,0,0,0,0,0,0,598054431,56
0,0,0,0,0,0,0,598054941,56
0,0,0,0,0,0,0,598055452,56
0,0,0,0,0,0,0,598055962,56
0,0,0,0,0,0,0,598056472,56
0,0,0,0,0,0,0,598056983,56
0,0,0,0,0,0,0,598057493,56
0,0,0,0,0,0,0,598058005,56
0,0,0,0,0,0,0,598058516,56
0,0,0,0,0,0,0,598059026,56
0,0,0,0,0,0,0,598059536,56
0,0,0,0,0,0,0,598060046,56
0,0,0,0,0,0,0,598060557,56
0,0,0,0,0,0,0,598061069,56
0,0,0,0,0,0,0,598061579,56
0,0,0,0,0,0,0,598062091,56
0,0,0,0,0,0,0,598062601,56
0,0,0,0,0,0,0,598298559,56
0,0,0,0,0,0,0,598299071,56
0,0,0,0,0,0,0,598299582,56
0,0,0,0,0,0,0,598300092,56
0,0,0,0,0,0,0,598300602,56
0,0,0,0,0,0,0,598301113,56
0,0,0,0,0,0,0,598301623,56
0,0,0,0,0,0,0,598302133,56
0,0,0,0,0,0,0,598302644,56
0,0,0,0,0,0,0,598303154,56
0,0,0,0,0,0,0,598303665,56
0,0,0,0,0,0,0,598304175,56
0,0,0,0,0,0,0,598304685,56
0,0,0,0,0,0,0,598305196,56
0,0,0,0,0,0,0,598305706,56
0,0,0,0,0,0,0,598306216,56
0,0,0,0,0,0,0,598306727,56
0,0,0,0,0,0,0,598307237,56
0,0,0,0,0,0,0,598307747,56
0,0,0,0,0,0,0,598308258,56
0,0,0,0,0,0,0,598308768,56
0,0,0,0,0,0,0,598309278,56
0,0,0,0,0,0,0,598309789,56
0,0,0,0,0,0,0,598310299,56
0,0,0,0,0,0,0,598310810,56
0,0,0,0,0,0,0,598311324,56
0,0,0,0,0,0,0,598311834,56
0,0,0,0,0,0,0,598312345,56
0,0,0,0,0,0,0,598312855,56
0,0,0,0,0,0,0,598313365,56
0,0,0,0,0,0,0,598313876,56
0,0,0,0,0,0,0,598314390,56
0,0,0,0,0,0,0,598314900,56
0,0,0,0,0,0,0,598315410,56
0,0,0,0,0,0,0,598315921,56
0,0,0,0,0,0,0,598316431,56
0,0,0,0,0,0,0,598316942,56
0,0,0,0,0,0,0,598317452,56
0,0,0,0,0,0,0,598317962,56
0,0,0,0,0,0,0,598318473,56
0,0,0,0,0,0,0,598318983,56
0,0,0,0,0,0,0,598319494,56
0,0,0,0,0,0,0,598320006,56
0,0,0,0,0,0,0,598320516,56
0,0,0,0,0,0,0,598321026,56
0,0,0,0,0,0,0,598321537,56
0,0,0,0,0,0,0,598322047,56
0,0,0,0,0,0,0,598322557,56
0,0,0,0,0,0,0,598323069,56
0,0,0,0,0,0,0,598323580,56
0,0,0,0,0,0,0,598324091,56
0,0,0,0,0,0,0,598324601,56
0,0,0,0,0,0,0,598325111,56
0,0,0,0,0,0,0,598325622,56
0,0,0,0,0,0,0,598326132,56
0,0,0,0,0,0,0,598326642,56
0,0,0,0,0,0,0,598327153,56
0,0,0,0,0,0,0,598327663,56
0,0,0,0,0,0,0,598328173,56
0,0,0,0,0,0,0,598328684,56
0,0,0,0,0,0,0,598329194,56
0,0,0,0,0,0,0,598329704,56
0,0,0,0,0,0,0,598330215,56
0,0,0,0,0,0,0,598330725,56
0,0,0,0,0,0,0,598331235,56
0,0,0,0,0,0,0,598331746,56
0,0,0,0,0,0,0,598332256,56
0,0,0,0,0,0,0,598332770,56
0,0,0,0,0,0,0,598333281,56
0,0,0,0,0,0,0,598333791,56
0,0,0,0,0,0,0,598334302,56
0,0,0,0,0,0,0,598334812,56
0,0,0,0,0,0,0,598335326,56
0,0,0,0,0,0,0,598335837,56
0,0,0,0,0,0,0,598336347,56
0,0,0,0,0,0,0,598336857,56
0,0,0,0,0,0,0,598337368,56
0,0,0,0,0,0,0,598337878,56
0,0,0,0,0,0,0,598338392,56
0,0,0,0,0,0,0,598338903,56
0,0,0,0,0,0,0,598339416,56
0,0,0,0,0,0,0,598339926,56
0,0,0,0,0,0,0,598340436,56
0,0,0,0,0,0,0,598340947,56
0,0,0,0,0,0,0,598341457,56
0,0,0,0,0,0,0,598341967,56
0,0,0,0,0,0,0,598342478,56
0,0,0,0,0,0,0,598342988,56
0,0,0,0,0,0,0,598343501,56
0,0,0,0,0,0,0,598344011,56
0,0,0,0,0,0,0,598344521,56
0,0,0,0,0,0,0,598345032,56
0,0,0,0,0,0,0,598345542,56
0,0,0,0,0,0,0,598346052,56
0,0,0,0,0,0,0,598346563,56
0,0,0,0,0,0,0,598347075,56
0,0,0,0,0,0,0,598347585,56
0,0,0,0,0,0,0,598348095,56
0,0,0,0,0,0,0,598348606,56
0,0,0,0,0,0,0,598349116,56
0,0,0,0,0,0,0,598349626,56
0,0,0,0,0,0,0,598350137,56
0,0,0,0,0,0,0,598350647,56
0,0,0,0,0,0,0,598351158,56
0,0,0,0,0,0,0,598351668,56
0,0,0,0,0,0,0,598352178,56
0,0,0,0,0,0,0,598352688,56
0,0,0,0,0,0,0,598353199,56
0,0,0,0,0,0,0,598353709,56
0,0,0,0,0,0,0,598354219,56
0,0,0,0,0,0,0,598354730,56
0,0,0,0,0,0,0,598355240,56
0,0,0,0,0,0,0,598355750,56
0,0,0,0,0,0,0,598356261,56
0,0,0,0,0,0,0,598356775,56
0,0,0,0,0,0,0,598357286,56
0,0,0,0,0,0,0,598357796,56
0,0,0,0,0,0,0,598358306,56
0,0,0,0,0,0,0,598358817,56
0,0,0,0,0,0,0,598359327,56
0,0,0,0,0,0,0,598359841,56
0,0,0,0,0,0,0,598360352,56
0,0,0,0,0,0,0,598360862,56
0,0,0,0,0,0,0,598361372,56
0,0,0,0,0,0,0,598361883,56
0,0,0,0,0,0,0,598362397,56
0,0,0,0,0,0,0,598362907,56
0,0,0,0,0,0,0,598363421,56
0,0,0,0,0,0,0,598363932,56
0,0,0,0,0,0,0,598364444,56
0,0,0,0,0,0,0,598364954,56
0,0,0,0,0,0,0,598365465,56
0,0,0,0,0,0,0,598365975,56
0,0,0,0,0,0,0,598366485,56
0,0,0,0,0,0,0,598366996,56
0,0,0,0,0,0,0,598599904,56
0,0,0,0,0,0,0,598600414,56
0,0,0,0,0,0,0,598600924,56
0,0,0,0,0,0,0,598601435,56
0,0,0,0,0,0,0,598601949,56
0,0,0,0,0,0,0,598602459,56
0,0,0,0,0,0,0,598602970,56
0,0,0,0,0,0,0,598603480,56
0,0,0,0,0,0,0,598603991,56
0,0,0,0,0,0,0,598604503,56
0,0,0,0,0,0,0,598605013,56
0,0,0,0,0,0,0,598605527,56
0,0,0,0,0,0,0,598606038,56
0,0,0,0,0,0,0,598606548,56
0,0,0,0,0,0,0,598607058,56
0,0,0,0,0,0,0,598607569,56
0,0,0,0,0,0,0,598608081,56
0,0,0,0,0,0,0,598608591,56
0,0,0,0,0,0,0,598609102,56
0,0,0,0,0,0,0,598609612,56
0,0,0,0,0,0,0,598610122,56
0,0,0,0,0,0,0,598610633,56
0,0,0,0,0,0,0,598611143,56
0,0,0,0,0,0,0,598611653,56
0,0,0,0,0,0,0,598612164,56
0,0,0,0,0,0,0,598612674,56
0,0,0,0,0,0,0,598613185,56
0,0,0,0,0,0,0,598613695,56
0,0,0,0,0,0,0,598614205,56
0,0,0,0,0,0,0,598614715,56
0,0,0,0,0,0,0,598615226,56
0,0,0,0,0,0,0,598615736,56
0,0,0,0,0,0,0,598616246,56
0,0,0,0,0,0,0,598616757,56
0,0,0,0,0,0,0,598617267,56
0,0,0,0,0,0,0,598617778,56
0,0,0,0,0,0,0,598618288,56
0,0,0,0,0,0,0,598618798,56
0,0,0,0,0,0,0,598619309,56
0,0,0,0,0,0,0,598619819,56
0,0,0,0,0,0,0,598620329,56
0,0,0,0,0,0,0,598620840,56
0,0,0,0,0,0,0,598621350,56
0,0,0,0,0,0,0,598621861,56
0,0,0,0,0,0,0,598622371,56
0,0,0,0,0,0,0,598622881,56
0,0,0,0,0,0,0,598623392,56
0,0,0,0,0,0,0,598623906,56
0,0,0,0,0,0,0,598624416,56
0,0,0,0,0,0,0,598624927,56
0,0,0,0,0,0,0,598625437,56
0,0,0,0,0,0,0,598625947,56
0,0,0,0,0,0,0,598626462,56
0,0,0,0,0,0,0,598626972,56
0,0,0,0,0,0,0,598627482,56
0,0,0,0,0,0,0,598627993,56
0,0,0,0,0,0,0,598628505,56
0,0,0,0,0,0,0,598629015,56
0,0,0,0,0,0,0,598629529,56
0,0,0,0,0,0,0,598630040,56
0,0,0,0,0,0,0,598630550,56
0,0,0,0,0,0,0,598631063,56
0,0,0,0,0,0,0,598631573,56
0,0,0,0,0,0,0,598632085,56
0,0,0,0,0,0,0,598632596,56
0,0,0,0,0,0,0,598633106,56
0,0,0,0,0,0,0,598633617,56
0,0,0,0,0,0,0,598634127,56
0,0,0,0,0,0,0,598634637,56
0,0,0,0,0,0,0,598635148,56
0,0,0,0,0,0,0,598635658,56
0,0,0,0,0,0,0,598636168,56
0,0,0,0,0,0,0,598636679,56
0,0,0,0,0,0,0,598637189,56
0,0,0,0,0,0,0,598637699,56
0,0,0,0,0,0,0,598638210,56
0,0,0,0,0,0,0,598638720,56
0,0,0,0,0,0,0,598639230,56
0,0,0,0,0,0,0,598639741,56
0,0,0,0,0,0,0,598640251,56
0,0,0,0,0,0,0,598640761,56
0,0,0,0,0,0,0,598641272,56
0,0,0,0,0,0,0,598641782,56
0,0,0,0,0,0,0,598642292,56
0,0,0,0,0,0,0,598642803,56
0,0,0,0,0,0,0,598643313,56
0,0,0,0,0,0,0,598643823,56
0,0,0,0,0,0,0,598644334,56
0,0,0,0,0,0,0,598644844,56
0,0,0,0,0,0,0,598645354,56
0,0,0,0,0,0,0,598645865,56
0,0,0,0,0,0,0,598646375,56
0,0,0,0,0,0,0,598646886,56
0,0,0,0,0,0,0,598647396,56
0,0,0,0,0,0,0,598647910,56
0,0,0,0,0,0,0,598648421,56
0,0,0,0,0,0,0,598648931,56
0,0,0,0,0,0,0,598649443,56
0,0,0,0,0,0,0,598649954,56
0,0,0,0,0,0,0,598650464,56
0,0,0,0,0,0,0,598650978,56
0,0,0,0,0,0,0,598651489,56
0,0,0,0,0,0,0,598651999,56
0,0,0,0,0,0,0,598652511,56
0,0,0,0,0,0,0,598653022,56
0,0,0,0,0,0,0,598653536,56
0,0,0,0,0,0,0,598654046,56
0,0,0,0,0,0,0,598654560,56
0,0,0,0,0,0,0,598655072,56
0,0,0,0,0,0,0,598655582,56
0,0,0,0,0,0,0,598656093,56
0,0,0,0,0,0,0,598656603,56
0,0,0,0,0,0,0,598657113,56
0,0,0,0,0,0,0,598657624,56
0,0,0,0,0,0,0,598658134,56
0,0,0,0,0,0,0,598658644,56
0,0,0,0,0,0,0,598659155,56
0,0,0,0,0,0,0,598659665,56
0,0,0,0,0,0,0,598660175,56
0,0,0,0,0,0,0,598660686,56
0,0,0,0,0,0,0,598661196,56
0,0,0,0,0,0,0,598661706,56
0,0,0,0,0,0,0,598662217,56
0,0,0,0,0,0,0,598662727,56
0,0,0,0,0,0,0,598663237,56
0,0,0,0,0,0,0,598663748,56
0,0,0,0,0,0,0,598664258,56
0,0,0,0,0,0,0,598664768,56
0,0,0,0,0,0,0,598665279,56
0,0,0,0,0,0,0,598665789,56
0,0,0,0,0,0,0,598666300,56
0,0,0,0,0,0,0,598666810,56
0,0,0,0,0,0,0,598667320,56
0,0,0,0,0,0,0,598667831,56
0,0,0,0,0,0,0,598912401,56
0,0,0,0,0,0,0,598912912,56
0,0,0,0,0,0,0,598913422,56
0,0,0,0,0,0,0,598913932,56
0,0,0,0,0,0,0,598914445,56
0,0,0,0,0,0,0,598914955,56
0,0,0,0,0,0,0,598915465,56
0,0,0,0,0,0,0,598915976,56
0,0,0,0,0,0,0,598916486,56
0,0,0,0,0,0,0,598916996,56
0,0,0,0,0,0,0,598917509,56
0,0,0,0,0,0,0,598918023,56
0,0,0,0,0,0,0,598918533,56
0,0,0,0,0,0,0,598919044,56
0,0,0,0,0,0,0,598919554,56
0,0,0,0,0,0,0,598920066,56
0,0,0,0,0,0,0,598920581,56
0,0,0,0,0,0,0,598921091,56
0,0,0,0,0,0,0,598921601,56
0,0,0,0,0,0,0,598922112,56
0,0,0,0,0,0,0,598922622,56
0,0,0,0,0,0,0,598923132,56
0,0,0,0,0,0,0,598923646,56
0,0,0,0,0,0,0,598924157,56
0,0,0,0,0,0,0,598924669,56
0,0,0,0,0,0,0,598925179,56
0,0,0,0,0,0,0,598925690,56
0,0,0,0,0,0,0,598926200,56
0,0,0,0,0,0,0,598926710,56
0,0,0,0,0,0,0,598927221,56
0,0,0,0,0,0,0,598927731,56
0,0,0,0,0,0,0,598928242,56
0,0,0,0,0,0,0,598928752,56
0,0,0,0,0,0,0,598929262,56
0,0,0,0,0,0,0,598929772,56
0,0,0,0,0,0,0,598930283,56
0,0,0,0,0,0,0,598930793,56
0,0,0,0,0,0,0,598931304,56
0,0,0,0,0,0,0,598931814,56
0,0,0,0,0,0,0,598932324,56
0,0,0,0,0,0,0,598932835,56
0,0,0,0,0,0,0,598933345,56
0,0,0,0,0,0,0,598933856,56
0,0,0,0,0,0,0,598934366,56
0,0,0,0,0,0,0,598934876,56
0,0,0,0,0,0,0,598935387,56
0,0,0,0,0,0,0,598935897,56
0,0,0,0,0,0,0,598936407,56
0,0,0,0,0,0,0,598936918,56
0,0,0,0,0,0,0,598937428,56
0,0,0,0,0,0,0,598937938,56
0,0,0,0,0,0,0,598938449,56
0,0,0,0,0,0,0,598938959,56
0,0,0,0,0,0,0,598939469,56
0,0,0,0,0,0,0,598939980,56
0,0,0,0,0,0,0,598940490,56
0,0,0,0,0,0,0,598941003,56
0,0,0,0,0,0,0,598941513,56
0,0,0,0,0,0,0,598942027,56
0,0,0,0,0,0,0,598942538,56
0,0,0,0,0,0,0,598943048,56
0,0,0,0,0,0,0,598943558,56
0,0,0,0,0,0,0,598944071,56
0,0,0,0,0,0,0,598944581,56
0,0,0,0,0,0,0,598945095,56
0,0,0,0,0,0,0,598945606,56
0,0,0,0,0,0,0,598946116,56
0,0,0,0,0,0,0,598946626,56
0,0,0,0,0,0,0,598947137,56
0,0,0,0,0,0,0,598947651,56
0,0,0,0,0,0,0,598948161,56
0,0,0,0,0,0,0,598948675,56
0,0,0,0,0,0,0,598949186,56
0,0,0,0,0,0,0,598949696,56
0,0,0,0,0,0,0,598950207,56
0,0,0,0,0,0,0,598950717,56
0,0,0,0,0,0,0,598951227,56
0,0,0,0,0,0,0,598951738,56
0,0,0,0,0,0,0,598952248,56
0,0,0,0,0,0,0,598952758,56
0,0,0,0,0,0,0,598953269,56
0,0,0,0,0,0,0,598953779,56
0,0,0,0,0,0,0,598954289,56
0,0,0,0,0,0,0,598954800,56
0,0,0,0,0,0,0,598955310,56
0,0,0,0,0,0,0,598955820,56
0,0,0,0,0,0,0,598956331,56
0,0,0,0,0,0,0,598956841,56
0,0,0,0,0,0,0,598957351,56
0,0,0,0,0,0,0,598957862,56
0,0,0,0,0,0,0,598958372,56
0,0,0,0,0,0,0,598958882,56
0,0,0,0,0,0,0,598959393,56
0,0,0,0,0,0,0,598959903,56
0,0,0,0,0,0,0,598960413,56
0,0,0,0,0,0,0,598960924,56
0,0,0,0,0,0,0,598961434,56
0,0,0,0,0,0,0,598961945,56
0,0,0,0,0,0,0,598962455,56
0,0,0,0,0,0,0,598962965,56
0,0,0,0,0,0,0,598963476,56
0,0,0,0,0,0,0,598963986,56
0,0,0,0,0,0,0,598964496,56
0,0,0,0,0,0,0,598965009,56
0,0,0,0,0,0,0,598965519,56
0,0,0,0,0,0,0,598966029,56
0,0,0,0,0,0,0,598966540,56
0,0,0,0,0,0,0,598967050,56
0,0,0,0,0,0,0,598967560,56
0,0,0,0,0,0,0,598968073,56
0,0,0,0,0,0,0,598968583,56
0,0,0,0,0,0,0,598969097,56
0,0,0,0,0,0,0,598969608,56
0,0,0,0,0,0,0,598970118,56
0,0,0,0,0,0,0,598970629,56
0,0,0,0,0,0,0,598971139,56
0,0,0,0,0,0,0,598971649,56
0,0,0,0,0,0,0,598972160,56
0,0,0,0,0,0,0,598972674,56
0,0,0,0,0,0,0,598973185,56
0,0,0,0,0,0,0,598973695,56
0,0,0,0,0,0,0,598974205,56
0,0,0,0,0,0,0,598974716,56
0,0,0,0,0,0,0,598975226,56
0,0,0,0,0,0,0,598975736,56
0,0,0,0,0,0,0,598976247,56
0,0,0,0,0,0,0,598976757,56
0,0,0,0,0,0,0,598977268,56
0,0,0,0,0,0,0,598977778,56
0,0,0,0,0,0,0,598978288,56
0,0,0,0,0,0,0,598978799,56
0,0,0,0,0,0,0,598979309,56
0,0,0,0,0,0,0,598979819,56
0,0,0,0,0,0,0,598980330,56
0,0,0,0,0,0,0,598980840,56
0,0,0,0,0,0,0,598981350,56
0,0,0,0,0,0,0,599217821,56
0,0,0,0,0,0,0,599218332,56
0,0,0,0,0,0,0,599218842,56
0,0,0,0,0,0,0,599219353,56
0,0,0,0,0,0,0,599219863,56
0,0,0,0,0,0,0,599220373,56
0,0,0,0,0,0,0,599220884,56
0,0,0,0,0,0,0,599221394,56
0,0,0,0,0,0,0,599221904,56
0,0,0,0,0,0,0,599222415,56
0,0,0,0,0,0,0,599222925,56
0,0,0,0,0,0,0,599223435,56
0,0,0,0,0,0,0,599223946,56
0,0,0,0,0,0,0,599224456,56
0,0,0,0,0,0,0,599224966,56
0,0,0,0,0,0,0,599225477,56
0,0,0,0,0,0,0,599225987,56
0,0,0,0,0,0,0,599226499,56
0,0,0,0,0,0,0,599227011,56
0,0,0,0,0,0,0,599227521,56
0,0,0,0,0,0,0,599228032,56
0,0,0,0,0,0,0,599228542,56
0,0,0,0,0,0,0,599229052,56
0,0,0,0,0,0,0,599229563,56
0,0,0,0,0,0,0,599230075,56
0,0,0,0,0,0,0,599230585,56
0,0,0,0,0,0,0,599231095,56
0,0,0,0,0,0,0,599231606,56
0,0,0,0,0,0,0,599232116,56
0,0,0,0,0,0,0,599232626,56
0,0,0,0,0,0,0,599233141,56
0,0,0,0,0,0,0,599233651,56
0,0,0,0,0,0,0,599234161,56
0,0,0,0,0,0,0,599234672,56
0,0,0,0,0,0,0,599235182,56
0,0,0,0,0,0,0,599235692,56
0,0,0,0,0,0,0,599236207,56
0,0,0,0,0,0,0,599236717,56
0,0,0,0,0,0,0,599237227,56
0,0,0,0,0,0,0,599237738,56
0,0,0,0,0,0,0,599238248,56
0,0,0,0,0,0,0,599238762,56
0,0,0,0,0,0,0,599239273,56
0,0,0,0,0,0,0,599239787,56
0,0,0,0,0,0,0,599240297,56
0,0,0,0,0,0,0,599240807,56
0,0,0,0,0,0,0,599241318,56
0,0,0,0,0,0,0,599241828,56
0,0,0,0,0,0,0,599242339,56
0,0,0,0,0,0,0,599242849,56
0,0,0,0,0,0,0,599243360,56
0,0,0,0,0,0,0,599243870,56
0,0,0,0,0,0,0,599244380,56
0,0,0,0,0,0,0,599244891,56
0,0,0,0,0,0,0,599245401,56
0,0,0,0,0,0,0,599245911,56
0,0,0,0,0,0,0,599246422,56
0,0,0,0,0,0,0,599246932,56
0,0,0,0,0,0,0,599247444,56
0,0,0,0,0,0,0,599247955,56
0,0,0,0,0,0,0,599248465,56
0,0,0,0,0,0,0,599248975,56
0,0,0,0,0,0,0,599249486,56
0,0,0,0,0,0,0,599249996,56
0,0,0,0,0,0,0,599250508,56
0,0,0,0,0,0,0,599251019,56
0,0,0,0,0,0,0,599251529,56
0,0,0,0,0,0,0,599252039,56
0,0,0,0,0,0,0,599252550,56
0,0,0,0,0,0,0,599253062,56
0,0,0,0,0,0,0,599253572,56
0,0,0,0,0,0,0,599254084,56
0,0,0,0,0,0,0,599254595,56
0,0,0,0,0,0,0,599255105,56
0,0,0,0,0,0,0,599255615,56
0,0,0,0,0,0,0,599256126,56
0,0,0,0,0,0,0,599256636,56
0,0,0,0,0,0,0,599257150,56
0,0,0,0,0,0,0,599257661,56
0,0,0,0,0,0,0,599258171,56
0,0,0,0,0,0,0,599258681,56
0,0,0,0,0,0,0,599259192,56
0,0,0,0,0,0,0,599259706,56
0,0,0,0,0,0,0,599260217,56
0,0,0,0,0,0,0,599260727,56
0,0,0,0,0,0,0,599261237,56
0,0,0,0,0,0,0,599261748,56
0,0,0,0,0,0,0,599262258,56
0,0,0,0,0,0,0,599262772,56
0,0,0,0,0,0,0,599263283,56
0,0,0,0,0,0,0,599263796,56
0,0,0,0,0,0,0,599264306,56
0,0,0,0,0,0,0,599264816,56
0,0,0,0,0,0,0,599265327,56
0,0,0,0,0,0,0,599265837,56
0,0,0,0,0,0,0,599266348,56
0,0,0,0,0,0,0,599266858,56
0,0,0,0,0,0,0,599267368,56
0,0,0,0,0,0,0,599267879,56
0,0,0,0,0,0,0,599268389,56
0,0,0,0,0,0,0,599268899,56
0,0,0,0,0,0,0,599269410,56
0,0,0,0,0,0,0,599269920,56
0,0,0,0,0,0,0,599270431,56
0,0,0,0,0,0,0,599270941,56
0,0,0,0,0,0,0,599271451,56
0,0,0,0,0,0,0,599271962,56
0,0,0,0,0,0,0,599272472,56
0,0,0,0,0,0,0,599272982,56
0,0,0,0,0,0,0,599273493,56
0,0,0,0,0,0,0,599274005,56
0,0,0,0,0,0,0,599274515,56
0,0,0,0,0,0,0,599275026,56
0,0,0,0,0,0,0,599275536,56
0,0,0,0,0,0,0,599276046,56
0,0,0,0,0,0,0,599276556,56
0,0,0,0,0,0,0,599277069,56
0,0,0,0,0,0,0,599277579,56
0,0,0,0,0,0,0,599278091,56
0,0,0,0,0,0,0,599278601,56
0,0,0,0,0,0,0,599279111,56
0,0,0,0,0,0,0,599279622,56
0,0,0,0,0,0,0,599280132,56
0,0,0,0,0,0,0,599280642,56
0,0,0,0,0,0,0,599281157,56
0,0,0,0,0,0,0,599281667,56
0,0,0,0,0,0,0,599282177,56
0,0,0,0,0,0,0,599282688,56
0,0,0,0,0,0,0,599283198,56
0,0,0,0,0,0,0,599283708,56
0,0,0,0,0,0,0,599284223,56
0,0,0,0,0,0,0,599284733,56
0,0,0,0,0,0,0,599285243,56
0,0,0,0,0,0,0,599285754,56
0,0,0,0,0,0,0,599286264,56
0,0,0,0,0,0,0,599286778,56
0,0,0,0,0,0,0,599524263,56
0,0,0,0,0,0,0,599524774,56
0,0,0,0,0,0,0,599525284,56
0,0,0,0,0,0,0,599525798,56
0,0,0,0,0,0,0,599526308,56
0,0,0,0,0,0,0,599526819,56
0,0,0,0,0,0,0,599527329,56
0,0,0,0,0,0,0,599527839,56
0,0,0,0,0,0,0,599528350,56
0,0,0,0,0,0,0,599528864,56
0,0,0,0,0,0,0,599529374,56
0,0,0,0,0,0,0,599529886,56
0,0,0,0,0,0,0,599530397,56
0,0,0,0,0,0,0,599530907,56
0,0,0,0,0,0,0,599531418,56
0,0,0,0,0,0,0,599531928,56
0,0,0,0,0,0,0,599532438,56
0,0,0,0,0,0,0,599532949,56
0,0,0,0,0,0,0,599533459,56
0,0,0,0,0,0,0,599533969,56
0,0,0,0,0,0,0,599534480,56
0,0,0,0,0,0,0,599534990,56
0,0,0,0,0,0,0,599535502,56
0,0,0,0,0,0,0,599536013,56
0,0,0,0,0,0,0,599536523,56
0,0,0,0,0,0,0,599537033,56
0,0,0,0,0,0,0,599537544,56
0,0,0,0,0,0,0,599538054,56
0,0,0,0,0,0,0,599538564,56
0,0,0,0,0,0,0,599539077,56
0,0,0,0,0,0,0,599539587,56
0,0,0,0,0,0,0,599540097,56
0,0,0,0,0,0,0,599540608,56
0,0,0,0,0,0,0,599541118,56
0,0,0,0,0,0,0,599541628,56
0,0,0,0,0,0,0,599542139,56
0,0,0,0,0,0,0,599542649,56
0,0,0,0,0,0,0,599543159,56
0,0,0,0,0,0,0,599543670,56
0,0,0,0,0,0,0,599544180,56
0,0,0,0,0,0,0,599544690,56
0,0,0,0,0,0,0,599545201,56
0,0,0,0,0,0,0,599545711,56
0,0,0,0,0,0,0,599546221,56
0,0,0,0,0,0,0,599546732,56
0,0,0,0,0,0,0,599547246,56
0,0,0,0,0,0,0,599547756,56
0,0,0,0,0,0,0,599548267,56
0,0,0,0,0,0,0,599548777,56
0,0,0,0,0,0,0,599549288,56
0,0,0,0,0,0,0,599549798,56
0,0,0,0,0,0,0,599550312,56
0,0,0,0,0,0,0,599550823,56
0,0,0,0,0,0,0,599551333,56
0,0,0,0,0,0,0,599551843,56
0,0,0,0,0,0,0,599552354,56
0,0,0,0,0,0,0,599552868,56
0,0,0,0,0,0,0,599553378,56
0,0,0,0,0,0,0,599553892,56
0,0,0,0,0,0,0,599554402,56
0,0,0,0,0,0,0,599554913,56
0,0,0,0,0,0,0,599555423,56
0,0,0,0,0,0,0,599555934,56
0,0,0,0,0,0,0,599556446,56
0,0,0,0,0,0,0,599556956,56
0,0,0,0,0,0,0,599557467,56
0,0,0,0,0,0,0,599557977,56
0,0,0,0,0,0,0,599558487,56
0,0,0,0,0,0,0,599558998,56
0,0,0,0,0,0,0,599559510,56
0,0,0,0,0,0,0,599560020,56
0,0,0,0,0,0,0,599560531,56
0,0,0,0,0,0,0,599561041,56
0,0,0,0,0,0,0,599561551,56
0,0,0,0,0,0,0,599562064,56
0,0,0,0,0,0,0,599562574,56
0,0,0,0,0,0,0,599563086,56
0,0,0,0,0,0,0,599563596,56
0,0,0,0,0,0,0,599564107,56
0,0,0,0,0,0,0,599564617,56
0,0,0,0,0,0,0,599565127,56
0,0,0,0,0,0,0,599565638,56
0,0,0,0,0,0,0,599566148,56
0,0,0,0,0,0,0,599566658,56
0,0,0,0,0,0,0,599567169,56
0,0,0,0,0,0,0,599567679,56
0,0,0,0,0,0,0,599568190,56
0,0,0,0,0,0,0,599568700,56
0,0,0,0,0,0,0,599569210,56
0,0,0,0,0,0,0,599569721,56
0,0,0,0,0,0,0,599570231,56
0,0,0,0,0,0,0,599570741,56
0,0,0,0,0,0,0,599571255,56
0,0,0,0,0,0,0,599571766,56
0,0,0,0,0,0,0,599572276,56
0,0,0,0,0,0,0,599572786,56
0,0,0,0,0,0,0,599573297,56
0,0,0,0,0,0,0,599573807,56
0,0,0,0,0,0,0,599574321,56
0,0,0,0,0,0,0,599574832,56
0,0,0,0,0,0,0,599575342,56
0,0,0,0,0,0,0,599575852,56
0,0,0,0,0,0,0,599576363,56
0,0,0,0,0,0,0,599576877,56
0,0,0,0,0,0,0,599577387,56
0,0,0,0,0,0,0,599577901,56
0,0,0,0,0,0,0,599578412,56
0,0,0,0,0,0,0,599578922,56
0,0,0,0,0,0,0,599579432,56
0,0,0,0,0,0,0,599579943,56
0,0,0,0,0,0,0,599580453,56
0,0,0,0,0,0,0,599580964,56
0,0,0,0,0,0,0,599581474,56
0,0,0,0,0,0,0,599581984,56
0,0,0,0,0,0,0,599582495,56
0,0,0,0,0,0,0,599583007,56
0,0,0,0,0,0,0,599583517,56
0,0,0,0,0,0,0,599584028,56
0,0,0,0,0,0,0,599584538,56
0,0,0,0,0,0,0,599585048,56
0,0,0,0,0,0,0,599585559,56
0,0,0,0,0,0,0,599586071,56
0,0,0,0,0,0,0,599586581,56
0,0,0,0,0,0,0,599587091,56
0,0,0,0,0,0,0,599587602,56
0,0,0,0,0,0,0,599588112,56
0,0,0,0,0,0,0,599588622,56
0,0,0,0,0,0,0,599589133,56
0,0,0,0,0,0,0,599589643,56
0,0,0,0,0,0,0,599590154,56
0,0,0,0,0,0,0,599590664,56
0,0,0,0,0,0,0,599591174,56
0,0,0,0,0,0,0,599591685,56
0,0,0,0,0,0,0,599821564,56
0,0,0,0,0,0,0,599822076,56
0,0,0,0,0,0,0,599822586,56
0,0,0,0,0,0,0,599823096,56
0,0,0,0,0,0,0,599823607,56
0,0,0,0,0,0,0,599824117,56
0,0,0,0,0,0,0,599824627,56
0,0,0,0,0,0,0,599825138,56
0,0,0,0,0,0,0,599825648,56
0,0,0,0,0,0,0,599826159,56
0,0,0,0,0,0,0,599826669,56
0,0,0,0,0,0,0,599827179,56
0,0,0,0,0,0,0,599827689,56
0,0,0,0,0,0,0,599828200,56
0,0,0,0,0,0,0,599828710,56
0,0,0,0,0,0,0,599829220,56
0,0,0,0,0,0,0,599829731,56
0,0,0,0,0,0,0,599830241,56
0,0,0,0,0,0,0,599830751,56
0,0,0,0,0,0,0,599831262,56
0,0,0,0,0,0,0,599831772,56
0,0,0,0,0,0,0,599832282,56
0,0,0,0,0,0,0,599832793,56
0,0,0,0,0,0,0,599833303,56
0,0,0,0,0,0,0,599833813,56
0,0,0,0,0,0,0,599834324,56
0,0,0,0,0,0,0,599834834,56
0,0,0,0,0,0,0,599835344,56
0,0,0,0,0,0,0,599835855,56
0,0,0,0,0,0,0,599836365,56
0,0,0,0,0,0,0,599836875,56
0,0,0,0,0,0,0,599837386,56
0,0,0,0,0,0,0,599837896,56
0,0,0,0,0,0,0,599838407,56
0,0,0,0,0,0,0,599838921,56
0,0,0,0,0,0,0,599839431,56
0,0,0,0,0,0,0,599839942,56
0,0,0,0,0,0,0,599840452,56
0,0,0,0,0,0,0,599840962,56
0,0,0,0,0,0,0,599841473,56
0,0,0,0,0,0,0,599841987,56
0,0,0,0,0,0,0,599842499,56
0,0,0,0,0,0,0,599843011,56
0,0,0,0,0,0,0,599843521,56
0,0,0,0,0,0,0,599844032,56
0,0,0,0,0,0,0,599844542,56
0,0,0,0,0,0,0,599845052,56
0,0,0,0,0,0,0,599845563,56
0,0,0,0,0,0,0,599846075,56
0,0,0,0,0,0,0,599846585,56
0,0,0,0,0,0,0,599847096,56
0,0,0,0,0,0,0,599847606,56
0,0,0,0,0,0,0,599848116,56
0,0,0,0,0,0,0,599848627,56
0,0,0,0,0,0,0,599849137,56
0,0,0,0,0,0,0,599849647,56
0,0,0,0,0,0,0,599850158,56
0,0,0,0,0,0,0,599850668,56
0,0,0,0,0,0,0,599851179,56
0,0,0,0,0,0,0,599851689,56
0,0,0,0,0,0,0,599852199,56
0,0,0,0,0,0,0,599852709,56
0,0,0,0,0,0,0,599853220,56
0,0,0,0,0,0,0,599853730,56
0,0,0,0,0,0,0,599854240,56
0,0,0,0,0,0,0,599854751,56
0,0,0,0,0,0,0,599855261,56
0,0,0,0,0,0,0,599855771,56
0,0,0,0,0,0,0,599856282,56
0,0,0,0,0,0,0,599856792,56
0,0,0,0,0,0,0,599857303,56
0,0,0,0,0,0,0,599857813,56
0,0,0,0,0,0,0,599858323,56
0,0,0,0,0,0,0,599858834,56
0,0,0,0,0,0,0,599859344,56
0,0,0,0,0,0,0,599859854,56
0,0,0,0,0,0,0,599860368,56
0,0,0,0,0,0,0,599860879,56
0,0,0,0,0,0,0,599861389,56
0,0,0,0,0,0,0,599861899,56
0,0,0,0,0,0,0,599862410,56
0,0,0,0,0,0,0,599862920,56
0,0,0,0,0,0,0,599863435,56
0,0,0,0,0,0,0,599863945,56
0,0,0,0,0,0,0,599864455,56
0,0,0,0,0,0,0,599864966,56
0,0,0,0,0,0,0,599865476,56
0,0,0,0,0,0,0,599865986,56
0,0,0,0,0,0,0,599866497,56
0,0,0,0,0,0,0,599867011,56
0,0,0,0,0,0,0,599867522,56
0,0,0,0,0,0,0,599868032,56
0,0,0,0,0,0,0,599868542,56
0,0,0,0,0,0,0,599869053,56
0,0,0,0,0,0,0,599869563,56
0,0,0,0,0,0,0,599870075,56
0,0,0,0,0,0,0,599870586,56
0,0,0,0,0,0,0,599871096,56
0,0,0,0,0,0,0,599871606,56
0,0,0,0,0,0,0,599872117,56
0,0,0,0,0,0,0,599872627,56
0,0,0,0,0,0,0,599873137,56
0,0,0,0,0,0,0,599873648,56
0,0,0,0,0,0,0,599874158,56
0,0,0,0,0,0,0,599874668,56
0,0,0,0,0,0,0,599875179,56
0,0,0,0,0,0,0,599875689,56
0,0,0,0,0,0,0,599876199,56
0,0,0,0,0,0,0,599876710,56
0,0,0,0,0,0,0,599877220,56
0,0,0,0,0,0,0,599877730,56
0,0,0,0,0,0,0,599878241,56
0,0,0,0,0,0,0,599878751,56
0,0,0,0,0,0,0,599879261,56
0,0,0,0,0,0,0,599879772,56
0,0,0,0,0,0,0,599880282,56
0,0,0,0,0,0,0,599880792,56
0,0,0,0,0,0,0,599881303,56
0,0,0,0,0,0,0,599881813,56
0,0,0,0,0,0,0,599882323,56
0,0,0,0,0,0,0,599882834,56
0,0,0,0,0,0,0,599883344,56
0,0,0,0,0,0,0,599883854,56
0,0,0,0,0,0,0,599884365,56
0,0,0,0,0,0,0,599884875,56
0,0,0,0,0,0,0,599885385,56
0,0,0,0,0,0,0,599885896,56
0,0,0,0,0,0,0,599886406,56
0,0,0,0,0,0,0,599886917,56
0,0,0,0,0,0,0,599887427,56
0,0,0,0,0,0,0,599887941,56
0,0,0,0,0,0,0,599888452,56
0,0,0,0,0,0,0,599888962,56
0,0,0,0,0,0,0,599889472,56
0,0,0,0,0,0,0,600119856,56
0,0,0,0,0,0,0,600120367,56
0,0,0,0,0,0,0,600120877,56
0,0,0,0,0,0,0,600121387,56
0,0,0,0,0,0,0,600121898,56
0,0,0,0,0,0,0,600122408,56
0,0,0,0,0,0,0,600122918,56
0,0,0,0,0,0,0,600123429,56
0,0,0,0,0,0,0,600123939,56
0,0,0,0,0,0,0,600124449,56
0,0,0,0,0,0,0,600124960,56
0,0,0,0,0,0,0,600125472,56
0,0,0,0,0,0,0,600125982,56
0,0,0,0,0,0,0,600126493,56
0,0,0,0,0,0,0,600127005,56
0,0,0,0,0,0,0,600127515,56
0,0,0,0,0,0,0,600128030,56
0,0,0,0,0,0,0,600128540,56
0,0,0,0,0,0,0,600129050,56
0,0,0,0,0,0,0,600129561,56
0,0,0,0,0,0,0,600130073,56
0,0,0,0,0,0,0,600130583,56
0,0,0,0,0,0,0,600131097,56
0,0,0,0,0,0,0,600131608,56
0,0,0,0,0,0,0,600132118,56
0,0,0,0,0,0,0,600132628,56
0,0,0,0,0,0,0,600133139,56
0,0,0,0,0,0,0,600133649,56
0,0,0,0,0,0,0,600134160,56
0,0,0,0,0,0,0,600134670,56
0,0,0,0,0,0,0,600135180,56
0,0,0,0,0,0,0,600135691,56
0,0,0,0,0,0,0,600136201,56
0,0,0,0,0,0,0,600136711,56
0,0,0,0,0,0,0,600137222,56
0,0,0,0,0,0,0,600137732,56
0,0,0,0,0,0,0,600138243,56
0,0,0,0,0,0,0,600138753,56
0,0,0,0,0,0,0,600139263,56
0,0,0,0,0,0,0,600139774,56
0,0,0,0,0,0,0,600140284,56
0,0,0,0,0,0,0,600140794,56
0,0,0,0,0,0,0,600141305,56
0,0,0,0,0,0,0,600141815,56
0,0,0,0,0,0,0,600142325,56
0,0,0,0,0,0,0,600142836,56
0,0,0,0,0,0,0,600143346,56
0,0,0,0,0,0,0,600143856,56
0,0,0,0,0,0,0,600144367,56
0,0,0,0,0,0,0,600144877,56
0,0,0,0,0,0,0,600145387,56
0,0,0,0,0,0,0,600145898,56
0,0,0,0,0,0,0,600146408,56
0,0,0,0,0,0,0,600146919,56
0,0,0,0,0,0,0,600147429,56
0,0,0,0,0,0,0,600147939,56
0,0,0,0,0,0,0,600148449,56
0,0,0,0,0,0,0,600148960,56
0,0,0,0,0,0,0,600149474,56
0,0,0,0,0,0,0,600149984,56
0,0,0,0,0,0,0,600150495,56
0,0,0,0,0,0,0,600151007,56
0,0,0,0,0,0,0,600151518,56
0,0,0,0,0,0,0,600152028,56
0,0,0,0,0,0,0,600152542,56
0,0,0,0,0,0,0,600153052,56
0,0,0,0,0,0,0,600153563,56
0,0,0,0,0,0,0,600154075,56
0,0,0,0,0,0,0,600154585,56
0,0,0,0,0,0,0,600155099,56
0,0,0,0,0,0,0,600155610,56
0,0,0,0,0,0,0,600156124,56
0,0,0,0,0,0,0,600156634,56
0,0,0,0,0,0,0,600157144,56
0,0,0,0,0,0,0,600157655,56
0,0,0,0,0,0,0,600158165,56
0,0,0,0,0,0,0,600158676,56
0,0,0,0,0,0,0,600159186,56
0,0,0,0,0,0,0,600159696,56
0,0,0,0,0,0,0,600160207,56
0,0,0,0,0,0,0,600160717,56
0,0,0,0,0,0,0,600161227,56
0,0,0,0,0,0,0,600161738,56
0,0,0,0,0,0,0,600162248,56
0,0,0,0,0,0,0,600162758,56
0,0,0,0,0,0,0,600163269,56
0,0,0,0,0,0,0,600163779,56
0,0,0,0,0,0,0,600164289,56
0,0,0,0,0,0,0,600164800,56
0,0,0,0,0,0,0,600165310,56
0,0,0,0,0,0,0,600165820,56
0,0,0,0,0,0,0,600166331,56
0,0,0,0,0,0,0,600166841,56
0,0,0,0,0,0,0,600167352,56
0,0,0,0,0,0,0,600167862,56
0,0,0,0,0,0,0,600168372,56
0,0,0,0,0,0,0,600168883,56
0,0,0,0,0,0,0,600169393,56
0,0,0,0,0,0,0,600169903,56
0,0,0,0,0,0,0,600170414,56
0,0,0,0,0,0,0,600170924,56
0,0,0,0,0,0,0,600171434,56
0,0,0,0,0,0,0,600171945,56
0,0,0,0,0,0,0,600172455,56
0,0,0,0,0,0,0,600172965,56
0,0,0,0,0,0,0,600173476,56
0,0,0,0,0,0,0,600173986,56
0,0,0,0,0,0,0,600174497,56
0,0,0,0,0,0,0,600175009,56
0,0,0,0,0,0,0,600175519,56
0,0,0,0,0,0,0,600176029,56
0,0,0,0,0,0,0,600176544,56
0,0,0,0,0,0,0,600177054,56
0,0,0,0,0,0,0,600177564,56
0,0,0,0,0,0,0,600178076,56
0,0,0,0,0,0,0,600178587,56
0,0,0,0,0,0,0,600179097,56
0,0,0,0,0,0,0,600179607,56
0,0,0,0,0,0,0,600180122,56
0,0,0,0,0,0,0,600180632,56
0,0,0,0,0,0,0,600181142,56
0,0,0,0,0,0,0,600181653,56
0,0,0,0,0,0,0,600182163,56
0,0,0,0,0,0,0,600182674,56
0,0,0,0,0,0,0,600183184,56
0,0,0,0,0,0,0,600183694,56
0,0,0,0,0,0,0,600184205,56
0,0,0,0,0,0,0,600184715,56
0,0,0,0,0,0,0,600185225,56
0,0,0,0,0,0,0,600185736,56
0,0,0,0,0,0,0,600186246,56
0,0,0,0,0,0,0,600186756,56
0,0,0,0,0,0,0,600425249,56
0,0,0,0,0,0,0,600425759,56
0,0,0,0,0,0,0,600426269,56
0,0,0,0,0,0,0,600426780,56
0,0,0,0,0,0,0,600427290,56
0,0,0,0,0,0,0,600427800,56
0,0,0,0,0,0,0,600428311,56
0,0,0,0,0,0,0,600428821,56
0,0,0,0,0,0,0,600429331,56
0,0,0,0,0,0,0,600429842,56
0,0,0,0,0,0,0,600430352,56
0,0,0,0,0,0,0,600430862,56
0,0,0,0,0,0,0,600431373,56
0,0,0,0,0,0,0,600431883,56
0,0,0,0,0,0,0,600432393,56
0,0,0,0,0,0,0,600432904,56
0,0,0,0,0,0,0,600433414,56
0,0,0,0,0,0,0,600433924,56
0,0,0,0,0,0,0,600434435,56
0,0,0,0,0,0,0,600434945,56
0,0,0,0,0,0,0,600435455,56
0,0,0,0,0,0,0,600435966,56
0,0,0,0,0,0,0,600436476,56
0,0,0,0,0,0,0,600436987,56
0,0,0,0,0,0,0,600437497,56
0,0,0,0,0,0,0,600438009,56
0,0,0,0,0,0,0,600438519,56
0,0,0,0,0,0,0,600439030,56
0,0,0,0,0,0,0,600439540,56
0,0,0,0,0,0,0,600440050,56
0,0,0,0,0,0,0,600440561,56
0,0,0,0,0,0,0,600441073,56
0,0,0,0,0,0,0,600441584,56
0,0,0,0,0,0,0,600442094,56
0,0,0,0,0,0,0,600442604,56
0,0,0,0,0,0,0,600443115,56
0,0,0,0,0,0,0,600443625,56
0,0,0,0,0,0,0,600444139,56
0,0,0,0,0,0,0,600444650,56
0,0,0,0,0,0,0,600445160,56
0,0,0,0,0,0,0,600445670,56
0,0,0,0,0,0,0,600446180,56
0,0,0,0,0,0,0,600446691,56
0,0,0,0,0,0,0,600447205,56
0,0,0,0,0,0,0,600447715,56
0,0,0,0,0,0,0,600448228,56
0,0,0,0,0,0,0,600448738,56
0,0,0,0,0,0,0,600449249,56
0,0,0,0,0,0,0,600449759,56
0,0,0,0,0,0,0,600450269,56
0,0,0,0,0,0,0,600450780,56
0,0,0,0,0,0,0,600451290,56
0,0,0,0,0,0,0,600451800,56
0,0,0,0,0,0,0,600452311,56
0,0,0,0,0,0,0,600452821,56
0,0,0,0,0,0,0,600453331,56
0,0,0,0,0,0,0,600453842,56
0,0,0,0,0,0,0,600454352,56
0,0,0,0,0,0,0,600454862,56
0,0,0,0,0,0,0,600455373,56
0,0,0,0,0,0,0,600455883,56
0,0,0,0,0,0,0,600456394,56
0,0,0,0,0,0,0,600456904,56
0,0,0,0,0,0,0,600457414,56
0,0,0,0,0,0,0,600457924,56
0,0,0,0,0,0,0,600458435,56
0,0,0,0,0,0,0,600458945,56
0,0,0,0,0,0,0,600459455,56
0,0,0,0,0,0,0,600459966,56
0,0,0,0,0,0,0,600460476,56
0,0,0,0,0,0,0,600460987,56
0,0,0,0,0,0,0,600461497,56
0,0,0,0,0,0,0,600462009,56
0,0,0,0,0,0,0,600462520,56
0,0,0,0,0,0,0,600463030,56
0,0,0,0,0,0,0,600463540,56
0,0,0,0,0,0,0,600464050,56
0,0,0,0,0,0,0,600464561,56
0,0,0,0,0,0,0,600465073,56
0,0,0,0,0,0,0,600465587,56
0,0,0,0,0,0,0,600466098,56
0,0,0,0,0,0,0,600466608,56
0,0,0,0,0,0,0,600467118,56
0,0,0,0,0,0,0,600467629,56
0,0,0,0,0,0,0,600468139,56
0,0,0,0,0,0,0,600468653,56
0,0,0,0,0,0,0,600469164,56
0,0,0,0,0,0,0,600469674,56
0,0,0,0,0,0,0,600470185,56
0,0,0,0,0,0,0,600470695,56
0,0,0,0,0,0,0,600471209,56
0,0,0,0,0,0,0,600471720,56
0,0,0,0,0,0,0,600472234,56
0,0,0,0,0,0,0,600472744,56
0,0,0,0,0,0,0,600473254,56
0,0,0,0,0,0,0,600473765,56
0,0,0,0,0,0,0,600474275,56
0,0,0,0,0,0,0,600474786,56
0,0,0,0,0,0,0,600475296,56
0,0,0,0,0,0,0,600475806,56
0,0,0,0,0,0,0,600476317,56
0,0,0,0,0,0,0,600476827,56
0,0,0,0,0,0,0,600477337,56
0,0,0,0,0,0,0,600477848,56
0,0,0,0,0,0,0,600478358,56
0,0,0,0,0,0,0,600478868,56
0,0,0,0,0,0,0,600479379,56
0,0,0,0,0,0,0,600479889,56
0,0,0,0,0,0,0,600480399,56
0,0,0,0,0,0,0,600480910,56
0,0,0,0,0,0,0,600481420,56
0,0,0,0,0,0,0,600481930,56
0,0,0,0,0,0,0,600482442,56
0,0,0,0,0,0,0,600482953,56
0,0,0,0,0,0,0,600483463,56
0,0,0,0,0,0,0,600483973,56
0,0,0,0,0,0,0,600484484,56
0,0,0,0,0,0,0,600484994,56
0,0,0,0,0,0,0,600485507,56
0,0,0,0,0,0,0,600486017,56
0,0,0,0,0,0,0,600486527,56
0,0,0,0,0,0,0,600487037,56
0,0,0,0,0,0,0,600487548,56
0,0,0,0,0,0,0,600488058,56
0,0,0,0,0,0,0,600488568,56
0,0,0,0,0,0,0,600489080,56
0,0,0,0,0,0,0,600489595,56
0,0,0,0,0,0,0,600490105,56
0,0,0,0,0,0,0,600490616,56
0,0,0,0,0,0,0,600491126,56
0,0,0,0,0,0,0,600711892,56
0,0,0,0,0,0,0,600712402,56
0,0,0,0,0,0,0,600712912,56
0,0,0,0,0,0,0,600713423,56
0,0,0,0,0,0,0,600713933,56
0,0,0,0,0,0,0,600714445,56
0,0,0,0,0,0,0,600714956,56
0,0,0,0,0,0,0,600715466,56
0,0,0,0,0,0,0,600715976,56
0,0,0,0,0,0,0,600716487,56
0,0,0,0,0,0,0,600716997,56
0,0,0,0,0,0,0,600717509,56
0,0,0,0,0,0,0,600718020,56
0,0,0,0,0,0,0,600718530,56
0,0,0,0,0,0,0,600719040,56
0,0,0,0,0,0,0,600719551,56
0,0,0,0,0,0,0,600720063,56
0,0,0,0,0,0,0,600720573,56
0,0,0,0,0,0,0,600721085,56
0,0,0,0,0,0,0,600721596,56
0,0,0,0,0,0,0,600722106,56
0,0,0,0,0,0,0,600722616,56
0,0,0,0,0,0,0,600723127,56
0,0,0,0,0,0,0,600723637,56
0,0,0,0,0,0,0,600724147,56
0,0,0,0,0,0,0,600724658,56
0,0,0,0,0,0,0,600725168,56
0,0,0,0,0,0,0,600725678,56
0,0,0,0,0,0,0,600726189,56
0,0,0,0,0,0,0,600726699,56
0,0,0,0,0,0,0,600727209,56
0,0,0,0,0,0,0,600727720,56
0,0,0,0,0,0,0,600728230,56
0,0,0,0,0,0,0,600728741,56
0,0,0,0,0,0,0,600729255,56
0,0,0,0,0,0,0,600729765,56
0,0,0,0,0,0,0,600730276,56
0,0,0,0,0,0,0,600730786,56
0,0,0,0,0,0,0,600731296,56
0,0,0,0,0,0,0,600731807,56
0,0,0,0,0,0,0,600732321,56
0,0,0,0,0,0,0,600732831,56
0,0,0,0,0,0,0,600733341,56
0,0,0,0,0,0,0,600733852,56
0,0,0,0,0,0,0,600734362,56
0,0,0,0,0,0,0,600734873,56
0,0,0,0,0,0,0,600735383,56
0,0,0,0,0,0,0,600735893,56
0,0,0,0,0,0,0,600736404,56
0,0,0,0,0,0,0,600736914,56
0,0,0,0,0,0,0,600737424,56
0,0,0,0,0,0,0,600737935,56
0,0,0,0,0,0,0,600738447,56
0,0,0,0,0,0,0,600738957,56
0,0,0,0,0,0,0,600739468,56
0,0,0,0,0,0,0,600739978,56
0,0,0,0,0,0,0,600740488,56
0,0,0,0,0,0,0,600740999,56
0,0,0,0,0,0,0,600741511,56
0,0,0,0,0,0,0,600742021,56
0,0,0,0,0,0,0,600742532,56
0,0,0,0,0,0,0,600743042,56
0,0,0,0,0,0,0,600743553,56
0,0,0,0,0,0,0,600744065,56
0,0,0,0,0,0,0,600744575,56
0,0,0,0,0,0,0,600745087,56
0,0,0,0,0,0,0,600745597,56
0,0,0,0,0,0,0,600746107,56
0,0,0,0,0,0,0,600746618,56
0,0,0,0,0,0,0,600747128,56
0,0,0,0,0,0,0,600747638,56
0,0,0,0,0,0,0,600748149,56
0,0,0,0,0,0,0,600748659,56
0,0,0,0,0,0,0,600749169,56
0,0,0,0,0,0,0,600749680,56
0,0,0,0,0,0,0,600750190,56
0,0,0,0,0,0,0,600750702,56
0,0,0,0,0,0,0,600751213,56
0,0,0,0,0,0,0,600751723,56
0,0,0,0,0,0,0,600752233,56
0,0,0,0,0,0,0,600752744,56
0,0,0,0,0,0,0,600753258,56
0,0,0,0,0,0,0,600753768,56
0,0,0,0,0,0,0,600754279,56
0,0,0,0,0,0,0,600754789,56
0,0,0,0,0,0,0,600755299,56
0,0,0,0,0,0,0,600755809,56
0,0,0,0,0,0,0,600756324,56
0,0,0,0,0,0,0,600756834,56
0,0,0,0,0,0,0,600757347,56
0,0,0,0,0,0,0,600757857,56
0,0,0,0,0,0,0,600758367,56
0,0,0,0,0,0,0,600758878,56
0,0,0,0,0,0,0,600759388,56
0,0,0,0,0,0,0,600759898,56
0,0,0,0,0,0,0,600760409,56
0,0,0,0,0,0,0,600760919,56
0,0,0,0,0,0,0,600761430,56
0,0,0,0,0,0,0,600761940,56
0,0,0,0,0,0,0,600762450,56
0,0,0,0,0,0,0,600762961,56
0,0,0,0,0,0,0,600763471,56
0,0,0,0,0,0,0,600763981,56
0,0,0,0,0,0,0,600764492,56
0,0,0,0,0,0,0,600765004,56
0,0,0,0,0,0,0,600765514,56
0,0,0,0,0,0,0,600766025,56
0,0,0,0,0,0,0,600766535,56
0,0,0,0,0,0,0,600767046,56
0,0,0,0,0,0,0,600767556,56
0,0,0,0,0,0,0,600768068,56
0,0,0,0,0,0,0,600768578,56
0,0,0,0,0,0,0,600769090,56
0,0,0,0,0,0,0,600769601,56
0,0,0,0,0,0,0,600770111,56
0,0,0,0,0,0,0,600770621,56
0,0,0,0,0,0,0,600771132,56
0,0,0,0,0,0,0,600771642,56
0,0,0,0,0,0,0,600772152,56
0,0,0,0,0,0,0,600772663,56
0,0,0,0,0,0,0,600773173,56
0,0,0,0,0,0,0,600773683,56
0,0,0,0,0,0,0,600774194,56
0,0,0,0,0,0,0,600774708,56
0,0,0,0,0,0,0,600775218,56
0,0,0,0,0,0,0,600775729,56
0,0,0,0,0,0,0,600776239,56
0,0,0,0,0,0,0,600776750,56
0,0,0,0,0,0,0,600777260,56
0,0,0,0,0,0,0,600777774,56
0,0,0,0,0,0,0,600778285,56
0,0,0,0,0,0,0,600778795,56
0,0,0,0,0,0,0,600779305,56
0,0,0,0,0,0,0,600779816,56
0,0,0,0,0,0,0,601010718,56
0,0,0,0,0,0,0,601011229,56
0,0,0,0,0,0,0,601011739,56
0,0,0,0,0,0,0,601012249,56
0,0,0,0,0,0,0,601012760,56
0,0,0,0,0,0,0,601013270,56
0,0,0,0,0,0,0,601013780,56
0,0,0,0,0,0,0,601014291,56
0,0,0,0,0,0,0,601014801,56
0,0,0,0,0,0,0,601015311,56
0,0,0,0,0,0,0,601015822,56
0,0,0,0,0,0,0,601016332,56
0,0,0,0,0,0,0,601016842,56
0,0,0,0,0,0,0,601017353,56
0,0,0,0,0,0,0,601017863,56
0,0,0,0,0,0,0,601018377,56
0,0,0,0,0,0,0,601018888,56
0,0,0,0,0,0,0,601019398,56
0,0,0,0,0,0,0,601019908,56
0,0,0,0,0,0,0,601020419,56
0,0,0,0,0,0,0,601020929,56
0,0,0,0,0,0,0,601021445,56
0,0,0,0,0,0,0,601021956,56
0,0,0,0,0,0,0,601022466,56
0,0,0,0,0,0,0,601022976,56
0,0,0,0,0,0,0,601023487,56
0,0,0,0,0,0,0,601023997,56
0,0,0,0,0,0,0,601024509,56
0,0,0,0,0,0,0,601025020,56
0,0,0,0,0,0,0,601025530,56
0,0,0,0,0,0,0,601026040,56
0,0,0,0,0,0,0,601026551,56
0,0,0,0,0,0,0,601027063,56
0,0,0,0,0,0,0,601027573,56
0,0,0,0,0,0,0,601028086,56
0,0,0,0,0,0,0,601028596,56
0,0,0,0,0,0,0,601029106,56
0,0,0,0,0,0,0,601029616,56
0,0,0,0,0,0,0,601030127,56
0,0,0,0,0,0,0,601030637,56
0,0,0,0,0,0,0,601031148,56
0,0,0,0,0,0,0,601031658,56
0,0,0,0,0,0,0,601032168,56
0,0,0,0,0,0,0,601032679,56
0,0,0,0,0,0,0,601033189,56
0,0,0,0,0,0,0,601033700,56
0,0,0,0,0,0,0,601034210,56
0,0,0,0,0,0,0,601034720,56
0,0,0,0,0,0,0,601035231,56
0,0,0,0,0,0,0,601035741,56
0,0,0,0,0,0,0,601036251,56
0,0,0,0,0,0,0,601036762,56
0,0,0,0,0,0,0,601037272,56
0,0,0,0,0,0,0,601037782,56
0,0,0,0,0,0,0,601038293,56
0,0,0,0,0,0,0,601038803,56
0,0,0,0,0,0,0,601039313,56
0,0,0,0,0,0,0,601039828,56
0,0,0,0,0,0,0,601040338,56
0,0,0,0,0,0,0,601040848,56
0,0,0,0,0,0,0,601041359,56
0,0,0,0,0,0,0,601041870,56
0,0,0,0,0,0,0,601042384,56
0,0,0,0,0,0,0,601042894,56
0,0,0,0,0,0,0,601043404,56
0,0,0,0,0,0,0,601043915,56
0,0,0,0,0,0,0,601044425,56
0,0,0,0,0,0,0,601044935,56
0,0,0,0,0,0,0,601045452,56
0,0,0,0,0,0,0,601045962,56
0,0,0,0,0,0,0,601046473,56
0,0,0,0,0,0,0,601046984,56
0,0,0,0,0,0,0,601047494,56
0,0,0,0,0,0,0,601048006,56
0,0,0,0,0,0,0,601048517,56
0,0,0,0,0,0,0,601049027,56
0,0,0,0,0,0,0,601049538,56
0,0,0,0,0,0,0,601050048,56
0,0,0,0,0,0,0,601050558,56
0,0,0,0,0,0,0,601051070,56
0,0,0,0,0,0,0,601051581,56
0,0,0,0,0,0,0,601052091,56
0,0,0,0,0,0,0,601052601,56
0,0,0,0,0,0,0,601053112,56
0,0,0,0,0,0,0,601053622,56
0,0,0,0,0,0,0,601054133,56
0,0,0,0,0,0,0,601054643,56
0,0,0,0,0,0,0,601055153,56
0,0,0,0,0,0,0,601055664,56
0,0,0,0,0,0,0,601056174,56
0,0,0,0,0,0,0,601056684,56
0,0,0,0,0,0,0,601057195,56
0,0,0,0,0,0,0,601057705,56
0,0,0,0,0,0,0,601058215,56
0,0,0,0,0,0,0,601058726,56
0,0,0,0,0,0,0,601059236,56
0,0,0,0,0,0,0,601059747,56
0,0,0,0,0,0,0,601060257,56
0,0,0,0,0,0,0,601060767,56
0,0,0,0,0,0,0,601061278,56
0,0,0,0,0,0,0,601061788,56
0,0,0,0,0,0,0,601062298,56
0,0,0,0,0,0,0,601062809,56
0,0,0,0,0,0,0,601063319,56
0,0,0,0,0,0,0,601063833,56
0,0,0,0,0,0,0,601064344,56
0,0,0,0,0,0,0,601064854,56
0,0,0,0,0,0,0,601065364,56
0,0,0,0,0,0,0,601065875,56
0,0,0,0,0,0,0,601066385,56
0,0,0,0,0,0,0,601066899,56
0,0,0,0,0,0,0,601067410,56
0,0,0,0,0,0,0,601067920,56
0,0,0,0,0,0,0,601068430,56
0,0,0,0,0,0,0,601068941,56
0,0,0,0,0,0,0,601069455,56
0,0,0,0,0,0,0,601069965,56
0,0,0,0,0,0,0,601070480,56
0,0,0,0,0,0,0,601070990,56
0,0,0,0,0,0,0,601071502,56
0,0,0,0,0,0,0,601072013,56
0,0,0,0,0,0,0,601072523,56
0,0,0,0,0,0,0,601073033,56
0,0,0,0,0,0,0,601073544,56
0,0,0,0,0,0,0,601074054,56
0,0,0,0,0,0,0,601074564,56
0,0,0,0,0,0,0,601075076,56
0,0,0,0,0,0,0,601075587,56
0,0,0,0,0,0,0,601076097,56
0,0,0,0,0,0,0,601076608,56
0,0,0,0,0,0,0,601077118,56
0,0,0,0,0,0,0,601077628,56
0,0,0,0,0,0,0,601078139,56
0,0,0,0,0,0,0,601078649,56
0,0,0,0,0,0,0,601079159,56
0,0,0,0,0,0,0,601079670,56
0,0,0,0,0,0,0,601310557,56
0,0,0,0,0,0,0,601311069,56
0,0,0,0,0,0,0,601311581,56
0,0,0,0,0,0,0,601312091,56
0,0,0,0,0,0,0,601312602,56
0,0,0,0,0,0,0,601313112,56
0,0,0,0,0,0,0,601313622,56
0,0,0,0,0,0,0,601314133,56
0,0,0,0,0,0,0,601314643,56
0,0,0,0,0,0,0,601315154,56
0,0,0,0,0,0,0,601315664,56
0,0,0,0,0,0,0,601316174,56
0,0,0,0,0,0,0,601316685,56
0,0,0,0,0,0,0,601317195,56
0,0,0,0,0,0,0,601317705,56
0,0,0,0,0,0,0,601318216,56
0,0,0,0,0,0,0,601318726,56
0,0,0,0,0,0,0,601319236,56
0,0,0,0,0,0,0,601319747,56
0,0,0,0,0,0,0,601320257,56
0,0,0,0,0,0,0,601320767,56
0,0,0,0,0,0,0,601321278,56
0,0,0,0,0,0,0,601321788,56
0,0,0,0,0,0,0,601322298,56
0,0,0,0,0,0,0,601322809,56
0,0,0,0,0,0,0,601323319,56
0,0,0,0,0,0,0,601323829,56
0,0,0,0,0,0,0,601324340,56
0,0,0,0,0,0,0,601324850,56
0,0,0,0,0,0,0,601325361,56
0,0,0,0,0,0,0,601325871,56
0,0,0,0,0,0,0,601326381,56
0,0,0,0,0,0,0,601326892,56
0,0,0,0,0,0,0,601327402,56
0,0,0,0,0,0,0,601327913,56
0,0,0,0,0,0,0,601328423,56
0,0,0,0,0,0,0,601328933,56
0,0,0,0,0,0,0,601329446,56
0,0,0,0,0,0,0,601329956,56
0,0,0,0,0,0,0,601330466,56
0,0,0,0,0,0,0,601330977,56
0,0,0,0,0,0,0,601331487,56
0,0,0,0,0,0,0,601332003,56
0,0,0,0,0,0,0,601332514,56
0,0,0,0,0,0,0,601333024,56
0,0,0,0,0,0,0,601333534,56
0,0,0,0,0,0,0,601334045,56
0,0,0,0,0,0,0,601334555,56
0,0,0,0,0,0,0,601335067,56
0,0,0,0,0,0,0,601335581,56
0,0,0,0,0,0,0,601336092,56
0,0,0,0,0,0,0,601336602,56
0,0,0,0,0,0,0,601337112,56
0,0,0,0,0,0,0,601337623,56
0,0,0,0,0,0,0,601338133,56
0,0,0,0,0,0,0,601338644,56
0,0,0,0,0,0,0,601339154,56
0,0,0,0,0,0,0,601339664,56
0,0,0,0,0,0,0,601340175,56
0,0,0,0,0,0,0,601340685,56
0,0,0,0,0,0,0,601341195,56
0,0,0,0,0,0,0,601341706,56
0,0,0,0,0,0,0,601342216,56
0,0,0,0,0,0,0,601342727,56
0,0,0,0,0,0,0,601343237,56
0,0,0,0,0,0,0,601343747,56
0,0,0,0,0,0,0,601344258,56
0,0,0,0,0,0,0,601344768,56
0,0,0,0,0,0,0,601345278,56
0,0,0,0,0,0,0,601345789,56
0,0,0,0,0,0,0,601346299,56
0,0,0,0,0,0,0,601346809,56
0,0,0,0,0,0,0,601347320,56
0,0,0,0,0,0,0,601347830,56
0,0,0,0,0,0,0,601348341,56
0,0,0,0,0,0,0,601348851,56
0,0,0,0,0,0,0,601349361,56
0,0,0,0,0,0,0,601349872,56
0,0,0,0,0,0,0,601350382,56
0,0,0,0,0,0,0,601350892,56
0,0,0,0,0,0,0,601351403,56
0,0,0,0,0,0,0,601351913,56
0,0,0,0,0,0,0,601352423,56
0,0,0,0,0,0,0,601352934,56
0,0,0,0,0,0,0,601353446,56
0,0,0,0,0,0,0,601353956,56
0,0,0,0,0,0,0,601354467,56
0,0,0,0,0,0,0,601354977,56
0,0,0,0,0,0,0,601355488,56
0,0,0,0,0,0,0,601355998,56
0,0,0,0,0,0,0,601356514,56
0,0,0,0,0,0,0,601357025,56
0,0,0,0,0,0,0,601357535,56
0,0,0,0,0,0,0,601358045,56
0,0,0,0,0,0,0,601358555,56
0,0,0,0,0,0,0,601359068,56
0,0,0,0,0,0,0,601359582,56
0,0,0,0,0,0,0,601360092,56
0,0,0,0,0,0,0,601360603,56
0,0,0,0,0,0,0,601361113,56
0,0,0,0,0,0,0,601361623,56
0,0,0,0,0,0,0,601362134,56
0,0,0,0,0,0,0,601362644,56
0,0,0,0,0,0,0,601363155,56
0,0,0,0,0,0,0,601363665,56
0,0,0,0,0,0,0,601364175,56
0,0,0,0,0,0,0,601364686,56
0,0,0,0,0,0,0,601365196,56
0,0,0,0,0,0,0,601365706,56
0,0,0,0,0,0,0,601366217,56
0,0,0,0,0,0,0,601366727,56
0,0,0,0,0,0,0,601367237,56
0,0,0,0,0,0,0,601367748,56
0,0,0,0,0,0,0,601368258,56
0,0,0,0,0,0,0,601368768,56
0,0,0,0,0,0,0,601369279,56
0,0,0,0,0,0,0,601369789,56
0,0,0,0,0,0,0,601370299,56
0,0,0,0,0,0,0,601370810,56
0,0,0,0,0,0,0,601371320,56
0,0,0,0,0,0,0,601371830,56
0,0,0,0,0,0,0,601372341,56
0,0,0,0,0,0,0,601372851,56
0,0,0,0,0,0,0,601373362,56
0,0,0,0,0,0,0,601373872,56
0,0,0,0,0,0,0,601374382,56
0,0,0,0,0,0,0,601374893,56
0,0,0,0,0,0,0,601375403,56
0,0,0,0,0,0,0,601375913,56
0,0,0,0,0,0,0,601376424,56
0,0,0,0,0,0,0,601376934,56
0,0,0,0,0,0,0,601377446,56
0,0,0,0,0,0,0,601377961,56
0,0,0,0,0,0,0,601378471,56
0,0,0,0,0,0,0,601607340,56
0,0,0,0,0,0,0,601607851,56
0,0,0,0,0,0,0,601608361,56
0,0,0,0,0,0,0,601608871,56
0,0,0,0,0,0,0,601609382,56
0,0,0,0,0,0,0,601609892,56
0,0,0,0,0,0,0,601610402,56
0,0,0,0,0,0,0,601610913,56
0,0,0,0,0,0,0,601611423,56
0,0,0,0,0,0,0,601611933,56
0,0,0,0,0,0,0,601612446,56
0,0,0,0,0,0,0,601612956,56
0,0,0,0,0,0,0,601613466,56
0,0,0,0,0,0,0,601613977,56
0,0,0,0,0,0,0,601614487,56
0,0,0,0,0,0,0,601614998,56
0,0,0,0,0,0,0,601615510,56
0,0,0,0,0,0,0,601616020,56
0,0,0,0,0,0,0,601616531,56
0,0,0,0,0,0,0,601617045,56
0,0,0,0,0,0,0,601617555,56
0,0,0,0,0,0,0,601618067,56
0,0,0,0,0,0,0,601618578,56
0,0,0,0,0,0,0,601619090,56
0,0,0,0,0,0,0,601619600,56
0,0,0,0,0,0,0,601620114,56
0,0,0,0,0,0,0,601620625,56
0,0,0,0,0,0,0,601621135,56
0,0,0,0,0,0,0,601621645,56
0,0,0,0,0,0,0,601622155,56
0,0,0,0,0,0,0,601622670,56
0,0,0,0,0,0,0,601623180,56
0,0,0,0,0,0,0,601623694,56
0,0,0,0,0,0,0,601624204,56
0,0,0,0,0,0,0,601624715,56
0,0,0,0,0,0,0,601625225,56
0,0,0,0,0,0,0,601625735,56
0,0,0,0,0,0,0,601626246,56
0,0,0,0,0,0,0,601626756,56
0,0,0,0,0,0,0,601627267,56
0,0,0,0,0,0,0,601627777,56
0,0,0,0,0,0,0,601628287,56
0,0,0,0,0,0,0,601628798,56
0,0,0,0,0,0,0,601629308,56
0,0,0,0,0,0,0,601629818,56
0,0,0,0,0,0,0,601630329,56
0,0,0,0,0,0,0,601630839,56
0,0,0,0,0,0,0,601631349,56
0,0,0,0,0,0,0,601631860,56
0,0,0,0,0,0,0,601632370,56
0,0,0,0,0,0,0,601632881,56
0,0,0,0,0,0,0,601633391,56
0,0,0,0,0,0,0,601633901,56
0,0,0,0,0,0,0,601634412,56
0,0,0,0,0,0,0,601634922,56
0,0,0,0,0,0,0,601635433,56
0,0,0,0,0,0,0,601635943,56
0,0,0,0,0,0,0,601636453,56
0,0,0,0,0,0,0,601636963,56
0,0,0,0,0,0,0,601637474,56
0,0,0,0,0,0,0,601637984,56
0,0,0,0,0,0,0,601638495,56
0,0,0,0,0,0,0,601639007,56
0,0,0,0,0,0,0,601639517,56
0,0,0,0,0,0,0,601640028,56
0,0,0,0,0,0,0,601640538,56
0,0,0,0,0,0,0,601641052,56
0,0,0,0,0,0,0,601641563,56
0,0,0,0,0,0,0,601642075,56
0,0,0,0,0,0,0,601642585,56
0,0,0,0,0,0,0,601643096,56
0,0,0,0,0,0,0,601643606,56
0,0,0,0,0,0,0,601644120,56
0,0,0,0,0,0,0,601644631,56
0,0,0,0,0,0,0,601645141,56
0,0,0,0,0,0,0,601645651,56
0,0,0,0,0,0,0,601646162,56
0,0,0,0,0,0,0,601646676,56
0,0,0,0,0,0,0,601647186,56
0,0,0,0,0,0,0,601647700,56
0,0,0,0,0,0,0,601648211,56
0,0,0,0,0,0,0,601648721,56
0,0,0,0,0,0,0,601649232,56
0,0,0,0,0,0,0,601649742,56
0,0,0,0,0,0,0,601650252,56
0,0,0,0,0,0,0,601650763,56
0,0,0,0,0,0,0,601651273,56
0,0,0,0,0,0,0,601651783,56
0,0,0,0,0,0,0,601652294,56
0,0,0,0,0,0,0,601652804,56
0,0,0,0,0,0,0,601653315,56
0,0,0,0,0,0,0,601653825,56
0,0,0,0,0,0,0,601654335,56
0,0,0,0,0,0,0,601654846,56
0,0,0,0,0,0,0,601655356,56
0,0,0,0,0,0,0,601655867,56
0,0,0,0,0,0,0,601656377,56
0,0,0,0,0,0,0,601656887,56
0,0,0,0,0,0,0,601657397,56
0,0,0,0,0,0,0,601657908,56
0,0,0,0,0,0,0,601658418,56
0,0,0,0,0,0,0,601658929,56
0,0,0,0,0,0,0,601659441,56
0,0,0,0,0,0,0,601659951,56
0,0,0,0,0,0,0,601660461,56
0,0,0,0,0,0,0,601660972,56
0,0,0,0,0,0,0,601661482,56
0,0,0,0,0,0,0,601661993,56
0,0,0,0,0,0,0,601662505,56
0,0,0,0,0,0,0,601663015,56
0,0,0,0,0,0,0,601663526,56
0,0,0,0,0,0,0,601664036,56
0,0,0,0,0,0,0,601664546,56
0,0,0,0,0,0,0,601665063,56
0,0,0,0,0,0,0,601665573,56
0,0,0,0,0,0,0,601666085,56
0,0,0,0,0,0,0,601666595,56
0,0,0,0,0,0,0,601667106,56
0,0,0,0,0,0,0,601667616,56
0,0,0,0,0,0,0,601668130,56
0,0,0,0,0,0,0,601668641,56
0,0,0,0,0,0,0,601669151,56
0,0,0,0,0,0,0,601669661,56
0,0,0,0,0,0,0,601670172,56
0,0,0,0,0,0,0,601670686,56
0,0,0,0,0,0,0,601671196,56
0,0,0,0,0,0,0,601671710,56
0,0,0,0,0,0,0,601672221,56
0,0,0,0,0,0,0,601672731,56
0,0,0,0,0,0,0,601673241,56
0,0,0,0,0,0,0,601673752,56
0,0,0,0,0,0,0,601674262,56
0,0,0,0,0,0,0,601674772,56
0,0,0,0,0,0,0,601675283,56
0,0,0,0,0,0,0,601675793,56
0,0,0,0,0,0,0,601914808,56
0,0,0,0,0,0,0,601915318,56
0,0,0,0,0,0,0,601915829,56
0,0,0,0,0,0,0,601916339,56
0,0,0,0,0,0,0,601916849,56
0,0,0,0,0,0,0,601917360,56
0,0,0,0,0,0,0,601917870,56
0,0,0,0,0,0,0,601918381,56
0,0,0,0,0,0,0,601918891,56
0,0,0,0,0,0,0,601919401,56
0,0,0,0,0,0,0,601919912,56
0,0,0,0,0,0,0,601920422,56
0,0,0,0,0,0,0,601920932,56
0,0,0,0,0,0,0,601921444,56
0,0,0,0,0,0,0,601921955,56
0,0,0,0,0,0,0,601922465,56
0,0,0,0,0,0,0,601922975,56
0,0,0,0,0,0,0,601923486,56
0,0,0,0,0,0,0,601923996,56
0,0,0,0,0,0,0,601924508,56
0,0,0,0,0,0,0,601925019,56
0,0,0,0,0,0,0,601925529,56
0,0,0,0,0,0,0,601926039,56
0,0,0,0,0,0,0,601926550,56
0,0,0,0,0,0,0,601927062,56
0,0,0,0,0,0,0,601927572,56
0,0,0,0,0,0,0,601928084,56
0,0,0,0,0,0,0,601928595,56
0,0,0,0,0,0,0,601929105,56
0,0,0,0,0,0,0,601929615,56
0,0,0,0,0,0,0,601930126,56
0,0,0,0,0,0,0,601930636,56
0,0,0,0,0,0,0,601931147,56
0,0,0,0,0,0,0,601931657,56
0,0,0,0,0,0,0,601932170,56
0,0,0,0,0,0,0,601932680,56
0,0,0,0,0,0,0,601933191,56
0,0,0,0,0,0,0,601933701,56
0,0,0,0,0,0,0,601934212,56
0,0,0,0,0,0,0,601934726,56
0,0,0,0,0,0,0,601935236,56
0,0,0,0,0,0,0,601935747,56
0,0,0,0,0,0,0,601936257,56
0,0,0,0,0,0,0,601936767,56
0,0,0,0,0,0,0,601937277,56
0,0,0,0,0,0,0,601937792,56
0,0,0,0,0,0,0,601938302,56
0,0,0,0,0,0,0,601938815,56
0,0,0,0,0,0,0,601939325,56
0,0,0,0,0,0,0,601939835,56
0,0,0,0,0,0,0,601940346,56
0,0,0,0,0,0,0,601940856,56
0,0,0,0,0,0,0,601941366,56
0,0,0,0,0,0,0,601941877,56
0,0,0,0,0,0,0,601942387,56
0,0,0,0,0,0,0,601942897,56
0,0,0,0,0,0,0,601943408,56
0,0,0,0,0,0,0,601943918,56
0,0,0,0,0,0,0,601944428,56
0,0,0,0,0,0,0,601944939,56
0,0,0,0,0,0,0,601945449,56
0,0,0,0,0,0,0,601945959,56
0,0,0,0,0,0,0,601946470,56
0,0,0,0,0,0,0,601946980,56
0,0,0,0,0,0,0,601947491,56
0,0,0,0,0,0,0,601948003,56
0,0,0,0,0,0,0,601948513,56
0,0,0,0,0,0,0,601949023,56
0,0,0,0,0,0,0,601949534,56
0,0,0,0,0,0,0,601950044,56
0,0,0,0,0,0,0,601950554,56
0,0,0,0,0,0,0,601951066,56
0,0,0,0,0,0,0,601951577,56
0,0,0,0,0,0,0,601952089,56
0,0,0,0,0,0,0,601952599,56
0,0,0,0,0,0,0,601953109,56
0,0,0,0,0,0,0,601953620,56
0,0,0,0,0,0,0,601954130,56
0,0,0,0,0,0,0,601954640,56
0,0,0,0,0,0,0,601955151,56
0,0,0,0,0,0,0,601955661,56
0,0,0,0,0,0,0,601956176,56
0,0,0,0,0,0,0,601956686,56
0,0,0,0,0,0,0,601957196,56
0,0,0,0,0,0,0,601957707,56
0,0,0,0,0,0,0,601958217,56
0,0,0,0,0,0,0,601958727,56
0,0,0,0,0,0,0,601959242,56
0,0,0,0,0,0,0,601959752,56
0,0,0,0,0,0,0,601960262,56
0,0,0,0,0,0,0,601960773,56
0,0,0,0,0,0,0,601961283,56
0,0,0,0,0,0,0,601961797,56
0,0,0,0,0,0,0,601962307,56
0,0,0,0,0,0,0,601962821,56
0,0,0,0,0,0,0,601963332,56
0,0,0,0,0,0,0,601963842,56
0,0,0,0,0,0,0,601964353,56
0,0,0,0,0,0,0,601964863,56
0,0,0,0,0,0,0,601965373,56
0,0,0,0,0,0,0,601965884,56
0,0,0,0,0,0,0,601966394,56
0,0,0,0,0,0,0,601966904,56
0,0,0,0,0,0,0,601967415,56
0,0,0,0,0,0,0,601967925,56
0,0,0,0,0,0,0,601968436,56
0,0,0,0,0,0,0,601968946,56
0,0,0,0,0,0,0,601969456,56
0,0,0,0,0,0,0,601969966,56
0,0,0,0,0,0,0,601970477,56
0,0,0,0,0,0,0,601970987,56
0,0,0,0,0,0,0,601971500,56
0,0,0,0,0,0,0,601972011,56
0,0,0,0,0,0,0,601972521,56
0,0,0,0,0,0,0,601973032,56
0,0,0,0,0,0,0,601973542,56
0,0,0,0,0,0,0,601974052,56
0,0,0,0,0,0,0,601974562,56
0,0,0,0,0,0,0,601975075,56
0,0,0,0,0,0,0,601975585,56
0,0,0,0,0,0,0,601976095,56
0,0,0,0,0,0,0,601976606,56
0,0,0,0,0,0,0,601977116,56
0,0,0,0,0,0,0,601977626,56
0,0,0,0,0,0,0,601978137,56
0,0,0,0,0,0,0,601978647,56
0,0,0,0,0,0,0,601979157,56
0,0,0,0,0,0,0,601979668,56
0,0,0,0,0,0,0,601980182,56
0,0,0,0,0,0,0,601980692,56
0,0,0,0,0,0,0,601981203,56
0,0,0,0,0,0,0,601981713,56
0,0,0,0,0,0,0,601982224,56
0,0,0,0,0,0,0,601982734,56
0,0,0,0,0,0,0,601983248,56
0,0,0,0,0,0,0,602205528,56
0,0,0,0,0,0,0,602206039,56
0,0,0,0,0,0,0,602206549,56
0,0,0,0,0,0,0,602207061,56
0,0,0,0,0,0,0,602207571,56
0,0,0,0,0,0,0,602208084,56
0,0,0,0,0,0,0,602208594,56
0,0,0,0,0,0,0,602209104,56
0,0,0,0,0,0,0,602209615,56
0,0,0,0,0,0,0,602210125,56
0,0,0,0,0,0,0,602210635,56
0,0,0,0,0,0,0,602211146,56
0,0,0,0,0,0,0,602211656,56
0,0,0,0,0,0,0,602212166,56
0,0,0,0,0,0,0,602212677,56
0,0,0,0,0,0,0,602213187,56
0,0,0,0,0,0,0,602213697,56
0,0,0,0,0,0,0,602214208,56
0,0,0,0,0,0,0,602214718,56
0,0,0,0,0,0,0,602215228,56
0,0,0,0,0,0,0,602215739,56
0,0,0,0,0,0,0,602216249,56
0,0,0,0,0,0,0,602216759,56
0,0,0,0,0,0,0,602217270,56
0,0,0,0,0,0,0,602217780,56
0,0,0,0,0,0,0,602218290,56
0,0,0,0,0,0,0,602218801,56
0,0,0,0,0,0,0,602219311,56
0,0,0,0,0,0,0,602219825,56
0,0,0,0,0,0,0,602220336,56
0,0,0,0,0,0,0,602220846,56
0,0,0,0,0,0,0,602221357,56
0,0,0,0,0,0,0,602221867,56
0,0,0,0,0,0,0,602222377,56
0,0,0,0,0,0,0,602222891,56
0,0,0,0,0,0,0,602223402,56
0,0,0,0,0,0,0,602223913,56
0,0,0,0,0,0,0,602224423,56
0,0,0,0,0,0,0,602224934,56
0,0,0,0,0,0,0,602225446,56
0,0,0,0,0,0,0,602225957,56
0,0,0,0,0,0,0,602226467,56
0,0,0,0,0,0,0,602226977,56
0,0,0,0,0,0,0,602227488,56
0,0,0,0,0,0,0,602227998,56
0,0,0,0,0,0,0,602228510,56
0,0,0,0,0,0,0,602229021,56
0,0,0,0,0,0,0,602229531,56
0,0,0,0,0,0,0,602230041,56
0,0,0,0,0,0,0,602230552,56
0,0,0,0,0,0,0,602231064,56
0,0,0,0,0,0,0,602231574,56
0,0,0,0,0,0,0,602232086,56
0,0,0,0,0,0,0,602232597,56
0,0,0,0,0,0,0,602233107,56
0,0,0,0,0,0,0,602233617,56
0,0,0,0,0,0,0,602234128,56
0,0,0,0,0,0,0,602234638,56
0,0,0,0,0,0,0,602235149,56
0,0,0,0,0,0,0,602235659,56
0,0,0,0,0,0,0,602236169,56
0,0,0,0,0,0,0,602236680,56
0,0,0,0,0,0,0,602237190,56
0,0,0,0,0,0,0,602237700,56
0,0,0,0,0,0,0,602238211,56
0,0,0,0,0,0,0,602238721,56
0,0,0,0,0,0,0,602239231,56
0,0,0,0,0,0,0,602239742,56
0,0,0,0,0,0,0,602240252,56
0,0,0,0,0,0,0,602240762,56
0,0,0,0,0,0,0,602241276,56
0,0,0,0,0,0,0,602241787,56
0,0,0,0,0,0,0,602242297,56
0,0,0,0,0,0,0,602242807,56
0,0,0,0,0,0,0,602243318,56
0,0,0,0,0,0,0,602243832,56
0,0,0,0,0,0,0,602244343,56
0,0,0,0,0,0,0,602244853,56
0,0,0,0,0,0,0,602245363,56
0,0,0,0,0,0,0,602245874,56
0,0,0,0,0,0,0,602246384,56
0,0,0,0,0,0,0,602246898,56
0,0,0,0,0,0,0,602247409,56
0,0,0,0,0,0,0,602247921,56
0,0,0,0,0,0,0,602248431,56
0,0,0,0,0,0,0,602248942,56
0,0,0,0,0,0,0,602249452,56
0,0,0,0,0,0,0,602249962,56
0,0,0,0,0,0,0,602250473,56
0,0,0,0,0,0,0,602250983,56
0,0,0,0,0,0,0,602251494,56
0,0,0,0,0,0,0,602252006,56
0,0,0,0,0,0,0,602252516,56
0,0,0,0,0,0,0,602253026,56
0,0,0,0,0,0,0,602253537,56
0,0,0,0,0,0,0,602254047,56
0,0,0,0,0,0,0,602254557,56
0,0,0,0,0,0,0,602255069,56
0,0,0,0,0,0,0,602255580,56
0,0,0,0,0,0,0,602256091,56
0,0,0,0,0,0,0,602256601,56
0,0,0,0,0,0,0,602257111,56
0,0,0,0,0,0,0,602257622,56
0,0,0,0,0,0,0,602258132,56
0,0,0,0,0,0,0,602258642,56
0,0,0,0,0,0,0,602259153,56
0,0,0,0,0,0,0,602259663,56
0,0,0,0,0,0,0,602260173,56
0,0,0,0,0,0,0,602260684,56
0,0,0,0,0,0,0,602261194,56
0,0,0,0,0,0,0,602261704,56
0,0,0,0,0,0,0,602262215,56
0,0,0,0,0,0,0,602262725,56
0,0,0,0,0,0,0,602263235,56
0,0,0,0,0,0,0,602263746,56
0,0,0,0,0,0,0,602264256,56
0,0,0,0,0,0,0,602264766,56
0,0,0,0,0,0,0,602265281,56
